22:33:55:093-[SCH][NEW] 입고 작업 9001 접수 : 입고대 102 → HS 115 → S/C #901 (LOC:0100101)
22:33:55:201-[SCH][NEW] 출고 작업 9002 접수 : S/C #902 (LOC:0300502) → HS 124 → 출고대 105
22:33:55:310-[SCH][CV] CV TRACK:102 작업:9001(TYP:1) → CV 명령 발행 (DEST:115)
22:33:55:418-[SCH][CV] CV TRACK:102 발행 실패: 명령에 할당된 연결이 보류 중인 로컬 트랜잭션에 연결되어 있는 경우 ExecuteNonQuery을(를) 사용하려면 트랜잭션이 있어야 합니다. 명령의 Transaction 속성이 초기화되지 않았습니다.
22:33:55:528-[SCH][SC] S/C #902 작업:9002(TYP:2) → 이송 명령 발행 (From:902/0300502 To:105/)
22:33:55:637-[SCH][SC] S/C #902 발행 실패: 명령에 할당된 연결이 보류 중인 로컬 트랜잭션에 연결되어 있는 경우 ExecuteNonQuery을(를) 사용하려면 트랜잭션이 있어야 합니다. 명령의 Transaction 속성이 초기화되지 않았습니다.
22:33:55:745-[SCH][CV] CV TRACK:102 작업:9001(TYP:1) → CV 명령 발행 (DEST:115)
22:33:55:855-[SCH][CV] CV TRACK:102 발행 실패: 명령에 할당된 연결이 보류 중인 로컬 트랜잭션에 연결되어 있는 경우 ExecuteNonQuery을(를) 사용하려면 트랜잭션이 있어야 합니다. 명령의 Transaction 속성이 초기화되지 않았습니다.
22:33:55:980-[SCH][SC] S/C #902 작업:9002(TYP:2) → 이송 명령 발행 (From:902/0300502 To:105/)
22:33:56:090-[SCH][SC] S/C #902 발행 실패: 명령에 할당된 연결이 보류 중인 로컬 트랜잭션에 연결되어 있는 경우 ExecuteNonQuery을(를) 사용하려면 트랜잭션이 있어야 합니다. 명령의 Transaction 속성이 초기화되지 않았습니다.
22:33:56:200-[SCH][CV] CV TRACK:102 작업:9001(TYP:1) → CV 명령 발행 (DEST:115)
22:33:56:310-[SCH][CV] CV TRACK:102 발행 실패: 명령에 할당된 연결이 보류 중인 로컬 트랜잭션에 연결되어 있는 경우 ExecuteNonQuery을(를) 사용하려면 트랜잭션이 있어야 합니다. 명령의 Transaction 속성이 초기화되지 않았습니다.
22:33:56:418-[SCH][SC] S/C #902 작업:9002(TYP:2) → 이송 명령 발행 (From:902/0300502 To:105/)
22:33:56:527-[SCH][SC] S/C #902 발행 실패: 명령에 할당된 연결이 보류 중인 로컬 트랜잭션에 연결되어 있는 경우 ExecuteNonQuery을(를) 사용하려면 트랜잭션이 있어야 합니다. 명령의 Transaction 속성이 초기화되지 않았습니다.
22:33:56:636-[SCH][CV] CV TRACK:102 작업:9001(TYP:1) → CV 명령 발행 (DEST:115)
22:33:56:743-[SCH][CV] CV TRACK:102 발행 실패: 명령에 할당된 연결이 보류 중인 로컬 트랜잭션에 연결되어 있는 경우 ExecuteNonQuery을(를) 사용하려면 트랜잭션이 있어야 합니다. 명령의 Transaction 속성이 초기화되지 않았습니다.
22:33:56:851-[SCH][SC] S/C #902 작업:9002(TYP:2) → 이송 명령 발행 (From:902/0300502 To:105/)
22:33:56:959-[SCH][SC] S/C #902 발행 실패: 명령에 할당된 연결이 보류 중인 로컬 트랜잭션에 연결되어 있는 경우 ExecuteNonQuery을(를) 사용하려면 트랜잭션이 있어야 합니다. 명령의 Transaction 속성이 초기화되지 않았습니다.
22:33:57:069-[SCH][CV] CV TRACK:102 작업:9001(TYP:1) → CV 명령 발행 (DEST:115)
22:33:57:180-[SCH][CV] CV TRACK:102 발행 실패: 명령에 할당된 연결이 보류 중인 로컬 트랜잭션에 연결되어 있는 경우 ExecuteNonQuery을(를) 사용하려면 트랜잭션이 있어야 합니다. 명령의 Transaction 속성이 초기화되지 않았습니다.
22:33:57:290-[SCH][SC] S/C #902 작업:9002(TYP:2) → 이송 명령 발행 (From:902/0300502 To:105/)
22:33:57:397-[SCH][SC] S/C #902 발행 실패: 명령에 할당된 연결이 보류 중인 로컬 트랜잭션에 연결되어 있는 경우 ExecuteNonQuery을(를) 사용하려면 트랜잭션이 있어야 합니다. 명령의 Transaction 속성이 초기화되지 않았습니다.
22:33:57:508-[SCH][CV] CV TRACK:102 작업:9001(TYP:1) → CV 명령 발행 (DEST:115)
22:33:57:618-[SCH][CV] CV TRACK:102 발행 실패: 명령에 할당된 연결이 보류 중인 로컬 트랜잭션에 연결되어 있는 경우 ExecuteNonQuery을(를) 사용하려면 트랜잭션이 있어야 합니다. 명령의 Transaction 속성이 초기화되지 않았습니다.
22:33:57:727-[SCH][SC] S/C #902 작업:9002(TYP:2) → 이송 명령 발행 (From:902/0300502 To:105/)
22:33:57:834-[SCH][SC] S/C #902 발행 실패: 명령에 할당된 연결이 보류 중인 로컬 트랜잭션에 연결되어 있는 경우 ExecuteNonQuery을(를) 사용하려면 트랜잭션이 있어야 합니다. 명령의 Transaction 속성이 초기화되지 않았습니다.
22:33:57:946-[SCH][CV] CV TRACK:102 작업:9001(TYP:1) → CV 명령 발행 (DEST:115)
22:33:58:054-[SCH][CV] CV TRACK:102 발행 실패: 명령에 할당된 연결이 보류 중인 로컬 트랜잭션에 연결되어 있는 경우 ExecuteNonQuery을(를) 사용하려면 트랜잭션이 있어야 합니다. 명령의 Transaction 속성이 초기화되지 않았습니다.
22:33:58:164-[SCH][SC] S/C #902 작업:9002(TYP:2) → 이송 명령 발행 (From:902/0300502 To:105/)
22:33:58:271-[SCH][SC] S/C #902 발행 실패: 명령에 할당된 연결이 보류 중인 로컬 트랜잭션에 연결되어 있는 경우 ExecuteNonQuery을(를) 사용하려면 트랜잭션이 있어야 합니다. 명령의 Transaction 속성이 초기화되지 않았습니다.
22:33:58:381-[SCH][CV] CV TRACK:102 작업:9001(TYP:1) → CV 명령 발행 (DEST:115)
22:33:58:490-[SCH][CV] CV TRACK:102 발행 실패: 명령에 할당된 연결이 보류 중인 로컬 트랜잭션에 연결되어 있는 경우 ExecuteNonQuery을(를) 사용하려면 트랜잭션이 있어야 합니다. 명령의 Transaction 속성이 초기화되지 않았습니다.
22:33:58:601-[SCH][SC] S/C #902 작업:9002(TYP:2) → 이송 명령 발행 (From:902/0300502 To:105/)
22:33:58:709-[SCH][SC] S/C #902 발행 실패: 명령에 할당된 연결이 보류 중인 로컬 트랜잭션에 연결되어 있는 경우 ExecuteNonQuery을(를) 사용하려면 트랜잭션이 있어야 합니다. 명령의 Transaction 속성이 초기화되지 않았습니다.
22:33:58:818-[SCH][CV] CV TRACK:102 작업:9001(TYP:1) → CV 명령 발행 (DEST:115)
22:33:58:928-[SCH][CV] CV TRACK:102 발행 실패: 명령에 할당된 연결이 보류 중인 로컬 트랜잭션에 연결되어 있는 경우 ExecuteNonQuery을(를) 사용하려면 트랜잭션이 있어야 합니다. 명령의 Transaction 속성이 초기화되지 않았습니다.
22:33:59:039-[SCH][SC] S/C #902 작업:9002(TYP:2) → 이송 명령 발행 (From:902/0300502 To:105/)
22:33:59:146-[SCH][SC] S/C #902 발행 실패: 명령에 할당된 연결이 보류 중인 로컬 트랜잭션에 연결되어 있는 경우 ExecuteNonQuery을(를) 사용하려면 트랜잭션이 있어야 합니다. 명령의 Transaction 속성이 초기화되지 않았습니다.
22:33:59:253-[SCH][CV] CV TRACK:102 작업:9001(TYP:1) → CV 명령 발행 (DEST:115)
22:33:59:365-[SCH][CV] CV TRACK:102 발행 실패: 명령에 할당된 연결이 보류 중인 로컬 트랜잭션에 연결되어 있는 경우 ExecuteNonQuery을(를) 사용하려면 트랜잭션이 있어야 합니다. 명령의 Transaction 속성이 초기화되지 않았습니다.
22:33:59:473-[SCH][SC] S/C #902 작업:9002(TYP:2) → 이송 명령 발행 (From:902/0300502 To:105/)
22:33:59:584-[SCH][SC] S/C #902 발행 실패: 명령에 할당된 연결이 보류 중인 로컬 트랜잭션에 연결되어 있는 경우 ExecuteNonQuery을(를) 사용하려면 트랜잭션이 있어야 합니다. 명령의 Transaction 속성이 초기화되지 않았습니다.
22:33:59:692-[SCH][CV] CV TRACK:102 작업:9001(TYP:1) → CV 명령 발행 (DEST:115)
22:33:59:802-[SCH][CV] CV TRACK:102 발행 실패: 명령에 할당된 연결이 보류 중인 로컬 트랜잭션에 연결되어 있는 경우 ExecuteNonQuery을(를) 사용하려면 트랜잭션이 있어야 합니다. 명령의 Transaction 속성이 초기화되지 않았습니다.
22:33:59:909-[SCH][SC] S/C #902 작업:9002(TYP:2) → 이송 명령 발행 (From:902/0300502 To:105/)
22:34:00:019-[SCH][SC] S/C #902 발행 실패: 명령에 할당된 연결이 보류 중인 로컬 트랜잭션에 연결되어 있는 경우 ExecuteNonQuery을(를) 사용하려면 트랜잭션이 있어야 합니다. 명령의 Transaction 속성이 초기화되지 않았습니다.
22:34:00:127-[SCH][CV] CV TRACK:102 작업:9001(TYP:1) → CV 명령 발행 (DEST:115)
22:34:00:231-[SCH][CV] CV TRACK:102 발행 실패: 명령에 할당된 연결이 보류 중인 로컬 트랜잭션에 연결되어 있는 경우 ExecuteNonQuery을(를) 사용하려면 트랜잭션이 있어야 합니다. 명령의 Transaction 속성이 초기화되지 않았습니다.
22:34:00:338-[SCH][SC] S/C #902 작업:9002(TYP:2) → 이송 명령 발행 (From:902/0300502 To:105/)
22:34:00:446-[SCH][SC] S/C #902 발행 실패: 명령에 할당된 연결이 보류 중인 로컬 트랜잭션에 연결되어 있는 경우 ExecuteNonQuery을(를) 사용하려면 트랜잭션이 있어야 합니다. 명령의 Transaction 속성이 초기화되지 않았습니다.
22:34:00:556-[SCH][CV] CV TRACK:102 작업:9001(TYP:1) → CV 명령 발행 (DEST:115)
22:34:00:664-[SCH][CV] CV TRACK:102 발행 실패: 명령에 할당된 연결이 보류 중인 로컬 트랜잭션에 연결되어 있는 경우 ExecuteNonQuery을(를) 사용하려면 트랜잭션이 있어야 합니다. 명령의 Transaction 속성이 초기화되지 않았습니다.
22:34:00:771-[SCH][SC] S/C #902 작업:9002(TYP:2) → 이송 명령 발행 (From:902/0300502 To:105/)
22:34:00:878-[SCH][SC] S/C #902 발행 실패: 명령에 할당된 연결이 보류 중인 로컬 트랜잭션에 연결되어 있는 경우 ExecuteNonQuery을(를) 사용하려면 트랜잭션이 있어야 합니다. 명령의 Transaction 속성이 초기화되지 않았습니다.
22:34:00:988-[SCH][CV] CV TRACK:102 작업:9001(TYP:1) → CV 명령 발행 (DEST:115)
22:34:01:095-[SCH][CV] CV TRACK:102 발행 실패: 명령에 할당된 연결이 보류 중인 로컬 트랜잭션에 연결되어 있는 경우 ExecuteNonQuery을(를) 사용하려면 트랜잭션이 있어야 합니다. 명령의 Transaction 속성이 초기화되지 않았습니다.
22:34:01:202-[SCH][SC] S/C #902 작업:9002(TYP:2) → 이송 명령 발행 (From:902/0300502 To:105/)
22:34:01:308-[SCH][SC] S/C #902 발행 실패: 명령에 할당된 연결이 보류 중인 로컬 트랜잭션에 연결되어 있는 경우 ExecuteNonQuery을(를) 사용하려면 트랜잭션이 있어야 합니다. 명령의 Transaction 속성이 초기화되지 않았습니다.
22:34:01:418-[SCH][CV] CV TRACK:102 작업:9001(TYP:1) → CV 명령 발행 (DEST:115)
22:34:01:529-[SCH][CV] CV TRACK:102 발행 실패: 명령에 할당된 연결이 보류 중인 로컬 트랜잭션에 연결되어 있는 경우 ExecuteNonQuery을(를) 사용하려면 트랜잭션이 있어야 합니다. 명령의 Transaction 속성이 초기화되지 않았습니다.
22:34:01:638-[SCH][SC] S/C #902 작업:9002(TYP:2) → 이송 명령 발행 (From:902/0300502 To:105/)
22:34:01:747-[SCH][SC] S/C #902 발행 실패: 명령에 할당된 연결이 보류 중인 로컬 트랜잭션에 연결되어 있는 경우 ExecuteNonQuery을(를) 사용하려면 트랜잭션이 있어야 합니다. 명령의 Transaction 속성이 초기화되지 않았습니다.
22:34:01:856-[SCH][CV] CV TRACK:102 작업:9001(TYP:1) → CV 명령 발행 (DEST:115)
22:34:01:964-[SCH][CV] CV TRACK:102 발행 실패: 명령에 할당된 연결이 보류 중인 로컬 트랜잭션에 연결되어 있는 경우 ExecuteNonQuery을(를) 사용하려면 트랜잭션이 있어야 합니다. 명령의 Transaction 속성이 초기화되지 않았습니다.
22:34:02:072-[SCH][SC] S/C #902 작업:9002(TYP:2) → 이송 명령 발행 (From:902/0300502 To:105/)
22:34:02:182-[SCH][SC] S/C #902 발행 실패: 명령에 할당된 연결이 보류 중인 로컬 트랜잭션에 연결되어 있는 경우 ExecuteNonQuery을(를) 사용하려면 트랜잭션이 있어야 합니다. 명령의 Transaction 속성이 초기화되지 않았습니다.
22:34:02:289-[SCH][CV] CV TRACK:102 작업:9001(TYP:1) → CV 명령 발행 (DEST:115)
22:34:02:398-[SCH][CV] CV TRACK:102 발행 실패: 명령에 할당된 연결이 보류 중인 로컬 트랜잭션에 연결되어 있는 경우 ExecuteNonQuery을(를) 사용하려면 트랜잭션이 있어야 합니다. 명령의 Transaction 속성이 초기화되지 않았습니다.
22:34:02:506-[SCH][SC] S/C #902 작업:9002(TYP:2) → 이송 명령 발행 (From:902/0300502 To:105/)
22:34:02:615-[SCH][SC] S/C #902 발행 실패: 명령에 할당된 연결이 보류 중인 로컬 트랜잭션에 연결되어 있는 경우 ExecuteNonQuery을(를) 사용하려면 트랜잭션이 있어야 합니다. 명령의 Transaction 속성이 초기화되지 않았습니다.
22:34:02:724-[SCH][CV] CV TRACK:102 작업:9001(TYP:1) → CV 명령 발행 (DEST:115)
22:34:02:836-[SCH][CV] CV TRACK:102 발행 실패: 명령에 할당된 연결이 보류 중인 로컬 트랜잭션에 연결되어 있는 경우 ExecuteNonQuery을(를) 사용하려면 트랜잭션이 있어야 합니다. 명령의 Transaction 속성이 초기화되지 않았습니다.
22:34:02:943-[SCH][SC] S/C #902 작업:9002(TYP:2) → 이송 명령 발행 (From:902/0300502 To:105/)
22:34:03:051-[SCH][SC] S/C #902 발행 실패: 명령에 할당된 연결이 보류 중인 로컬 트랜잭션에 연결되어 있는 경우 ExecuteNonQuery을(를) 사용하려면 트랜잭션이 있어야 합니다. 명령의 Transaction 속성이 초기화되지 않았습니다.
22:34:03:160-[SCH][CV] CV TRACK:102 작업:9001(TYP:1) → CV 명령 발행 (DEST:115)
22:34:03:269-[SCH][CV] CV TRACK:102 발행 실패: 명령에 할당된 연결이 보류 중인 로컬 트랜잭션에 연결되어 있는 경우 ExecuteNonQuery을(를) 사용하려면 트랜잭션이 있어야 합니다. 명령의 Transaction 속성이 초기화되지 않았습니다.
22:34:03:378-[SCH][SC] S/C #902 작업:9002(TYP:2) → 이송 명령 발행 (From:902/0300502 To:105/)
22:34:03:485-[SCH][SC] S/C #902 발행 실패: 명령에 할당된 연결이 보류 중인 로컬 트랜잭션에 연결되어 있는 경우 ExecuteNonQuery을(를) 사용하려면 트랜잭션이 있어야 합니다. 명령의 Transaction 속성이 초기화되지 않았습니다.
22:34:03:595-[SCH][CV] CV TRACK:102 작업:9001(TYP:1) → CV 명령 발행 (DEST:115)
22:34:03:703-[SCH][CV] CV TRACK:102 발행 실패: 명령에 할당된 연결이 보류 중인 로컬 트랜잭션에 연결되어 있는 경우 ExecuteNonQuery을(를) 사용하려면 트랜잭션이 있어야 합니다. 명령의 Transaction 속성이 초기화되지 않았습니다.
22:34:03:816-[SCH][SC] S/C #902 작업:9002(TYP:2) → 이송 명령 발행 (From:902/0300502 To:105/)
22:34:03:922-[SCH][SC] S/C #902 발행 실패: 명령에 할당된 연결이 보류 중인 로컬 트랜잭션에 연결되어 있는 경우 ExecuteNonQuery을(를) 사용하려면 트랜잭션이 있어야 합니다. 명령의 Transaction 속성이 초기화되지 않았습니다.
22:34:04:031-[SCH][CV] CV TRACK:102 작업:9001(TYP:1) → CV 명령 발행 (DEST:115)
22:34:04:142-[SCH][CV] CV TRACK:102 발행 실패: 명령에 할당된 연결이 보류 중인 로컬 트랜잭션에 연결되어 있는 경우 ExecuteNonQuery을(를) 사용하려면 트랜잭션이 있어야 합니다. 명령의 Transaction 속성이 초기화되지 않았습니다.
22:34:04:252-[SCH][SC] S/C #902 작업:9002(TYP:2) → 이송 명령 발행 (From:902/0300502 To:105/)
22:34:04:360-[SCH][SC] S/C #902 발행 실패: 명령에 할당된 연결이 보류 중인 로컬 트랜잭션에 연결되어 있는 경우 ExecuteNonQuery을(를) 사용하려면 트랜잭션이 있어야 합니다. 명령의 Transaction 속성이 초기화되지 않았습니다.
22:34:04:468-[SCH][CV] CV TRACK:102 작업:9001(TYP:1) → CV 명령 발행 (DEST:115)
22:34:04:578-[SCH][CV] CV TRACK:102 발행 실패: 명령에 할당된 연결이 보류 중인 로컬 트랜잭션에 연결되어 있는 경우 ExecuteNonQuery을(를) 사용하려면 트랜잭션이 있어야 합니다. 명령의 Transaction 속성이 초기화되지 않았습니다.
22:34:04:687-[SCH][SC] S/C #902 작업:9002(TYP:2) → 이송 명령 발행 (From:902/0300502 To:105/)
22:34:04:798-[SCH][SC] S/C #902 발행 실패: 명령에 할당된 연결이 보류 중인 로컬 트랜잭션에 연결되어 있는 경우 ExecuteNonQuery을(를) 사용하려면 트랜잭션이 있어야 합니다. 명령의 Transaction 속성이 초기화되지 않았습니다.
22:34:04:905-[SCH][CV] CV TRACK:102 작업:9001(TYP:1) → CV 명령 발행 (DEST:115)
22:34:05:013-[SCH][CV] CV TRACK:102 발행 실패: 명령에 할당된 연결이 보류 중인 로컬 트랜잭션에 연결되어 있는 경우 ExecuteNonQuery을(를) 사용하려면 트랜잭션이 있어야 합니다. 명령의 Transaction 속성이 초기화되지 않았습니다.
22:34:05:122-[SCH][SC] S/C #902 작업:9002(TYP:2) → 이송 명령 발행 (From:902/0300502 To:105/)
22:34:05:233-[SCH][SC] S/C #902 발행 실패: 명령에 할당된 연결이 보류 중인 로컬 트랜잭션에 연결되어 있는 경우 ExecuteNonQuery을(를) 사용하려면 트랜잭션이 있어야 합니다. 명령의 Transaction 속성이 초기화되지 않았습니다.
22:34:05:339-[SCH][CV] CV TRACK:102 작업:9001(TYP:1) → CV 명령 발행 (DEST:115)
22:34:05:448-[SCH][CV] CV TRACK:102 발행 실패: 명령에 할당된 연결이 보류 중인 로컬 트랜잭션에 연결되어 있는 경우 ExecuteNonQuery을(를) 사용하려면 트랜잭션이 있어야 합니다. 명령의 Transaction 속성이 초기화되지 않았습니다.
22:34:05:557-[SCH][SC] S/C #902 작업:9002(TYP:2) → 이송 명령 발행 (From:902/0300502 To:105/)
22:34:05:668-[SCH][SC] S/C #902 발행 실패: 명령에 할당된 연결이 보류 중인 로컬 트랜잭션에 연결되어 있는 경우 ExecuteNonQuery을(를) 사용하려면 트랜잭션이 있어야 합니다. 명령의 Transaction 속성이 초기화되지 않았습니다.
22:34:05:775-[SCH][CV] CV TRACK:102 작업:9001(TYP:1) → CV 명령 발행 (DEST:115)
22:34:05:884-[SCH][CV] CV TRACK:102 발행 실패: 명령에 할당된 연결이 보류 중인 로컬 트랜잭션에 연결되어 있는 경우 ExecuteNonQuery을(를) 사용하려면 트랜잭션이 있어야 합니다. 명령의 Transaction 속성이 초기화되지 않았습니다.
22:34:05:996-[SCH][SC] S/C #902 작업:9002(TYP:2) → 이송 명령 발행 (From:902/0300502 To:105/)
22:34:06:108-[SCH][SC] S/C #902 발행 실패: 명령에 할당된 연결이 보류 중인 로컬 트랜잭션에 연결되어 있는 경우 ExecuteNonQuery을(를) 사용하려면 트랜잭션이 있어야 합니다. 명령의 Transaction 속성이 초기화되지 않았습니다.
22:34:06:218-[SCH][CV] CV TRACK:102 작업:9001(TYP:1) → CV 명령 발행 (DEST:115)
22:34:06:327-[SCH][CV] CV TRACK:102 발행 실패: 명령에 할당된 연결이 보류 중인 로컬 트랜잭션에 연결되어 있는 경우 ExecuteNonQuery을(를) 사용하려면 트랜잭션이 있어야 합니다. 명령의 Transaction 속성이 초기화되지 않았습니다.
22:34:06:437-[SCH][SC] S/C #902 작업:9002(TYP:2) → 이송 명령 발행 (From:902/0300502 To:105/)
22:34:06:547-[SCH][SC] S/C #902 발행 실패: 명령에 할당된 연결이 보류 중인 로컬 트랜잭션에 연결되어 있는 경우 ExecuteNonQuery을(를) 사용하려면 트랜잭션이 있어야 합니다. 명령의 Transaction 속성이 초기화되지 않았습니다.
22:34:06:657-[SCH][CV] CV TRACK:102 작업:9001(TYP:1) → CV 명령 발행 (DEST:115)
22:34:06:767-[SCH][CV] CV TRACK:102 발행 실패: 명령에 할당된 연결이 보류 중인 로컬 트랜잭션에 연결되어 있는 경우 ExecuteNonQuery을(를) 사용하려면 트랜잭션이 있어야 합니다. 명령의 Transaction 속성이 초기화되지 않았습니다.
22:34:06:876-[SCH][SC] S/C #902 작업:9002(TYP:2) → 이송 명령 발행 (From:902/0300502 To:105/)
22:34:06:987-[SCH][SC] S/C #902 발행 실패: 명령에 할당된 연결이 보류 중인 로컬 트랜잭션에 연결되어 있는 경우 ExecuteNonQuery을(를) 사용하려면 트랜잭션이 있어야 합니다. 명령의 Transaction 속성이 초기화되지 않았습니다.
22:34:07:097-[SCH][CV] CV TRACK:102 작업:9001(TYP:1) → CV 명령 발행 (DEST:115)
22:34:07:204-[SCH][CV] CV TRACK:102 발행 실패: 명령에 할당된 연결이 보류 중인 로컬 트랜잭션에 연결되어 있는 경우 ExecuteNonQuery을(를) 사용하려면 트랜잭션이 있어야 합니다. 명령의 Transaction 속성이 초기화되지 않았습니다.
22:34:07:314-[SCH][SC] S/C #902 작업:9002(TYP:2) → 이송 명령 발행 (From:902/0300502 To:105/)
22:34:07:425-[SCH][SC] S/C #902 발행 실패: 명령에 할당된 연결이 보류 중인 로컬 트랜잭션에 연결되어 있는 경우 ExecuteNonQuery을(를) 사용하려면 트랜잭션이 있어야 합니다. 명령의 Transaction 속성이 초기화되지 않았습니다.
22:34:07:537-[SCH][CV] CV TRACK:102 작업:9001(TYP:1) → CV 명령 발행 (DEST:115)
22:34:07:644-[SCH][CV] CV TRACK:102 발행 실패: 명령에 할당된 연결이 보류 중인 로컬 트랜잭션에 연결되어 있는 경우 ExecuteNonQuery을(를) 사용하려면 트랜잭션이 있어야 합니다. 명령의 Transaction 속성이 초기화되지 않았습니다.
22:34:07:753-[SCH][SC] S/C #902 작업:9002(TYP:2) → 이송 명령 발행 (From:902/0300502 To:105/)
22:34:07:863-[SCH][SC] S/C #902 발행 실패: 명령에 할당된 연결이 보류 중인 로컬 트랜잭션에 연결되어 있는 경우 ExecuteNonQuery을(를) 사용하려면 트랜잭션이 있어야 합니다. 명령의 Transaction 속성이 초기화되지 않았습니다.
22:34:07:971-[SCH][CV] CV TRACK:102 작업:9001(TYP:1) → CV 명령 발행 (DEST:115)
22:34:08:080-[SCH][CV] CV TRACK:102 발행 실패: 명령에 할당된 연결이 보류 중인 로컬 트랜잭션에 연결되어 있는 경우 ExecuteNonQuery을(를) 사용하려면 트랜잭션이 있어야 합니다. 명령의 Transaction 속성이 초기화되지 않았습니다.
22:34:08:187-[SCH][SC] S/C #902 작업:9002(TYP:2) → 이송 명령 발행 (From:902/0300502 To:105/)
22:34:08:297-[SCH][SC] S/C #902 발행 실패: 명령에 할당된 연결이 보류 중인 로컬 트랜잭션에 연결되어 있는 경우 ExecuteNonQuery을(를) 사용하려면 트랜잭션이 있어야 합니다. 명령의 Transaction 속성이 초기화되지 않았습니다.
22:34:08:408-[SCH][CV] CV TRACK:102 작업:9001(TYP:1) → CV 명령 발행 (DEST:115)
22:34:08:518-[SCH][CV] CV TRACK:102 발행 실패: 명령에 할당된 연결이 보류 중인 로컬 트랜잭션에 연결되어 있는 경우 ExecuteNonQuery을(를) 사용하려면 트랜잭션이 있어야 합니다. 명령의 Transaction 속성이 초기화되지 않았습니다.
22:34:08:626-[SCH][SC] S/C #902 작업:9002(TYP:2) → 이송 명령 발행 (From:902/0300502 To:105/)
22:34:08:733-[SCH][SC] S/C #902 발행 실패: 명령에 할당된 연결이 보류 중인 로컬 트랜잭션에 연결되어 있는 경우 ExecuteNonQuery을(를) 사용하려면 트랜잭션이 있어야 합니다. 명령의 Transaction 속성이 초기화되지 않았습니다.
22:34:08:842-[SCH][CV] CV TRACK:102 작업:9001(TYP:1) → CV 명령 발행 (DEST:115)
22:34:08:951-[SCH][CV] CV TRACK:102 발행 실패: 명령에 할당된 연결이 보류 중인 로컬 트랜잭션에 연결되어 있는 경우 ExecuteNonQuery을(를) 사용하려면 트랜잭션이 있어야 합니다. 명령의 Transaction 속성이 초기화되지 않았습니다.
22:34:09:059-[SCH][SC] S/C #902 작업:9002(TYP:2) → 이송 명령 발행 (From:902/0300502 To:105/)
22:34:09:169-[SCH][SC] S/C #902 발행 실패: 명령에 할당된 연결이 보류 중인 로컬 트랜잭션에 연결되어 있는 경우 ExecuteNonQuery을(를) 사용하려면 트랜잭션이 있어야 합니다. 명령의 Transaction 속성이 초기화되지 않았습니다.
22:34:09:280-[SCH][CV] CV TRACK:102 작업:9001(TYP:1) → CV 명령 발행 (DEST:115)
22:34:09:390-[SCH][CV] CV TRACK:102 발행 실패: 명령에 할당된 연결이 보류 중인 로컬 트랜잭션에 연결되어 있는 경우 ExecuteNonQuery을(를) 사용하려면 트랜잭션이 있어야 합니다. 명령의 Transaction 속성이 초기화되지 않았습니다.
22:34:09:499-[SCH][SC] S/C #902 작업:9002(TYP:2) → 이송 명령 발행 (From:902/0300502 To:105/)
22:34:09:607-[SCH][SC] S/C #902 발행 실패: 명령에 할당된 연결이 보류 중인 로컬 트랜잭션에 연결되어 있는 경우 ExecuteNonQuery을(를) 사용하려면 트랜잭션이 있어야 합니다. 명령의 Transaction 속성이 초기화되지 않았습니다.
22:34:09:715-[SCH][CV] CV TRACK:102 작업:9001(TYP:1) → CV 명령 발행 (DEST:115)
22:34:09:825-[SCH][CV] CV TRACK:102 발행 실패: 명령에 할당된 연결이 보류 중인 로컬 트랜잭션에 연결되어 있는 경우 ExecuteNonQuery을(를) 사용하려면 트랜잭션이 있어야 합니다. 명령의 Transaction 속성이 초기화되지 않았습니다.
22:34:09:936-[SCH][SC] S/C #902 작업:9002(TYP:2) → 이송 명령 발행 (From:902/0300502 To:105/)
22:34:10:044-[SCH][SC] S/C #902 발행 실패: 명령에 할당된 연결이 보류 중인 로컬 트랜잭션에 연결되어 있는 경우 ExecuteNonQuery을(를) 사용하려면 트랜잭션이 있어야 합니다. 명령의 Transaction 속성이 초기화되지 않았습니다.
22:34:10:152-[SCH][CV] CV TRACK:102 작업:9001(TYP:1) → CV 명령 발행 (DEST:115)
22:34:10:261-[SCH][CV] CV TRACK:102 발행 실패: 명령에 할당된 연결이 보류 중인 로컬 트랜잭션에 연결되어 있는 경우 ExecuteNonQuery을(를) 사용하려면 트랜잭션이 있어야 합니다. 명령의 Transaction 속성이 초기화되지 않았습니다.
22:34:10:372-[SCH][SC] S/C #902 작업:9002(TYP:2) → 이송 명령 발행 (From:902/0300502 To:105/)
22:34:10:479-[SCH][SC] S/C #902 발행 실패: 명령에 할당된 연결이 보류 중인 로컬 트랜잭션에 연결되어 있는 경우 ExecuteNonQuery을(를) 사용하려면 트랜잭션이 있어야 합니다. 명령의 Transaction 속성이 초기화되지 않았습니다.
22:34:10:588-[SCH][CV] CV TRACK:102 작업:9001(TYP:1) → CV 명령 발행 (DEST:115)
22:34:10:698-[SCH][CV] CV TRACK:102 발행 실패: 명령에 할당된 연결이 보류 중인 로컬 트랜잭션에 연결되어 있는 경우 ExecuteNonQuery을(를) 사용하려면 트랜잭션이 있어야 합니다. 명령의 Transaction 속성이 초기화되지 않았습니다.
22:34:10:808-[SCH][SC] S/C #902 작업:9002(TYP:2) → 이송 명령 발행 (From:902/0300502 To:105/)
22:34:10:917-[SCH][SC] S/C #902 발행 실패: 명령에 할당된 연결이 보류 중인 로컬 트랜잭션에 연결되어 있는 경우 ExecuteNonQuery을(를) 사용하려면 트랜잭션이 있어야 합니다. 명령의 Transaction 속성이 초기화되지 않았습니다.
22:34:11:025-[SCH][CV] CV TRACK:102 작업:9001(TYP:1) → CV 명령 발행 (DEST:115)
22:34:11:134-[SCH][CV] CV TRACK:102 발행 실패: 명령에 할당된 연결이 보류 중인 로컬 트랜잭션에 연결되어 있는 경우 ExecuteNonQuery을(를) 사용하려면 트랜잭션이 있어야 합니다. 명령의 Transaction 속성이 초기화되지 않았습니다.
22:34:11:242-[SCH][SC] S/C #902 작업:9002(TYP:2) → 이송 명령 발행 (From:902/0300502 To:105/)
22:34:11:350-[SCH][SC] S/C #902 발행 실패: 명령에 할당된 연결이 보류 중인 로컬 트랜잭션에 연결되어 있는 경우 ExecuteNonQuery을(를) 사용하려면 트랜잭션이 있어야 합니다. 명령의 Transaction 속성이 초기화되지 않았습니다.
22:34:11:459-[SCH][CV] CV TRACK:102 작업:9001(TYP:1) → CV 명령 발행 (DEST:115)
22:34:11:570-[SCH][CV] CV TRACK:102 발행 실패: 명령에 할당된 연결이 보류 중인 로컬 트랜잭션에 연결되어 있는 경우 ExecuteNonQuery을(를) 사용하려면 트랜잭션이 있어야 합니다. 명령의 Transaction 속성이 초기화되지 않았습니다.
22:34:11:679-[SCH][SC] S/C #902 작업:9002(TYP:2) → 이송 명령 발행 (From:902/0300502 To:105/)
22:34:11:788-[SCH][SC] S/C #902 발행 실패: 명령에 할당된 연결이 보류 중인 로컬 트랜잭션에 연결되어 있는 경우 ExecuteNonQuery을(를) 사용하려면 트랜잭션이 있어야 합니다. 명령의 Transaction 속성이 초기화되지 않았습니다.
22:34:11:898-[SCH][CV] CV TRACK:102 작업:9001(TYP:1) → CV 명령 발행 (DEST:115)
22:34:12:009-[SCH][CV] CV TRACK:102 발행 실패: 명령에 할당된 연결이 보류 중인 로컬 트랜잭션에 연결되어 있는 경우 ExecuteNonQuery을(를) 사용하려면 트랜잭션이 있어야 합니다. 명령의 Transaction 속성이 초기화되지 않았습니다.
22:34:12:119-[SCH][SC] S/C #902 작업:9002(TYP:2) → 이송 명령 발행 (From:902/0300502 To:105/)
22:34:12:226-[SCH][SC] S/C #902 발행 실패: 명령에 할당된 연결이 보류 중인 로컬 트랜잭션에 연결되어 있는 경우 ExecuteNonQuery을(를) 사용하려면 트랜잭션이 있어야 합니다. 명령의 Transaction 속성이 초기화되지 않았습니다.
22:34:12:335-[SCH][CV] CV TRACK:102 작업:9001(TYP:1) → CV 명령 발행 (DEST:115)
22:34:12:445-[SCH][CV] CV TRACK:102 발행 실패: 명령에 할당된 연결이 보류 중인 로컬 트랜잭션에 연결되어 있는 경우 ExecuteNonQuery을(를) 사용하려면 트랜잭션이 있어야 합니다. 명령의 Transaction 속성이 초기화되지 않았습니다.
22:34:12:556-[SCH][SC] S/C #902 작업:9002(TYP:2) → 이송 명령 발행 (From:902/0300502 To:105/)
22:34:12:663-[SCH][SC] S/C #902 발행 실패: 명령에 할당된 연결이 보류 중인 로컬 트랜잭션에 연결되어 있는 경우 ExecuteNonQuery을(를) 사용하려면 트랜잭션이 있어야 합니다. 명령의 Transaction 속성이 초기화되지 않았습니다.
22:34:12:773-[SCH][CV] CV TRACK:102 작업:9001(TYP:1) → CV 명령 발행 (DEST:115)
22:34:12:882-[SCH][CV] CV TRACK:102 발행 실패: 명령에 할당된 연결이 보류 중인 로컬 트랜잭션에 연결되어 있는 경우 ExecuteNonQuery을(를) 사용하려면 트랜잭션이 있어야 합니다. 명령의 Transaction 속성이 초기화되지 않았습니다.
22:34:12:992-[SCH][SC] S/C #902 작업:9002(TYP:2) → 이송 명령 발행 (From:902/0300502 To:105/)
22:34:13:102-[SCH][SC] S/C #902 발행 실패: 명령에 할당된 연결이 보류 중인 로컬 트랜잭션에 연결되어 있는 경우 ExecuteNonQuery을(를) 사용하려면 트랜잭션이 있어야 합니다. 명령의 Transaction 속성이 초기화되지 않았습니다.
22:34:13:209-[SCH][CV] CV TRACK:102 작업:9001(TYP:1) → CV 명령 발행 (DEST:115)
22:34:13:317-[SCH][CV] CV TRACK:102 발행 실패: 명령에 할당된 연결이 보류 중인 로컬 트랜잭션에 연결되어 있는 경우 ExecuteNonQuery을(를) 사용하려면 트랜잭션이 있어야 합니다. 명령의 Transaction 속성이 초기화되지 않았습니다.
22:34:13:428-[SCH][SC] S/C #902 작업:9002(TYP:2) → 이송 명령 발행 (From:902/0300502 To:105/)
22:34:13:537-[SCH][SC] S/C #902 발행 실패: 명령에 할당된 연결이 보류 중인 로컬 트랜잭션에 연결되어 있는 경우 ExecuteNonQuery을(를) 사용하려면 트랜잭션이 있어야 합니다. 명령의 Transaction 속성이 초기화되지 않았습니다.
22:34:13:645-[SCH][CV] CV TRACK:102 작업:9001(TYP:1) → CV 명령 발행 (DEST:115)
22:34:13:754-[SCH][CV] CV TRACK:102 발행 실패: 명령에 할당된 연결이 보류 중인 로컬 트랜잭션에 연결되어 있는 경우 ExecuteNonQuery을(를) 사용하려면 트랜잭션이 있어야 합니다. 명령의 Transaction 속성이 초기화되지 않았습니다.
22:34:13:864-[SCH][SC] S/C #902 작업:9002(TYP:2) → 이송 명령 발행 (From:902/0300502 To:105/)
22:34:13:974-[SCH][SC] S/C #902 발행 실패: 명령에 할당된 연결이 보류 중인 로컬 트랜잭션에 연결되어 있는 경우 ExecuteNonQuery을(를) 사용하려면 트랜잭션이 있어야 합니다. 명령의 Transaction 속성이 초기화되지 않았습니다.
22:34:14:081-[SCH][CV] CV TRACK:102 작업:9001(TYP:1) → CV 명령 발행 (DEST:115)
22:34:14:189-[SCH][CV] CV TRACK:102 발행 실패: 명령에 할당된 연결이 보류 중인 로컬 트랜잭션에 연결되어 있는 경우 ExecuteNonQuery을(를) 사용하려면 트랜잭션이 있어야 합니다. 명령의 Transaction 속성이 초기화되지 않았습니다.
22:34:14:300-[SCH][SC] S/C #902 작업:9002(TYP:2) → 이송 명령 발행 (From:902/0300502 To:105/)
22:34:14:411-[SCH][SC] S/C #902 발행 실패: 명령에 할당된 연결이 보류 중인 로컬 트랜잭션에 연결되어 있는 경우 ExecuteNonQuery을(를) 사용하려면 트랜잭션이 있어야 합니다. 명령의 Transaction 속성이 초기화되지 않았습니다.
22:34:14:520-[SCH][CV] CV TRACK:102 작업:9001(TYP:1) → CV 명령 발행 (DEST:115)
22:34:14:630-[SCH][CV] CV TRACK:102 발행 실패: 명령에 할당된 연결이 보류 중인 로컬 트랜잭션에 연결되어 있는 경우 ExecuteNonQuery을(를) 사용하려면 트랜잭션이 있어야 합니다. 명령의 Transaction 속성이 초기화되지 않았습니다.
22:34:14:741-[SCH][SC] S/C #902 작업:9002(TYP:2) → 이송 명령 발행 (From:902/0300502 To:105/)
22:34:14:852-[SCH][SC] S/C #902 발행 실패: 명령에 할당된 연결이 보류 중인 로컬 트랜잭션에 연결되어 있는 경우 ExecuteNonQuery을(를) 사용하려면 트랜잭션이 있어야 합니다. 명령의 Transaction 속성이 초기화되지 않았습니다.
22:34:14:958-[SCH][CV] CV TRACK:102 작업:9001(TYP:1) → CV 명령 발행 (DEST:115)
22:34:15:065-[SCH][CV] CV TRACK:102 발행 실패: 명령에 할당된 연결이 보류 중인 로컬 트랜잭션에 연결되어 있는 경우 ExecuteNonQuery을(를) 사용하려면 트랜잭션이 있어야 합니다. 명령의 Transaction 속성이 초기화되지 않았습니다.
22:34:15:176-[SCH][SC] S/C #902 작업:9002(TYP:2) → 이송 명령 발행 (From:902/0300502 To:105/)
22:34:15:285-[SCH][SC] S/C #902 발행 실패: 명령에 할당된 연결이 보류 중인 로컬 트랜잭션에 연결되어 있는 경우 ExecuteNonQuery을(를) 사용하려면 트랜잭션이 있어야 합니다. 명령의 Transaction 속성이 초기화되지 않았습니다.
22:34:15:392-[SCH][CV] CV TRACK:102 작업:9001(TYP:1) → CV 명령 발행 (DEST:115)
22:34:15:500-[SCH][CV] CV TRACK:102 발행 실패: 명령에 할당된 연결이 보류 중인 로컬 트랜잭션에 연결되어 있는 경우 ExecuteNonQuery을(를) 사용하려면 트랜잭션이 있어야 합니다. 명령의 Transaction 속성이 초기화되지 않았습니다.
22:34:15:610-[SCH][SC] S/C #902 작업:9002(TYP:2) → 이송 명령 발행 (From:902/0300502 To:105/)
22:34:15:719-[SCH][SC] S/C #902 발행 실패: 명령에 할당된 연결이 보류 중인 로컬 트랜잭션에 연결되어 있는 경우 ExecuteNonQuery을(를) 사용하려면 트랜잭션이 있어야 합니다. 명령의 Transaction 속성이 초기화되지 않았습니다.
22:34:15:828-[SCH][CV] CV TRACK:102 작업:9001(TYP:1) → CV 명령 발행 (DEST:115)
22:34:15:934-[SCH][CV] CV TRACK:102 발행 실패: 명령에 할당된 연결이 보류 중인 로컬 트랜잭션에 연결되어 있는 경우 ExecuteNonQuery을(를) 사용하려면 트랜잭션이 있어야 합니다. 명령의 Transaction 속성이 초기화되지 않았습니다.
22:34:16:043-[SCH][SC] S/C #902 작업:9002(TYP:2) → 이송 명령 발행 (From:902/0300502 To:105/)
22:34:16:154-[SCH][SC] S/C #902 발행 실패: 명령에 할당된 연결이 보류 중인 로컬 트랜잭션에 연결되어 있는 경우 ExecuteNonQuery을(를) 사용하려면 트랜잭션이 있어야 합니다. 명령의 Transaction 속성이 초기화되지 않았습니다.
22:34:16:262-[SCH][CV] CV TRACK:102 작업:9001(TYP:1) → CV 명령 발행 (DEST:115)
22:34:16:370-[SCH][CV] CV TRACK:102 발행 실패: 명령에 할당된 연결이 보류 중인 로컬 트랜잭션에 연결되어 있는 경우 ExecuteNonQuery을(를) 사용하려면 트랜잭션이 있어야 합니다. 명령의 Transaction 속성이 초기화되지 않았습니다.
22:34:16:478-[SCH][SC] S/C #902 작업:9002(TYP:2) → 이송 명령 발행 (From:902/0300502 To:105/)
22:34:16:588-[SCH][SC] S/C #902 발행 실패: 명령에 할당된 연결이 보류 중인 로컬 트랜잭션에 연결되어 있는 경우 ExecuteNonQuery을(를) 사용하려면 트랜잭션이 있어야 합니다. 명령의 Transaction 속성이 초기화되지 않았습니다.
22:34:16:806-[SCH][CV] CV TRACK:102 작업:9001(TYP:1) → CV 명령 발행 (DEST:115)
22:34:16:917-[SCH][CV] CV TRACK:102 발행 실패: 명령에 할당된 연결이 보류 중인 로컬 트랜잭션에 연결되어 있는 경우 ExecuteNonQuery을(를) 사용하려면 트랜잭션이 있어야 합니다. 명령의 Transaction 속성이 초기화되지 않았습니다.
22:34:17:027-[SCH][SC] S/C #902 작업:9002(TYP:2) → 이송 명령 발행 (From:902/0300502 To:105/)
22:34:17:135-[SCH][SC] S/C #902 발행 실패: 명령에 할당된 연결이 보류 중인 로컬 트랜잭션에 연결되어 있는 경우 ExecuteNonQuery을(를) 사용하려면 트랜잭션이 있어야 합니다. 명령의 Transaction 속성이 초기화되지 않았습니다.
22:34:17:243-[SCH][CV] CV TRACK:102 작업:9001(TYP:1) → CV 명령 발행 (DEST:115)
22:34:17:350-[SCH][CV] CV TRACK:102 발행 실패: 명령에 할당된 연결이 보류 중인 로컬 트랜잭션에 연결되어 있는 경우 ExecuteNonQuery을(를) 사용하려면 트랜잭션이 있어야 합니다. 명령의 Transaction 속성이 초기화되지 않았습니다.
22:34:17:459-[SCH][SC] S/C #902 작업:9002(TYP:2) → 이송 명령 발행 (From:902/0300502 To:105/)
22:34:17:570-[SCH][SC] S/C #902 발행 실패: 명령에 할당된 연결이 보류 중인 로컬 트랜잭션에 연결되어 있는 경우 ExecuteNonQuery을(를) 사용하려면 트랜잭션이 있어야 합니다. 명령의 Transaction 속성이 초기화되지 않았습니다.
22:34:17:680-[SCH][CV] CV TRACK:102 작업:9001(TYP:1) → CV 명령 발행 (DEST:115)
22:34:17:786-[SCH][CV] CV TRACK:102 발행 실패: 명령에 할당된 연결이 보류 중인 로컬 트랜잭션에 연결되어 있는 경우 ExecuteNonQuery을(를) 사용하려면 트랜잭션이 있어야 합니다. 명령의 Transaction 속성이 초기화되지 않았습니다.
22:34:17:896-[SCH][SC] S/C #902 작업:9002(TYP:2) → 이송 명령 발행 (From:902/0300502 To:105/)
22:34:18:006-[SCH][SC] S/C #902 발행 실패: 명령에 할당된 연결이 보류 중인 로컬 트랜잭션에 연결되어 있는 경우 ExecuteNonQuery을(를) 사용하려면 트랜잭션이 있어야 합니다. 명령의 Transaction 속성이 초기화되지 않았습니다.
22:34:18:222-[SCH][CV] CV TRACK:102 작업:9001(TYP:1) → CV 명령 발행 (DEST:115)
22:34:18:331-[SCH][CV] CV TRACK:102 발행 실패: 명령에 할당된 연결이 보류 중인 로컬 트랜잭션에 연결되어 있는 경우 ExecuteNonQuery을(를) 사용하려면 트랜잭션이 있어야 합니다. 명령의 Transaction 속성이 초기화되지 않았습니다.
22:34:18:441-[SCH][SC] S/C #902 작업:9002(TYP:2) → 이송 명령 발행 (From:902/0300502 To:105/)
22:34:18:552-[SCH][SC] S/C #902 발행 실패: 명령에 할당된 연결이 보류 중인 로컬 트랜잭션에 연결되어 있는 경우 ExecuteNonQuery을(를) 사용하려면 트랜잭션이 있어야 합니다. 명령의 Transaction 속성이 초기화되지 않았습니다.
22:34:18:659-[SCH][CV] CV TRACK:102 작업:9001(TYP:1) → CV 명령 발행 (DEST:115)
22:34:18:769-[SCH][CV] CV TRACK:102 발행 실패: 명령에 할당된 연결이 보류 중인 로컬 트랜잭션에 연결되어 있는 경우 ExecuteNonQuery을(를) 사용하려면 트랜잭션이 있어야 합니다. 명령의 Transaction 속성이 초기화되지 않았습니다.
22:34:18:878-[SCH][SC] S/C #902 작업:9002(TYP:2) → 이송 명령 발행 (From:902/0300502 To:105/)
22:34:18:989-[SCH][SC] S/C #902 발행 실패: 명령에 할당된 연결이 보류 중인 로컬 트랜잭션에 연결되어 있는 경우 ExecuteNonQuery을(를) 사용하려면 트랜잭션이 있어야 합니다. 명령의 Transaction 속성이 초기화되지 않았습니다.
22:34:19:097-[SCH][CV] CV TRACK:102 작업:9001(TYP:1) → CV 명령 발행 (DEST:115)
22:34:19:206-[SCH][CV] CV TRACK:102 발행 실패: 명령에 할당된 연결이 보류 중인 로컬 트랜잭션에 연결되어 있는 경우 ExecuteNonQuery을(를) 사용하려면 트랜잭션이 있어야 합니다. 명령의 Transaction 속성이 초기화되지 않았습니다.
22:34:19:317-[SCH][SC] S/C #902 작업:9002(TYP:2) → 이송 명령 발행 (From:902/0300502 To:105/)
22:34:19:426-[SCH][SC] S/C #902 발행 실패: 명령에 할당된 연결이 보류 중인 로컬 트랜잭션에 연결되어 있는 경우 ExecuteNonQuery을(를) 사용하려면 트랜잭션이 있어야 합니다. 명령의 Transaction 속성이 초기화되지 않았습니다.
22:34:19:644-[SCH][CV] CV TRACK:102 작업:9001(TYP:1) → CV 명령 발행 (DEST:115)
22:34:19:751-[SCH][CV] CV TRACK:102 발행 실패: 명령에 할당된 연결이 보류 중인 로컬 트랜잭션에 연결되어 있는 경우 ExecuteNonQuery을(를) 사용하려면 트랜잭션이 있어야 합니다. 명령의 Transaction 속성이 초기화되지 않았습니다.
22:34:19:862-[SCH][SC] S/C #902 작업:9002(TYP:2) → 이송 명령 발행 (From:902/0300502 To:105/)
22:34:19:972-[SCH][SC] S/C #902 발행 실패: 명령에 할당된 연결이 보류 중인 로컬 트랜잭션에 연결되어 있는 경우 ExecuteNonQuery을(를) 사용하려면 트랜잭션이 있어야 합니다. 명령의 Transaction 속성이 초기화되지 않았습니다.
22:34:20:082-[SCH][CV] CV TRACK:102 작업:9001(TYP:1) → CV 명령 발행 (DEST:115)
22:34:20:191-[SCH][CV] CV TRACK:102 발행 실패: 명령에 할당된 연결이 보류 중인 로컬 트랜잭션에 연결되어 있는 경우 ExecuteNonQuery을(를) 사용하려면 트랜잭션이 있어야 합니다. 명령의 Transaction 속성이 초기화되지 않았습니다.
22:34:20:300-[SCH][SC] S/C #902 작업:9002(TYP:2) → 이송 명령 발행 (From:902/0300502 To:105/)
22:34:20:408-[SCH][SC] S/C #902 발행 실패: 명령에 할당된 연결이 보류 중인 로컬 트랜잭션에 연결되어 있는 경우 ExecuteNonQuery을(를) 사용하려면 트랜잭션이 있어야 합니다. 명령의 Transaction 속성이 초기화되지 않았습니다.
22:34:20:517-[SCH][CV] CV TRACK:102 작업:9001(TYP:1) → CV 명령 발행 (DEST:115)
22:34:20:626-[SCH][CV] CV TRACK:102 발행 실패: 명령에 할당된 연결이 보류 중인 로컬 트랜잭션에 연결되어 있는 경우 ExecuteNonQuery을(를) 사용하려면 트랜잭션이 있어야 합니다. 명령의 Transaction 속성이 초기화되지 않았습니다.
22:34:20:737-[SCH][SC] S/C #902 작업:9002(TYP:2) → 이송 명령 발행 (From:902/0300502 To:105/)
22:34:20:848-[SCH][SC] S/C #902 발행 실패: 명령에 할당된 연결이 보류 중인 로컬 트랜잭션에 연결되어 있는 경우 ExecuteNonQuery을(를) 사용하려면 트랜잭션이 있어야 합니다. 명령의 Transaction 속성이 초기화되지 않았습니다.
22:34:20:956-[SCH][CV] CV TRACK:102 작업:9001(TYP:1) → CV 명령 발행 (DEST:115)
22:34:21:064-[SCH][CV] CV TRACK:102 발행 실패: 명령에 할당된 연결이 보류 중인 로컬 트랜잭션에 연결되어 있는 경우 ExecuteNonQuery을(를) 사용하려면 트랜잭션이 있어야 합니다. 명령의 Transaction 속성이 초기화되지 않았습니다.
22:34:21:175-[SCH][SC] S/C #902 작업:9002(TYP:2) → 이송 명령 발행 (From:902/0300502 To:105/)
22:34:21:285-[SCH][SC] S/C #902 발행 실패: 명령에 할당된 연결이 보류 중인 로컬 트랜잭션에 연결되어 있는 경우 ExecuteNonQuery을(를) 사용하려면 트랜잭션이 있어야 합니다. 명령의 Transaction 속성이 초기화되지 않았습니다.
22:34:21:392-[SCH][CV] CV TRACK:102 작업:9001(TYP:1) → CV 명령 발행 (DEST:115)
22:34:21:501-[SCH][CV] CV TRACK:102 발행 실패: 명령에 할당된 연결이 보류 중인 로컬 트랜잭션에 연결되어 있는 경우 ExecuteNonQuery을(를) 사용하려면 트랜잭션이 있어야 합니다. 명령의 Transaction 속성이 초기화되지 않았습니다.
22:34:21:611-[SCH][SC] S/C #902 작업:9002(TYP:2) → 이송 명령 발행 (From:902/0300502 To:105/)
22:34:21:720-[SCH][SC] S/C #902 발행 실패: 명령에 할당된 연결이 보류 중인 로컬 트랜잭션에 연결되어 있는 경우 ExecuteNonQuery을(를) 사용하려면 트랜잭션이 있어야 합니다. 명령의 Transaction 속성이 초기화되지 않았습니다.
22:34:21:829-[SCH][CV] CV TRACK:102 작업:9001(TYP:1) → CV 명령 발행 (DEST:115)
22:34:21:938-[SCH][CV] CV TRACK:102 발행 실패: 명령에 할당된 연결이 보류 중인 로컬 트랜잭션에 연결되어 있는 경우 ExecuteNonQuery을(를) 사용하려면 트랜잭션이 있어야 합니다. 명령의 Transaction 속성이 초기화되지 않았습니다.
22:34:22:047-[SCH][SC] S/C #902 작업:9002(TYP:2) → 이송 명령 발행 (From:902/0300502 To:105/)
22:34:22:159-[SCH][SC] S/C #902 발행 실패: 명령에 할당된 연결이 보류 중인 로컬 트랜잭션에 연결되어 있는 경우 ExecuteNonQuery을(를) 사용하려면 트랜잭션이 있어야 합니다. 명령의 Transaction 속성이 초기화되지 않았습니다.
22:34:22:376-[SCH][CV] CV TRACK:102 작업:9001(TYP:1) → CV 명령 발행 (DEST:115)
22:34:22:486-[SCH][CV] CV TRACK:102 발행 실패: 명령에 할당된 연결이 보류 중인 로컬 트랜잭션에 연결되어 있는 경우 ExecuteNonQuery을(를) 사용하려면 트랜잭션이 있어야 합니다. 명령의 Transaction 속성이 초기화되지 않았습니다.
22:34:22:596-[SCH][SC] S/C #902 작업:9002(TYP:2) → 이송 명령 발행 (From:902/0300502 To:105/)
22:34:22:705-[SCH][SC] S/C #902 발행 실패: 명령에 할당된 연결이 보류 중인 로컬 트랜잭션에 연결되어 있는 경우 ExecuteNonQuery을(를) 사용하려면 트랜잭션이 있어야 합니다. 명령의 Transaction 속성이 초기화되지 않았습니다.
22:34:22:812-[SCH][CV] CV TRACK:102 작업:9001(TYP:1) → CV 명령 발행 (DEST:115)
22:34:22:918-[SCH][CV] CV TRACK:102 발행 실패: 명령에 할당된 연결이 보류 중인 로컬 트랜잭션에 연결되어 있는 경우 ExecuteNonQuery을(를) 사용하려면 트랜잭션이 있어야 합니다. 명령의 Transaction 속성이 초기화되지 않았습니다.
22:34:23:029-[SCH][SC] S/C #902 작업:9002(TYP:2) → 이송 명령 발행 (From:902/0300502 To:105/)
22:34:23:139-[SCH][SC] S/C #902 발행 실패: 명령에 할당된 연결이 보류 중인 로컬 트랜잭션에 연결되어 있는 경우 ExecuteNonQuery을(를) 사용하려면 트랜잭션이 있어야 합니다. 명령의 Transaction 속성이 초기화되지 않았습니다.
22:34:23:249-[SCH][CV] CV TRACK:102 작업:9001(TYP:1) → CV 명령 발행 (DEST:115)
22:34:23:358-[SCH][CV] CV TRACK:102 발행 실패: 명령에 할당된 연결이 보류 중인 로컬 트랜잭션에 연결되어 있는 경우 ExecuteNonQuery을(를) 사용하려면 트랜잭션이 있어야 합니다. 명령의 Transaction 속성이 초기화되지 않았습니다.
22:34:23:468-[SCH][SC] S/C #902 작업:9002(TYP:2) → 이송 명령 발행 (From:902/0300502 To:105/)
22:34:23:577-[SCH][SC] S/C #902 발행 실패: 명령에 할당된 연결이 보류 중인 로컬 트랜잭션에 연결되어 있는 경우 ExecuteNonQuery을(를) 사용하려면 트랜잭션이 있어야 합니다. 명령의 Transaction 속성이 초기화되지 않았습니다.
22:34:23:685-[SCH][CV] CV TRACK:102 작업:9001(TYP:1) → CV 명령 발행 (DEST:115)
22:34:23:794-[SCH][CV] CV TRACK:102 발행 실패: 명령에 할당된 연결이 보류 중인 로컬 트랜잭션에 연결되어 있는 경우 ExecuteNonQuery을(를) 사용하려면 트랜잭션이 있어야 합니다. 명령의 Transaction 속성이 초기화되지 않았습니다.
22:34:23:904-[SCH][SC] S/C #902 작업:9002(TYP:2) → 이송 명령 발행 (From:902/0300502 To:105/)
22:34:24:013-[SCH][SC] S/C #902 발행 실패: 명령에 할당된 연결이 보류 중인 로컬 트랜잭션에 연결되어 있는 경우 ExecuteNonQuery을(를) 사용하려면 트랜잭션이 있어야 합니다. 명령의 Transaction 속성이 초기화되지 않았습니다.
22:34:24:120-[SCH][CV] CV TRACK:102 작업:9001(TYP:1) → CV 명령 발행 (DEST:115)
22:34:24:230-[SCH][CV] CV TRACK:102 발행 실패: 명령에 할당된 연결이 보류 중인 로컬 트랜잭션에 연결되어 있는 경우 ExecuteNonQuery을(를) 사용하려면 트랜잭션이 있어야 합니다. 명령의 Transaction 속성이 초기화되지 않았습니다.
22:34:24:339-[SCH][SC] S/C #902 작업:9002(TYP:2) → 이송 명령 발행 (From:902/0300502 To:105/)
22:34:24:449-[SCH][SC] S/C #902 발행 실패: 명령에 할당된 연결이 보류 중인 로컬 트랜잭션에 연결되어 있는 경우 ExecuteNonQuery을(를) 사용하려면 트랜잭션이 있어야 합니다. 명령의 Transaction 속성이 초기화되지 않았습니다.
22:34:24:556-[SCH][CV] CV TRACK:102 작업:9001(TYP:1) → CV 명령 발행 (DEST:115)
22:34:24:667-[SCH][CV] CV TRACK:102 발행 실패: 명령에 할당된 연결이 보류 중인 로컬 트랜잭션에 연결되어 있는 경우 ExecuteNonQuery을(를) 사용하려면 트랜잭션이 있어야 합니다. 명령의 Transaction 속성이 초기화되지 않았습니다.
22:34:24:776-[SCH][SC] S/C #902 작업:9002(TYP:2) → 이송 명령 발행 (From:902/0300502 To:105/)
22:34:24:886-[SCH][SC] S/C #902 발행 실패: 명령에 할당된 연결이 보류 중인 로컬 트랜잭션에 연결되어 있는 경우 ExecuteNonQuery을(를) 사용하려면 트랜잭션이 있어야 합니다. 명령의 Transaction 속성이 초기화되지 않았습니다.
22:34:24:993-[SCH][CV] CV TRACK:102 작업:9001(TYP:1) → CV 명령 발행 (DEST:115)
22:34:25:102-[SCH][CV] CV TRACK:102 발행 실패: 명령에 할당된 연결이 보류 중인 로컬 트랜잭션에 연결되어 있는 경우 ExecuteNonQuery을(를) 사용하려면 트랜잭션이 있어야 합니다. 명령의 Transaction 속성이 초기화되지 않았습니다.
22:34:25:213-[SCH][SC] S/C #902 작업:9002(TYP:2) → 이송 명령 발행 (From:902/0300502 To:105/)
22:34:25:322-[SCH][SC] S/C #902 발행 실패: 명령에 할당된 연결이 보류 중인 로컬 트랜잭션에 연결되어 있는 경우 ExecuteNonQuery을(를) 사용하려면 트랜잭션이 있어야 합니다. 명령의 Transaction 속성이 초기화되지 않았습니다.
22:34:25:430-[SCH][CV] CV TRACK:102 작업:9001(TYP:1) → CV 명령 발행 (DEST:115)
22:34:25:539-[SCH][CV] CV TRACK:102 발행 실패: 명령에 할당된 연결이 보류 중인 로컬 트랜잭션에 연결되어 있는 경우 ExecuteNonQuery을(를) 사용하려면 트랜잭션이 있어야 합니다. 명령의 Transaction 속성이 초기화되지 않았습니다.
22:34:25:650-[SCH][SC] S/C #902 작업:9002(TYP:2) → 이송 명령 발행 (From:902/0300502 To:105/)
22:34:25:759-[SCH][SC] S/C #902 발행 실패: 명령에 할당된 연결이 보류 중인 로컬 트랜잭션에 연결되어 있는 경우 ExecuteNonQuery을(를) 사용하려면 트랜잭션이 있어야 합니다. 명령의 Transaction 속성이 초기화되지 않았습니다.
22:34:25:868-[SCH][CV] CV TRACK:102 작업:9001(TYP:1) → CV 명령 발행 (DEST:115)
22:34:25:975-[SCH][CV] CV TRACK:102 발행 실패: 명령에 할당된 연결이 보류 중인 로컬 트랜잭션에 연결되어 있는 경우 ExecuteNonQuery을(를) 사용하려면 트랜잭션이 있어야 합니다. 명령의 Transaction 속성이 초기화되지 않았습니다.
22:34:26:088-[SCH][SC] S/C #902 작업:9002(TYP:2) → 이송 명령 발행 (From:902/0300502 To:105/)
22:34:26:197-[SCH][SC] S/C #902 발행 실패: 명령에 할당된 연결이 보류 중인 로컬 트랜잭션에 연결되어 있는 경우 ExecuteNonQuery을(를) 사용하려면 트랜잭션이 있어야 합니다. 명령의 Transaction 속성이 초기화되지 않았습니다.
22:34:26:414-[SCH][CV] CV TRACK:102 작업:9001(TYP:1) → CV 명령 발행 (DEST:115)
22:34:26:524-[SCH][CV] CV TRACK:102 발행 실패: 명령에 할당된 연결이 보류 중인 로컬 트랜잭션에 연결되어 있는 경우 ExecuteNonQuery을(를) 사용하려면 트랜잭션이 있어야 합니다. 명령의 Transaction 속성이 초기화되지 않았습니다.
22:34:26:635-[SCH][SC] S/C #902 작업:9002(TYP:2) → 이송 명령 발행 (From:902/0300502 To:105/)
22:34:26:744-[SCH][SC] S/C #902 발행 실패: 명령에 할당된 연결이 보류 중인 로컬 트랜잭션에 연결되어 있는 경우 ExecuteNonQuery을(를) 사용하려면 트랜잭션이 있어야 합니다. 명령의 Transaction 속성이 초기화되지 않았습니다.
22:34:26:853-[SCH][CV] CV TRACK:102 작업:9001(TYP:1) → CV 명령 발행 (DEST:115)
22:34:26:960-[SCH][CV] CV TRACK:102 발행 실패: 명령에 할당된 연결이 보류 중인 로컬 트랜잭션에 연결되어 있는 경우 ExecuteNonQuery을(를) 사용하려면 트랜잭션이 있어야 합니다. 명령의 Transaction 속성이 초기화되지 않았습니다.
22:34:27:069-[SCH][SC] S/C #902 작업:9002(TYP:2) → 이송 명령 발행 (From:902/0300502 To:105/)
22:34:27:177-[SCH][SC] S/C #902 발행 실패: 명령에 할당된 연결이 보류 중인 로컬 트랜잭션에 연결되어 있는 경우 ExecuteNonQuery을(를) 사용하려면 트랜잭션이 있어야 합니다. 명령의 Transaction 속성이 초기화되지 않았습니다.
22:34:27:285-[SCH][CV] CV TRACK:102 작업:9001(TYP:1) → CV 명령 발행 (DEST:115)
22:34:27:394-[SCH][CV] CV TRACK:102 발행 실패: 명령에 할당된 연결이 보류 중인 로컬 트랜잭션에 연결되어 있는 경우 ExecuteNonQuery을(를) 사용하려면 트랜잭션이 있어야 합니다. 명령의 Transaction 속성이 초기화되지 않았습니다.
22:34:27:505-[SCH][SC] S/C #902 작업:9002(TYP:2) → 이송 명령 발행 (From:902/0300502 To:105/)
22:34:27:617-[SCH][SC] S/C #902 발행 실패: 명령에 할당된 연결이 보류 중인 로컬 트랜잭션에 연결되어 있는 경우 ExecuteNonQuery을(를) 사용하려면 트랜잭션이 있어야 합니다. 명령의 Transaction 속성이 초기화되지 않았습니다.
22:34:27:725-[SCH][CV] CV TRACK:102 작업:9001(TYP:1) → CV 명령 발행 (DEST:115)
22:34:27:833-[SCH][CV] CV TRACK:102 발행 실패: 명령에 할당된 연결이 보류 중인 로컬 트랜잭션에 연결되어 있는 경우 ExecuteNonQuery을(를) 사용하려면 트랜잭션이 있어야 합니다. 명령의 Transaction 속성이 초기화되지 않았습니다.
22:34:27:942-[SCH][SC] S/C #902 작업:9002(TYP:2) → 이송 명령 발행 (From:902/0300502 To:105/)
22:34:28:053-[SCH][SC] S/C #902 발행 실패: 명령에 할당된 연결이 보류 중인 로컬 트랜잭션에 연결되어 있는 경우 ExecuteNonQuery을(를) 사용하려면 트랜잭션이 있어야 합니다. 명령의 Transaction 속성이 초기화되지 않았습니다.
22:34:28:162-[SCH][CV] CV TRACK:102 작업:9001(TYP:1) → CV 명령 발행 (DEST:115)
22:34:28:269-[SCH][CV] CV TRACK:102 발행 실패: 명령에 할당된 연결이 보류 중인 로컬 트랜잭션에 연결되어 있는 경우 ExecuteNonQuery을(를) 사용하려면 트랜잭션이 있어야 합니다. 명령의 Transaction 속성이 초기화되지 않았습니다.
22:34:28:380-[SCH][SC] S/C #902 작업:9002(TYP:2) → 이송 명령 발행 (From:902/0300502 To:105/)
22:34:28:490-[SCH][SC] S/C #902 발행 실패: 명령에 할당된 연결이 보류 중인 로컬 트랜잭션에 연결되어 있는 경우 ExecuteNonQuery을(를) 사용하려면 트랜잭션이 있어야 합니다. 명령의 Transaction 속성이 초기화되지 않았습니다.
22:34:28:709-[SCH][CV] CV TRACK:102 작업:9001(TYP:1) → CV 명령 발행 (DEST:115)
22:34:28:818-[SCH][CV] CV TRACK:102 발행 실패: 명령에 할당된 연결이 보류 중인 로컬 트랜잭션에 연결되어 있는 경우 ExecuteNonQuery을(를) 사용하려면 트랜잭션이 있어야 합니다. 명령의 Transaction 속성이 초기화되지 않았습니다.
22:34:28:927-[SCH][SC] S/C #902 작업:9002(TYP:2) → 이송 명령 발행 (From:902/0300502 To:105/)
22:34:29:036-[SCH][SC] S/C #902 발행 실패: 명령에 할당된 연결이 보류 중인 로컬 트랜잭션에 연결되어 있는 경우 ExecuteNonQuery을(를) 사용하려면 트랜잭션이 있어야 합니다. 명령의 Transaction 속성이 초기화되지 않았습니다.
22:34:29:145-[SCH][CV] CV TRACK:102 작업:9001(TYP:1) → CV 명령 발행 (DEST:115)
22:34:29:254-[SCH][CV] CV TRACK:102 발행 실패: 명령에 할당된 연결이 보류 중인 로컬 트랜잭션에 연결되어 있는 경우 ExecuteNonQuery을(를) 사용하려면 트랜잭션이 있어야 합니다. 명령의 Transaction 속성이 초기화되지 않았습니다.
22:34:29:363-[SCH][SC] S/C #902 작업:9002(TYP:2) → 이송 명령 발행 (From:902/0300502 To:105/)
22:34:29:472-[SCH][SC] S/C #902 발행 실패: 명령에 할당된 연결이 보류 중인 로컬 트랜잭션에 연결되어 있는 경우 ExecuteNonQuery을(를) 사용하려면 트랜잭션이 있어야 합니다. 명령의 Transaction 속성이 초기화되지 않았습니다.
22:34:29:582-[SCH][CV] CV TRACK:102 작업:9001(TYP:1) → CV 명령 발행 (DEST:115)
22:34:29:689-[SCH][CV] CV TRACK:102 발행 실패: 명령에 할당된 연결이 보류 중인 로컬 트랜잭션에 연결되어 있는 경우 ExecuteNonQuery을(를) 사용하려면 트랜잭션이 있어야 합니다. 명령의 Transaction 속성이 초기화되지 않았습니다.
22:34:29:800-[SCH][SC] S/C #902 작업:9002(TYP:2) → 이송 명령 발행 (From:902/0300502 To:105/)
22:34:29:910-[SCH][SC] S/C #902 발행 실패: 명령에 할당된 연결이 보류 중인 로컬 트랜잭션에 연결되어 있는 경우 ExecuteNonQuery을(를) 사용하려면 트랜잭션이 있어야 합니다. 명령의 Transaction 속성이 초기화되지 않았습니다.
22:34:30:019-[SCH][CV] CV TRACK:102 작업:9001(TYP:1) → CV 명령 발행 (DEST:115)
22:34:30:129-[SCH][CV] CV TRACK:102 발행 실패: 명령에 할당된 연결이 보류 중인 로컬 트랜잭션에 연결되어 있는 경우 ExecuteNonQuery을(를) 사용하려면 트랜잭션이 있어야 합니다. 명령의 Transaction 속성이 초기화되지 않았습니다.
22:34:30:237-[SCH][SC] S/C #902 작업:9002(TYP:2) → 이송 명령 발행 (From:902/0300502 To:105/)
22:34:30:347-[SCH][SC] S/C #902 발행 실패: 명령에 할당된 연결이 보류 중인 로컬 트랜잭션에 연결되어 있는 경우 ExecuteNonQuery을(를) 사용하려면 트랜잭션이 있어야 합니다. 명령의 Transaction 속성이 초기화되지 않았습니다.
22:34:30:457-[SCH][CV] CV TRACK:102 작업:9001(TYP:1) → CV 명령 발행 (DEST:115)
22:34:30:564-[SCH][CV] CV TRACK:102 발행 실패: 명령에 할당된 연결이 보류 중인 로컬 트랜잭션에 연결되어 있는 경우 ExecuteNonQuery을(를) 사용하려면 트랜잭션이 있어야 합니다. 명령의 Transaction 속성이 초기화되지 않았습니다.
22:34:30:673-[SCH][SC] S/C #902 작업:9002(TYP:2) → 이송 명령 발행 (From:902/0300502 To:105/)
22:34:30:786-[SCH][SC] S/C #902 발행 실패: 명령에 할당된 연결이 보류 중인 로컬 트랜잭션에 연결되어 있는 경우 ExecuteNonQuery을(를) 사용하려면 트랜잭션이 있어야 합니다. 명령의 Transaction 속성이 초기화되지 않았습니다.
22:34:30:891-[SCH][CV] CV TRACK:102 작업:9001(TYP:1) → CV 명령 발행 (DEST:115)
22:34:31:002-[SCH][CV] CV TRACK:102 발행 실패: 명령에 할당된 연결이 보류 중인 로컬 트랜잭션에 연결되어 있는 경우 ExecuteNonQuery을(를) 사용하려면 트랜잭션이 있어야 합니다. 명령의 Transaction 속성이 초기화되지 않았습니다.
22:34:31:110-[SCH][SC] S/C #902 작업:9002(TYP:2) → 이송 명령 발행 (From:902/0300502 To:105/)
22:34:31:220-[SCH][SC] S/C #902 발행 실패: 명령에 할당된 연결이 보류 중인 로컬 트랜잭션에 연결되어 있는 경우 ExecuteNonQuery을(를) 사용하려면 트랜잭션이 있어야 합니다. 명령의 Transaction 속성이 초기화되지 않았습니다.
22:34:31:331-[SCH][CV] CV TRACK:102 작업:9001(TYP:1) → CV 명령 발행 (DEST:115)
22:34:31:442-[SCH][CV] CV TRACK:102 발행 실패: 명령에 할당된 연결이 보류 중인 로컬 트랜잭션에 연결되어 있는 경우 ExecuteNonQuery을(를) 사용하려면 트랜잭션이 있어야 합니다. 명령의 Transaction 속성이 초기화되지 않았습니다.
22:34:31:552-[SCH][SC] S/C #902 작업:9002(TYP:2) → 이송 명령 발행 (From:902/0300502 To:105/)
22:34:31:661-[SCH][SC] S/C #902 발행 실패: 명령에 할당된 연결이 보류 중인 로컬 트랜잭션에 연결되어 있는 경우 ExecuteNonQuery을(를) 사용하려면 트랜잭션이 있어야 합니다. 명령의 Transaction 속성이 초기화되지 않았습니다.
22:34:31:879-[SCH][CV] CV TRACK:102 작업:9001(TYP:1) → CV 명령 발행 (DEST:115)
22:34:31:989-[SCH][CV] CV TRACK:102 발행 실패: 명령에 할당된 연결이 보류 중인 로컬 트랜잭션에 연결되어 있는 경우 ExecuteNonQuery을(를) 사용하려면 트랜잭션이 있어야 합니다. 명령의 Transaction 속성이 초기화되지 않았습니다.
22:34:32:102-[SCH][SC] S/C #902 작업:9002(TYP:2) → 이송 명령 발행 (From:902/0300502 To:105/)
22:34:32:209-[SCH][SC] S/C #902 발행 실패: 명령에 할당된 연결이 보류 중인 로컬 트랜잭션에 연결되어 있는 경우 ExecuteNonQuery을(를) 사용하려면 트랜잭션이 있어야 합니다. 명령의 Transaction 속성이 초기화되지 않았습니다.
22:34:32:318-[SCH][CV] CV TRACK:102 작업:9001(TYP:1) → CV 명령 발행 (DEST:115)
22:34:32:426-[SCH][CV] CV TRACK:102 발행 실패: 명령에 할당된 연결이 보류 중인 로컬 트랜잭션에 연결되어 있는 경우 ExecuteNonQuery을(를) 사용하려면 트랜잭션이 있어야 합니다. 명령의 Transaction 속성이 초기화되지 않았습니다.
22:34:32:536-[SCH][SC] S/C #902 작업:9002(TYP:2) → 이송 명령 발행 (From:902/0300502 To:105/)
22:34:32:644-[SCH][SC] S/C #902 발행 실패: 명령에 할당된 연결이 보류 중인 로컬 트랜잭션에 연결되어 있는 경우 ExecuteNonQuery을(를) 사용하려면 트랜잭션이 있어야 합니다. 명령의 Transaction 속성이 초기화되지 않았습니다.
22:34:32:753-[SCH][CV] CV TRACK:102 작업:9001(TYP:1) → CV 명령 발행 (DEST:115)
22:34:32:862-[SCH][CV] CV TRACK:102 발행 실패: 명령에 할당된 연결이 보류 중인 로컬 트랜잭션에 연결되어 있는 경우 ExecuteNonQuery을(를) 사용하려면 트랜잭션이 있어야 합니다. 명령의 Transaction 속성이 초기화되지 않았습니다.
22:34:32:972-[SCH][SC] S/C #902 작업:9002(TYP:2) → 이송 명령 발행 (From:902/0300502 To:105/)
22:34:33:081-[SCH][SC] S/C #902 발행 실패: 명령에 할당된 연결이 보류 중인 로컬 트랜잭션에 연결되어 있는 경우 ExecuteNonQuery을(를) 사용하려면 트랜잭션이 있어야 합니다. 명령의 Transaction 속성이 초기화되지 않았습니다.
22:34:33:190-[SCH][CV] CV TRACK:102 작업:9001(TYP:1) → CV 명령 발행 (DEST:115)
22:34:33:300-[SCH][CV] CV TRACK:102 발행 실패: 명령에 할당된 연결이 보류 중인 로컬 트랜잭션에 연결되어 있는 경우 ExecuteNonQuery을(를) 사용하려면 트랜잭션이 있어야 합니다. 명령의 Transaction 속성이 초기화되지 않았습니다.
22:34:33:409-[SCH][SC] S/C #902 작업:9002(TYP:2) → 이송 명령 발행 (From:902/0300502 To:105/)
22:34:33:520-[SCH][SC] S/C #902 발행 실패: 명령에 할당된 연결이 보류 중인 로컬 트랜잭션에 연결되어 있는 경우 ExecuteNonQuery을(를) 사용하려면 트랜잭션이 있어야 합니다. 명령의 Transaction 속성이 초기화되지 않았습니다.
22:34:33:628-[SCH][CV] CV TRACK:102 작업:9001(TYP:1) → CV 명령 발행 (DEST:115)
22:34:33:737-[SCH][CV] CV TRACK:102 발행 실패: 명령에 할당된 연결이 보류 중인 로컬 트랜잭션에 연결되어 있는 경우 ExecuteNonQuery을(를) 사용하려면 트랜잭션이 있어야 합니다. 명령의 Transaction 속성이 초기화되지 않았습니다.
22:34:33:847-[SCH][SC] S/C #902 작업:9002(TYP:2) → 이송 명령 발행 (From:902/0300502 To:105/)
22:34:33:956-[SCH][SC] S/C #902 발행 실패: 명령에 할당된 연결이 보류 중인 로컬 트랜잭션에 연결되어 있는 경우 ExecuteNonQuery을(를) 사용하려면 트랜잭션이 있어야 합니다. 명령의 Transaction 속성이 초기화되지 않았습니다.
22:34:34:063-[SCH][CV] CV TRACK:102 작업:9001(TYP:1) → CV 명령 발행 (DEST:115)
22:34:34:171-[SCH][CV] CV TRACK:102 발행 실패: 명령에 할당된 연결이 보류 중인 로컬 트랜잭션에 연결되어 있는 경우 ExecuteNonQuery을(를) 사용하려면 트랜잭션이 있어야 합니다. 명령의 Transaction 속성이 초기화되지 않았습니다.
22:34:34:279-[SCH][SC] S/C #902 작업:9002(TYP:2) → 이송 명령 발행 (From:902/0300502 To:105/)
22:34:34:390-[SCH][SC] S/C #902 발행 실패: 명령에 할당된 연결이 보류 중인 로컬 트랜잭션에 연결되어 있는 경우 ExecuteNonQuery을(를) 사용하려면 트랜잭션이 있어야 합니다. 명령의 Transaction 속성이 초기화되지 않았습니다.
22:34:34:501-[SCH][CV] CV TRACK:102 작업:9001(TYP:1) → CV 명령 발행 (DEST:115)
22:34:34:608-[SCH][CV] CV TRACK:102 발행 실패: 명령에 할당된 연결이 보류 중인 로컬 트랜잭션에 연결되어 있는 경우 ExecuteNonQuery을(를) 사용하려면 트랜잭션이 있어야 합니다. 명령의 Transaction 속성이 초기화되지 않았습니다.
22:34:34:717-[SCH][SC] S/C #902 작업:9002(TYP:2) → 이송 명령 발행 (From:902/0300502 To:105/)
22:34:34:827-[SCH][SC] S/C #902 발행 실패: 명령에 할당된 연결이 보류 중인 로컬 트랜잭션에 연결되어 있는 경우 ExecuteNonQuery을(를) 사용하려면 트랜잭션이 있어야 합니다. 명령의 Transaction 속성이 초기화되지 않았습니다.
22:34:34:936-[SCH][CV] CV TRACK:102 작업:9001(TYP:1) → CV 명령 발행 (DEST:115)
22:34:35:044-[SCH][CV] CV TRACK:102 발행 실패: 명령에 할당된 연결이 보류 중인 로컬 트랜잭션에 연결되어 있는 경우 ExecuteNonQuery을(를) 사용하려면 트랜잭션이 있어야 합니다. 명령의 Transaction 속성이 초기화되지 않았습니다.
22:34:35:154-[SCH][SC] S/C #902 작업:9002(TYP:2) → 이송 명령 발행 (From:902/0300502 To:105/)
22:34:35:261-[SCH][SC] S/C #902 발행 실패: 명령에 할당된 연결이 보류 중인 로컬 트랜잭션에 연결되어 있는 경우 ExecuteNonQuery을(를) 사용하려면 트랜잭션이 있어야 합니다. 명령의 Transaction 속성이 초기화되지 않았습니다.
22:34:35:373-[SCH][CV] CV TRACK:102 작업:9001(TYP:1) → CV 명령 발행 (DEST:115)
22:34:35:481-[SCH][CV] CV TRACK:102 발행 실패: 명령에 할당된 연결이 보류 중인 로컬 트랜잭션에 연결되어 있는 경우 ExecuteNonQuery을(를) 사용하려면 트랜잭션이 있어야 합니다. 명령의 Transaction 속성이 초기화되지 않았습니다.
22:34:35:590-[SCH][SC] S/C #902 작업:9002(TYP:2) → 이송 명령 발행 (From:902/0300502 To:105/)
22:34:35:702-[SCH][SC] S/C #902 발행 실패: 명령에 할당된 연결이 보류 중인 로컬 트랜잭션에 연결되어 있는 경우 ExecuteNonQuery을(를) 사용하려면 트랜잭션이 있어야 합니다. 명령의 Transaction 속성이 초기화되지 않았습니다.
22:34:35:808-[SCH][CV] CV TRACK:102 작업:9001(TYP:1) → CV 명령 발행 (DEST:115)
22:34:35:918-[SCH][CV] CV TRACK:102 발행 실패: 명령에 할당된 연결이 보류 중인 로컬 트랜잭션에 연결되어 있는 경우 ExecuteNonQuery을(를) 사용하려면 트랜잭션이 있어야 합니다. 명령의 Transaction 속성이 초기화되지 않았습니다.
22:34:36:029-[SCH][SC] S/C #902 작업:9002(TYP:2) → 이송 명령 발행 (From:902/0300502 To:105/)
22:34:36:141-[SCH][SC] S/C #902 발행 실패: 명령에 할당된 연결이 보류 중인 로컬 트랜잭션에 연결되어 있는 경우 ExecuteNonQuery을(를) 사용하려면 트랜잭션이 있어야 합니다. 명령의 Transaction 속성이 초기화되지 않았습니다.
22:34:36:360-[SCH][CV] CV TRACK:102 작업:9001(TYP:1) → CV 명령 발행 (DEST:115)
22:34:36:469-[SCH][CV] CV TRACK:102 발행 실패: 명령에 할당된 연결이 보류 중인 로컬 트랜잭션에 연결되어 있는 경우 ExecuteNonQuery을(를) 사용하려면 트랜잭션이 있어야 합니다. 명령의 Transaction 속성이 초기화되지 않았습니다.
22:34:36:579-[SCH][SC] S/C #902 작업:9002(TYP:2) → 이송 명령 발행 (From:902/0300502 To:105/)
22:34:36:688-[SCH][SC] S/C #902 발행 실패: 명령에 할당된 연결이 보류 중인 로컬 트랜잭션에 연결되어 있는 경우 ExecuteNonQuery을(를) 사용하려면 트랜잭션이 있어야 합니다. 명령의 Transaction 속성이 초기화되지 않았습니다.
22:34:36:795-[SCH][CV] CV TRACK:102 작업:9001(TYP:1) → CV 명령 발행 (DEST:115)
22:34:36:906-[SCH][CV] CV TRACK:102 발행 실패: 명령에 할당된 연결이 보류 중인 로컬 트랜잭션에 연결되어 있는 경우 ExecuteNonQuery을(를) 사용하려면 트랜잭션이 있어야 합니다. 명령의 Transaction 속성이 초기화되지 않았습니다.
22:34:37:014-[SCH][SC] S/C #902 작업:9002(TYP:2) → 이송 명령 발행 (From:902/0300502 To:105/)
22:34:37:122-[SCH][SC] S/C #902 발행 실패: 명령에 할당된 연결이 보류 중인 로컬 트랜잭션에 연결되어 있는 경우 ExecuteNonQuery을(를) 사용하려면 트랜잭션이 있어야 합니다. 명령의 Transaction 속성이 초기화되지 않았습니다.
22:34:37:231-[SCH][CV] CV TRACK:102 작업:9001(TYP:1) → CV 명령 발행 (DEST:115)
22:34:37:341-[SCH][CV] CV TRACK:102 발행 실패: 명령에 할당된 연결이 보류 중인 로컬 트랜잭션에 연결되어 있는 경우 ExecuteNonQuery을(를) 사용하려면 트랜잭션이 있어야 합니다. 명령의 Transaction 속성이 초기화되지 않았습니다.
22:34:37:452-[SCH][SC] S/C #902 작업:9002(TYP:2) → 이송 명령 발행 (From:902/0300502 To:105/)
22:34:37:562-[SCH][SC] S/C #902 발행 실패: 명령에 할당된 연결이 보류 중인 로컬 트랜잭션에 연결되어 있는 경우 ExecuteNonQuery을(를) 사용하려면 트랜잭션이 있어야 합니다. 명령의 Transaction 속성이 초기화되지 않았습니다.
22:34:37:671-[SCH][CV] CV TRACK:102 작업:9001(TYP:1) → CV 명령 발행 (DEST:115)
22:34:37:780-[SCH][CV] CV TRACK:102 발행 실패: 명령에 할당된 연결이 보류 중인 로컬 트랜잭션에 연결되어 있는 경우 ExecuteNonQuery을(를) 사용하려면 트랜잭션이 있어야 합니다. 명령의 Transaction 속성이 초기화되지 않았습니다.
22:34:37:894-[SCH][SC] S/C #902 작업:9002(TYP:2) → 이송 명령 발행 (From:902/0300502 To:105/)
22:34:38:002-[SCH][SC] S/C #902 발행 실패: 명령에 할당된 연결이 보류 중인 로컬 트랜잭션에 연결되어 있는 경우 ExecuteNonQuery을(를) 사용하려면 트랜잭션이 있어야 합니다. 명령의 Transaction 속성이 초기화되지 않았습니다.
22:34:38:107-[SCH][CV] CV TRACK:102 작업:9001(TYP:1) → CV 명령 발행 (DEST:115)
22:34:38:216-[SCH][CV] CV TRACK:102 발행 실패: 명령에 할당된 연결이 보류 중인 로컬 트랜잭션에 연결되어 있는 경우 ExecuteNonQuery을(를) 사용하려면 트랜잭션이 있어야 합니다. 명령의 Transaction 속성이 초기화되지 않았습니다.
22:34:38:325-[SCH][SC] S/C #902 작업:9002(TYP:2) → 이송 명령 발행 (From:902/0300502 To:105/)
22:34:38:436-[SCH][SC] S/C #902 발행 실패: 명령에 할당된 연결이 보류 중인 로컬 트랜잭션에 연결되어 있는 경우 ExecuteNonQuery을(를) 사용하려면 트랜잭션이 있어야 합니다. 명령의 Transaction 속성이 초기화되지 않았습니다.
22:34:38:652-[SCH][CV] CV TRACK:102 작업:9001(TYP:1) → CV 명령 발행 (DEST:115)
22:34:38:763-[SCH][CV] CV TRACK:102 발행 실패: 명령에 할당된 연결이 보류 중인 로컬 트랜잭션에 연결되어 있는 경우 ExecuteNonQuery을(를) 사용하려면 트랜잭션이 있어야 합니다. 명령의 Transaction 속성이 초기화되지 않았습니다.
22:34:38:872-[SCH][SC] S/C #902 작업:9002(TYP:2) → 이송 명령 발행 (From:902/0300502 To:105/)
22:34:38:984-[SCH][SC] S/C #902 발행 실패: 명령에 할당된 연결이 보류 중인 로컬 트랜잭션에 연결되어 있는 경우 ExecuteNonQuery을(를) 사용하려면 트랜잭션이 있어야 합니다. 명령의 Transaction 속성이 초기화되지 않았습니다.
22:34:39:091-[SCH][CV] CV TRACK:102 작업:9001(TYP:1) → CV 명령 발행 (DEST:115)
22:34:39:199-[SCH][CV] CV TRACK:102 발행 실패: 명령에 할당된 연결이 보류 중인 로컬 트랜잭션에 연결되어 있는 경우 ExecuteNonQuery을(를) 사용하려면 트랜잭션이 있어야 합니다. 명령의 Transaction 속성이 초기화되지 않았습니다.
22:34:39:308-[SCH][SC] S/C #902 작업:9002(TYP:2) → 이송 명령 발행 (From:902/0300502 To:105/)
22:34:39:418-[SCH][SC] S/C #902 발행 실패: 명령에 할당된 연결이 보류 중인 로컬 트랜잭션에 연결되어 있는 경우 ExecuteNonQuery을(를) 사용하려면 트랜잭션이 있어야 합니다. 명령의 Transaction 속성이 초기화되지 않았습니다.
22:34:39:526-[SCH][CV] CV TRACK:102 작업:9001(TYP:1) → CV 명령 발행 (DEST:115)
22:34:39:635-[SCH][CV] CV TRACK:102 발행 실패: 명령에 할당된 연결이 보류 중인 로컬 트랜잭션에 연결되어 있는 경우 ExecuteNonQuery을(를) 사용하려면 트랜잭션이 있어야 합니다. 명령의 Transaction 속성이 초기화되지 않았습니다.
22:34:39:744-[SCH][SC] S/C #902 작업:9002(TYP:2) → 이송 명령 발행 (From:902/0300502 To:105/)
22:34:39:854-[SCH][SC] S/C #902 발행 실패: 명령에 할당된 연결이 보류 중인 로컬 트랜잭션에 연결되어 있는 경우 ExecuteNonQuery을(를) 사용하려면 트랜잭션이 있어야 합니다. 명령의 Transaction 속성이 초기화되지 않았습니다.
22:34:40:071-[SCH][CV] CV TRACK:102 작업:9001(TYP:1) → CV 명령 발행 (DEST:115)
22:34:40:180-[SCH][CV] CV TRACK:102 발행 실패: 명령에 할당된 연결이 보류 중인 로컬 트랜잭션에 연결되어 있는 경우 ExecuteNonQuery을(를) 사용하려면 트랜잭션이 있어야 합니다. 명령의 Transaction 속성이 초기화되지 않았습니다.
22:34:40:289-[SCH][SC] S/C #902 작업:9002(TYP:2) → 이송 명령 발행 (From:902/0300502 To:105/)
22:34:40:396-[SCH][SC] S/C #902 발행 실패: 명령에 할당된 연결이 보류 중인 로컬 트랜잭션에 연결되어 있는 경우 ExecuteNonQuery을(를) 사용하려면 트랜잭션이 있어야 합니다. 명령의 Transaction 속성이 초기화되지 않았습니다.
22:34:40:505-[SCH][CV] CV TRACK:102 작업:9001(TYP:1) → CV 명령 발행 (DEST:115)
22:34:40:615-[SCH][CV] CV TRACK:102 발행 실패: 명령에 할당된 연결이 보류 중인 로컬 트랜잭션에 연결되어 있는 경우 ExecuteNonQuery을(를) 사용하려면 트랜잭션이 있어야 합니다. 명령의 Transaction 속성이 초기화되지 않았습니다.
22:34:40:722-[SCH][SC] S/C #902 작업:9002(TYP:2) → 이송 명령 발행 (From:902/0300502 To:105/)
22:34:40:834-[SCH][SC] S/C #902 발행 실패: 명령에 할당된 연결이 보류 중인 로컬 트랜잭션에 연결되어 있는 경우 ExecuteNonQuery을(를) 사용하려면 트랜잭션이 있어야 합니다. 명령의 Transaction 속성이 초기화되지 않았습니다.
22:34:40:941-[SCH][CV] CV TRACK:102 작업:9001(TYP:1) → CV 명령 발행 (DEST:115)
22:34:41:049-[SCH][CV] CV TRACK:102 발행 실패: 명령에 할당된 연결이 보류 중인 로컬 트랜잭션에 연결되어 있는 경우 ExecuteNonQuery을(를) 사용하려면 트랜잭션이 있어야 합니다. 명령의 Transaction 속성이 초기화되지 않았습니다.
22:34:41:157-[SCH][SC] S/C #902 작업:9002(TYP:2) → 이송 명령 발행 (From:902/0300502 To:105/)
22:34:41:266-[SCH][SC] S/C #902 발행 실패: 명령에 할당된 연결이 보류 중인 로컬 트랜잭션에 연결되어 있는 경우 ExecuteNonQuery을(를) 사용하려면 트랜잭션이 있어야 합니다. 명령의 Transaction 속성이 초기화되지 않았습니다.
22:34:41:374-[SCH][CV] CV TRACK:102 작업:9001(TYP:1) → CV 명령 발행 (DEST:115)
22:34:41:483-[SCH][CV] CV TRACK:102 발행 실패: 명령에 할당된 연결이 보류 중인 로컬 트랜잭션에 연결되어 있는 경우 ExecuteNonQuery을(를) 사용하려면 트랜잭션이 있어야 합니다. 명령의 Transaction 속성이 초기화되지 않았습니다.
22:34:41:594-[SCH][SC] S/C #902 작업:9002(TYP:2) → 이송 명령 발행 (From:902/0300502 To:105/)
22:34:41:705-[SCH][SC] S/C #902 발행 실패: 명령에 할당된 연결이 보류 중인 로컬 트랜잭션에 연결되어 있는 경우 ExecuteNonQuery을(를) 사용하려면 트랜잭션이 있어야 합니다. 명령의 Transaction 속성이 초기화되지 않았습니다.
22:34:41:815-[SCH][CV] CV TRACK:102 작업:9001(TYP:1) → CV 명령 발행 (DEST:115)
22:34:41:922-[SCH][CV] CV TRACK:102 발행 실패: 명령에 할당된 연결이 보류 중인 로컬 트랜잭션에 연결되어 있는 경우 ExecuteNonQuery을(를) 사용하려면 트랜잭션이 있어야 합니다. 명령의 Transaction 속성이 초기화되지 않았습니다.
22:34:42:033-[SCH][SC] S/C #902 작업:9002(TYP:2) → 이송 명령 발행 (From:902/0300502 To:105/)
22:34:42:143-[SCH][SC] S/C #902 발행 실패: 명령에 할당된 연결이 보류 중인 로컬 트랜잭션에 연결되어 있는 경우 ExecuteNonQuery을(를) 사용하려면 트랜잭션이 있어야 합니다. 명령의 Transaction 속성이 초기화되지 않았습니다.
22:34:42:469-[SCH][CV] CV TRACK:102 작업:9001(TYP:1) → CV 명령 발행 (DEST:115)
22:34:42:579-[SCH][CV] CV TRACK:102 발행 실패: 명령에 할당된 연결이 보류 중인 로컬 트랜잭션에 연결되어 있는 경우 ExecuteNonQuery을(를) 사용하려면 트랜잭션이 있어야 합니다. 명령의 Transaction 속성이 초기화되지 않았습니다.
22:34:42:688-[SCH][SC] S/C #902 작업:9002(TYP:2) → 이송 명령 발행 (From:902/0300502 To:105/)
22:34:42:796-[SCH][SC] S/C #902 발행 실패: 명령에 할당된 연결이 보류 중인 로컬 트랜잭션에 연결되어 있는 경우 ExecuteNonQuery을(를) 사용하려면 트랜잭션이 있어야 합니다. 명령의 Transaction 속성이 초기화되지 않았습니다.
22:34:43:232-[SCH][CV] CV TRACK:102 작업:9001(TYP:1) → CV 명령 발행 (DEST:115)
22:34:43:347-[SCH][CV] CV TRACK:102 발행 실패: 명령에 할당된 연결이 보류 중인 로컬 트랜잭션에 연결되어 있는 경우 ExecuteNonQuery을(를) 사용하려면 트랜잭션이 있어야 합니다. 명령의 Transaction 속성이 초기화되지 않았습니다.
22:34:43:453-[SCH][SC] S/C #902 작업:9002(TYP:2) → 이송 명령 발행 (From:902/0300502 To:105/)
22:34:43:562-[SCH][SC] S/C #902 발행 실패: 명령에 할당된 연결이 보류 중인 로컬 트랜잭션에 연결되어 있는 경우 ExecuteNonQuery을(를) 사용하려면 트랜잭션이 있어야 합니다. 명령의 Transaction 속성이 초기화되지 않았습니다.
22:34:43:890-[SCH][CV] CV TRACK:102 작업:9001(TYP:1) → CV 명령 발행 (DEST:115)
22:34:44:000-[SCH][CV] CV TRACK:102 발행 실패: 명령에 할당된 연결이 보류 중인 로컬 트랜잭션에 연결되어 있는 경우 ExecuteNonQuery을(를) 사용하려면 트랜잭션이 있어야 합니다. 명령의 Transaction 속성이 초기화되지 않았습니다.
22:34:44:218-[SCH][SC] S/C #902 작업:9002(TYP:2) → 이송 명령 발행 (From:902/0300502 To:105/)
22:34:44:328-[SCH][SC] S/C #902 발행 실패: 명령에 할당된 연결이 보류 중인 로컬 트랜잭션에 연결되어 있는 경우 ExecuteNonQuery을(를) 사용하려면 트랜잭션이 있어야 합니다. 명령의 Transaction 속성이 초기화되지 않았습니다.
22:34:44:653-[SCH][CV] CV TRACK:102 작업:9001(TYP:1) → CV 명령 발행 (DEST:115)
22:34:44:761-[SCH][CV] CV TRACK:102 발행 실패: 명령에 할당된 연결이 보류 중인 로컬 트랜잭션에 연결되어 있는 경우 ExecuteNonQuery을(를) 사용하려면 트랜잭션이 있어야 합니다. 명령의 Transaction 속성이 초기화되지 않았습니다.
22:34:44:980-[SCH][SC] S/C #902 작업:9002(TYP:2) → 이송 명령 발행 (From:902/0300502 To:105/)
22:34:45:090-[SCH][SC] S/C #902 발행 실패: 명령에 할당된 연결이 보류 중인 로컬 트랜잭션에 연결되어 있는 경우 ExecuteNonQuery을(를) 사용하려면 트랜잭션이 있어야 합니다. 명령의 Transaction 속성이 초기화되지 않았습니다.
22:34:45:414-[SCH][CV] CV TRACK:102 작업:9001(TYP:1) → CV 명령 발행 (DEST:115)
22:34:45:524-[SCH][CV] CV TRACK:102 발행 실패: 명령에 할당된 연결이 보류 중인 로컬 트랜잭션에 연결되어 있는 경우 ExecuteNonQuery을(를) 사용하려면 트랜잭션이 있어야 합니다. 명령의 Transaction 속성이 초기화되지 않았습니다.
22:34:45:743-[SCH][SC] S/C #902 작업:9002(TYP:2) → 이송 명령 발행 (From:902/0300502 To:105/)
22:34:45:853-[SCH][SC] S/C #902 발행 실패: 명령에 할당된 연결이 보류 중인 로컬 트랜잭션에 연결되어 있는 경우 ExecuteNonQuery을(를) 사용하려면 트랜잭션이 있어야 합니다. 명령의 Transaction 속성이 초기화되지 않았습니다.
22:34:46:180-[SCH][CV] CV TRACK:102 작업:9001(TYP:1) → CV 명령 발행 (DEST:115)
22:34:46:288-[SCH][CV] CV TRACK:102 발행 실패: 명령에 할당된 연결이 보류 중인 로컬 트랜잭션에 연결되어 있는 경우 ExecuteNonQuery을(를) 사용하려면 트랜잭션이 있어야 합니다. 명령의 Transaction 속성이 초기화되지 않았습니다.
22:34:46:398-[SCH][SC] S/C #902 작업:9002(TYP:2) → 이송 명령 발행 (From:902/0300502 To:105/)
22:34:46:508-[SCH][SC] S/C #902 발행 실패: 명령에 할당된 연결이 보류 중인 로컬 트랜잭션에 연결되어 있는 경우 ExecuteNonQuery을(를) 사용하려면 트랜잭션이 있어야 합니다. 명령의 Transaction 속성이 초기화되지 않았습니다.
22:34:46:946-[SCH][CV] CV TRACK:102 작업:9001(TYP:1) → CV 명령 발행 (DEST:115)
22:34:47:053-[SCH][CV] CV TRACK:102 발행 실패: 명령에 할당된 연결이 보류 중인 로컬 트랜잭션에 연결되어 있는 경우 ExecuteNonQuery을(를) 사용하려면 트랜잭션이 있어야 합니다. 명령의 Transaction 속성이 초기화되지 않았습니다.
22:34:47:162-[SCH][SC] S/C #902 작업:9002(TYP:2) → 이송 명령 발행 (From:902/0300502 To:105/)
22:34:47:272-[SCH][SC] S/C #902 발행 실패: 명령에 할당된 연결이 보류 중인 로컬 트랜잭션에 연결되어 있는 경우 ExecuteNonQuery을(를) 사용하려면 트랜잭션이 있어야 합니다. 명령의 Transaction 속성이 초기화되지 않았습니다.
22:34:47:381-[SCH][CV] CV TRACK:102 작업:9001(TYP:1) → CV 명령 발행 (DEST:115)
22:34:47:491-[SCH][CV] CV TRACK:102 발행 실패: 명령에 할당된 연결이 보류 중인 로컬 트랜잭션에 연결되어 있는 경우 ExecuteNonQuery을(를) 사용하려면 트랜잭션이 있어야 합니다. 명령의 Transaction 속성이 초기화되지 않았습니다.
22:34:47:602-[SCH][SC] S/C #902 작업:9002(TYP:2) → 이송 명령 발행 (From:902/0300502 To:105/)
22:34:47:712-[SCH][SC] S/C #902 발행 실패: 명령에 할당된 연결이 보류 중인 로컬 트랜잭션에 연결되어 있는 경우 ExecuteNonQuery을(를) 사용하려면 트랜잭션이 있어야 합니다. 명령의 Transaction 속성이 초기화되지 않았습니다.
22:34:47:928-[SCH][CV] CV TRACK:102 작업:9001(TYP:1) → CV 명령 발행 (DEST:115)
22:34:48:037-[SCH][CV] CV TRACK:102 발행 실패: 명령에 할당된 연결이 보류 중인 로컬 트랜잭션에 연결되어 있는 경우 ExecuteNonQuery을(를) 사용하려면 트랜잭션이 있어야 합니다. 명령의 Transaction 속성이 초기화되지 않았습니다.
22:34:48:145-[SCH][SC] S/C #902 작업:9002(TYP:2) → 이송 명령 발행 (From:902/0300502 To:105/)
22:34:48:253-[SCH][SC] S/C #902 발행 실패: 명령에 할당된 연결이 보류 중인 로컬 트랜잭션에 연결되어 있는 경우 ExecuteNonQuery을(를) 사용하려면 트랜잭션이 있어야 합니다. 명령의 Transaction 속성이 초기화되지 않았습니다.
22:34:48:364-[SCH][CV] CV TRACK:102 작업:9001(TYP:1) → CV 명령 발행 (DEST:115)
22:34:48:475-[SCH][CV] CV TRACK:102 발행 실패: 명령에 할당된 연결이 보류 중인 로컬 트랜잭션에 연결되어 있는 경우 ExecuteNonQuery을(를) 사용하려면 트랜잭션이 있어야 합니다. 명령의 Transaction 속성이 초기화되지 않았습니다.
22:34:48:585-[SCH][SC] S/C #902 작업:9002(TYP:2) → 이송 명령 발행 (From:902/0300502 To:105/)
22:34:48:695-[SCH][SC] S/C #902 발행 실패: 명령에 할당된 연결이 보류 중인 로컬 트랜잭션에 연결되어 있는 경우 ExecuteNonQuery을(를) 사용하려면 트랜잭션이 있어야 합니다. 명령의 Transaction 속성이 초기화되지 않았습니다.
22:34:48:807-[SCH][CV] CV TRACK:102 작업:9001(TYP:1) → CV 명령 발행 (DEST:115)
22:34:48:913-[SCH][CV] CV TRACK:102 발행 실패: 명령에 할당된 연결이 보류 중인 로컬 트랜잭션에 연결되어 있는 경우 ExecuteNonQuery을(를) 사용하려면 트랜잭션이 있어야 합니다. 명령의 Transaction 속성이 초기화되지 않았습니다.
22:34:49:023-[SCH][SC] S/C #902 작업:9002(TYP:2) → 이송 명령 발행 (From:902/0300502 To:105/)
22:34:49:135-[SCH][SC] S/C #902 발행 실패: 명령에 할당된 연결이 보류 중인 로컬 트랜잭션에 연결되어 있는 경우 ExecuteNonQuery을(를) 사용하려면 트랜잭션이 있어야 합니다. 명령의 Transaction 속성이 초기화되지 않았습니다.
22:34:49:244-[SCH][CV] CV TRACK:102 작업:9001(TYP:1) → CV 명령 발행 (DEST:115)
22:34:49:350-[SCH][CV] CV TRACK:102 발행 실패: 명령에 할당된 연결이 보류 중인 로컬 트랜잭션에 연결되어 있는 경우 ExecuteNonQuery을(를) 사용하려면 트랜잭션이 있어야 합니다. 명령의 Transaction 속성이 초기화되지 않았습니다.
22:34:49:460-[SCH][SC] S/C #902 작업:9002(TYP:2) → 이송 명령 발행 (From:902/0300502 To:105/)
22:34:49:569-[SCH][SC] S/C #902 발행 실패: 명령에 할당된 연결이 보류 중인 로컬 트랜잭션에 연결되어 있는 경우 ExecuteNonQuery을(를) 사용하려면 트랜잭션이 있어야 합니다. 명령의 Transaction 속성이 초기화되지 않았습니다.
22:34:49:787-[SCH][CV] CV TRACK:102 작업:9001(TYP:1) → CV 명령 발행 (DEST:115)
22:34:49:896-[SCH][CV] CV TRACK:102 발행 실패: 명령에 할당된 연결이 보류 중인 로컬 트랜잭션에 연결되어 있는 경우 ExecuteNonQuery을(를) 사용하려면 트랜잭션이 있어야 합니다. 명령의 Transaction 속성이 초기화되지 않았습니다.
22:34:50:005-[SCH][SC] S/C #902 작업:9002(TYP:2) → 이송 명령 발행 (From:902/0300502 To:105/)
22:34:50:116-[SCH][SC] S/C #902 발행 실패: 명령에 할당된 연결이 보류 중인 로컬 트랜잭션에 연결되어 있는 경우 ExecuteNonQuery을(를) 사용하려면 트랜잭션이 있어야 합니다. 명령의 Transaction 속성이 초기화되지 않았습니다.
22:34:50:224-[SCH][CV] CV TRACK:102 작업:9001(TYP:1) → CV 명령 발행 (DEST:115)
22:34:50:333-[SCH][CV] CV TRACK:102 발행 실패: 명령에 할당된 연결이 보류 중인 로컬 트랜잭션에 연결되어 있는 경우 ExecuteNonQuery을(를) 사용하려면 트랜잭션이 있어야 합니다. 명령의 Transaction 속성이 초기화되지 않았습니다.
22:34:50:442-[SCH][SC] S/C #902 작업:9002(TYP:2) → 이송 명령 발행 (From:902/0300502 To:105/)
22:34:50:551-[SCH][SC] S/C #902 발행 실패: 명령에 할당된 연결이 보류 중인 로컬 트랜잭션에 연결되어 있는 경우 ExecuteNonQuery을(를) 사용하려면 트랜잭션이 있어야 합니다. 명령의 Transaction 속성이 초기화되지 않았습니다.
22:34:50:659-[SCH][CV] CV TRACK:102 작업:9001(TYP:1) → CV 명령 발행 (DEST:115)
22:34:50:768-[SCH][CV] CV TRACK:102 발행 실패: 명령에 할당된 연결이 보류 중인 로컬 트랜잭션에 연결되어 있는 경우 ExecuteNonQuery을(를) 사용하려면 트랜잭션이 있어야 합니다. 명령의 Transaction 속성이 초기화되지 않았습니다.
22:34:50:877-[SCH][SC] S/C #902 작업:9002(TYP:2) → 이송 명령 발행 (From:902/0300502 To:105/)
22:34:50:987-[SCH][SC] S/C #902 발행 실패: 명령에 할당된 연결이 보류 중인 로컬 트랜잭션에 연결되어 있는 경우 ExecuteNonQuery을(를) 사용하려면 트랜잭션이 있어야 합니다. 명령의 Transaction 속성이 초기화되지 않았습니다.
22:34:51:095-[SCH][CV] CV TRACK:102 작업:9001(TYP:1) → CV 명령 발행 (DEST:115)
22:34:51:205-[SCH][CV] CV TRACK:102 발행 실패: 명령에 할당된 연결이 보류 중인 로컬 트랜잭션에 연결되어 있는 경우 ExecuteNonQuery을(를) 사용하려면 트랜잭션이 있어야 합니다. 명령의 Transaction 속성이 초기화되지 않았습니다.
22:34:51:316-[SCH][SC] S/C #902 작업:9002(TYP:2) → 이송 명령 발행 (From:902/0300502 To:105/)
22:34:51:426-[SCH][SC] S/C #902 발행 실패: 명령에 할당된 연결이 보류 중인 로컬 트랜잭션에 연결되어 있는 경우 ExecuteNonQuery을(를) 사용하려면 트랜잭션이 있어야 합니다. 명령의 Transaction 속성이 초기화되지 않았습니다.
22:34:51:537-[SCH][CV] CV TRACK:102 작업:9001(TYP:1) → CV 명령 발행 (DEST:115)
22:34:51:645-[SCH][CV] CV TRACK:102 발행 실패: 명령에 할당된 연결이 보류 중인 로컬 트랜잭션에 연결되어 있는 경우 ExecuteNonQuery을(를) 사용하려면 트랜잭션이 있어야 합니다. 명령의 Transaction 속성이 초기화되지 않았습니다.
22:34:51:752-[SCH][SC] S/C #902 작업:9002(TYP:2) → 이송 명령 발행 (From:902/0300502 To:105/)
22:34:51:861-[SCH][SC] S/C #902 발행 실패: 명령에 할당된 연결이 보류 중인 로컬 트랜잭션에 연결되어 있는 경우 ExecuteNonQuery을(를) 사용하려면 트랜잭션이 있어야 합니다. 명령의 Transaction 속성이 초기화되지 않았습니다.
22:34:52:078-[SCH][CV] CV TRACK:102 작업:9001(TYP:1) → CV 명령 발행 (DEST:115)
22:34:52:187-[SCH][CV] CV TRACK:102 발행 실패: 명령에 할당된 연결이 보류 중인 로컬 트랜잭션에 연결되어 있는 경우 ExecuteNonQuery을(를) 사용하려면 트랜잭션이 있어야 합니다. 명령의 Transaction 속성이 초기화되지 않았습니다.
22:34:52:297-[SCH][SC] S/C #902 작업:9002(TYP:2) → 이송 명령 발행 (From:902/0300502 To:105/)
22:34:52:405-[SCH][SC] S/C #902 발행 실패: 명령에 할당된 연결이 보류 중인 로컬 트랜잭션에 연결되어 있는 경우 ExecuteNonQuery을(를) 사용하려면 트랜잭션이 있어야 합니다. 명령의 Transaction 속성이 초기화되지 않았습니다.
22:34:52:513-[SCH][CV] CV TRACK:102 작업:9001(TYP:1) → CV 명령 발행 (DEST:115)
22:34:52:623-[SCH][CV] CV TRACK:102 발행 실패: 명령에 할당된 연결이 보류 중인 로컬 트랜잭션에 연결되어 있는 경우 ExecuteNonQuery을(를) 사용하려면 트랜잭션이 있어야 합니다. 명령의 Transaction 속성이 초기화되지 않았습니다.
22:34:52:734-[SCH][SC] S/C #902 작업:9002(TYP:2) → 이송 명령 발행 (From:902/0300502 To:105/)
22:34:52:842-[SCH][SC] S/C #902 발행 실패: 명령에 할당된 연결이 보류 중인 로컬 트랜잭션에 연결되어 있는 경우 ExecuteNonQuery을(를) 사용하려면 트랜잭션이 있어야 합니다. 명령의 Transaction 속성이 초기화되지 않았습니다.
22:34:52:952-[SCH][CV] CV TRACK:102 작업:9001(TYP:1) → CV 명령 발행 (DEST:115)
22:34:53:060-[SCH][CV] CV TRACK:102 발행 실패: 명령에 할당된 연결이 보류 중인 로컬 트랜잭션에 연결되어 있는 경우 ExecuteNonQuery을(를) 사용하려면 트랜잭션이 있어야 합니다. 명령의 Transaction 속성이 초기화되지 않았습니다.
22:34:53:169-[SCH][SC] S/C #902 작업:9002(TYP:2) → 이송 명령 발행 (From:902/0300502 To:105/)
22:34:53:280-[SCH][SC] S/C #902 발행 실패: 명령에 할당된 연결이 보류 중인 로컬 트랜잭션에 연결되어 있는 경우 ExecuteNonQuery을(를) 사용하려면 트랜잭션이 있어야 합니다. 명령의 Transaction 속성이 초기화되지 않았습니다.
22:34:53:389-[SCH][CV] CV TRACK:102 작업:9001(TYP:1) → CV 명령 발행 (DEST:115)
22:34:53:497-[SCH][CV] CV TRACK:102 발행 실패: 명령에 할당된 연결이 보류 중인 로컬 트랜잭션에 연결되어 있는 경우 ExecuteNonQuery을(를) 사용하려면 트랜잭션이 있어야 합니다. 명령의 Transaction 속성이 초기화되지 않았습니다.
22:34:53:607-[SCH][SC] S/C #902 작업:9002(TYP:2) → 이송 명령 발행 (From:902/0300502 To:105/)
22:34:53:718-[SCH][SC] S/C #902 발행 실패: 명령에 할당된 연결이 보류 중인 로컬 트랜잭션에 연결되어 있는 경우 ExecuteNonQuery을(를) 사용하려면 트랜잭션이 있어야 합니다. 명령의 Transaction 속성이 초기화되지 않았습니다.
22:34:53:934-[SCH][CV] CV TRACK:102 작업:9001(TYP:1) → CV 명령 발행 (DEST:115)
22:34:54:044-[SCH][CV] CV TRACK:102 발행 실패: 명령에 할당된 연결이 보류 중인 로컬 트랜잭션에 연결되어 있는 경우 ExecuteNonQuery을(를) 사용하려면 트랜잭션이 있어야 합니다. 명령의 Transaction 속성이 초기화되지 않았습니다.
22:34:54:153-[SCH][SC] S/C #902 작업:9002(TYP:2) → 이송 명령 발행 (From:902/0300502 To:105/)
22:34:54:262-[SCH][SC] S/C #902 발행 실패: 명령에 할당된 연결이 보류 중인 로컬 트랜잭션에 연결되어 있는 경우 ExecuteNonQuery을(를) 사용하려면 트랜잭션이 있어야 합니다. 명령의 Transaction 속성이 초기화되지 않았습니다.
22:34:54:371-[SCH][CV] CV TRACK:102 작업:9001(TYP:1) → CV 명령 발행 (DEST:115)
22:34:54:480-[SCH][CV] CV TRACK:102 발행 실패: 명령에 할당된 연결이 보류 중인 로컬 트랜잭션에 연결되어 있는 경우 ExecuteNonQuery을(를) 사용하려면 트랜잭션이 있어야 합니다. 명령의 Transaction 속성이 초기화되지 않았습니다.
22:34:54:589-[SCH][SC] S/C #902 작업:9002(TYP:2) → 이송 명령 발행 (From:902/0300502 To:105/)
22:34:54:697-[SCH][SC] S/C #902 발행 실패: 명령에 할당된 연결이 보류 중인 로컬 트랜잭션에 연결되어 있는 경우 ExecuteNonQuery을(를) 사용하려면 트랜잭션이 있어야 합니다. 명령의 Transaction 속성이 초기화되지 않았습니다.
22:34:54:806-[SCH][CV] CV TRACK:102 작업:9001(TYP:1) → CV 명령 발행 (DEST:115)
22:34:54:917-[SCH][CV] CV TRACK:102 발행 실패: 명령에 할당된 연결이 보류 중인 로컬 트랜잭션에 연결되어 있는 경우 ExecuteNonQuery을(를) 사용하려면 트랜잭션이 있어야 합니다. 명령의 Transaction 속성이 초기화되지 않았습니다.
22:34:55:026-[SCH][SC] S/C #902 작업:9002(TYP:2) → 이송 명령 발행 (From:902/0300502 To:105/)
22:34:55:135-[SCH][SC] S/C #902 발행 실패: 명령에 할당된 연결이 보류 중인 로컬 트랜잭션에 연결되어 있는 경우 ExecuteNonQuery을(를) 사용하려면 트랜잭션이 있어야 합니다. 명령의 Transaction 속성이 초기화되지 않았습니다.
22:34:55:354-[SCH][CV] CV TRACK:102 작업:9001(TYP:1) → CV 명령 발행 (DEST:115)
22:34:55:463-[SCH][CV] CV TRACK:102 발행 실패: 명령에 할당된 연결이 보류 중인 로컬 트랜잭션에 연결되어 있는 경우 ExecuteNonQuery을(를) 사용하려면 트랜잭션이 있어야 합니다. 명령의 Transaction 속성이 초기화되지 않았습니다.
22:34:55:573-[SCH][SC] S/C #902 작업:9002(TYP:2) → 이송 명령 발행 (From:902/0300502 To:105/)
22:34:55:682-[SCH][SC] S/C #902 발행 실패: 명령에 할당된 연결이 보류 중인 로컬 트랜잭션에 연결되어 있는 경우 ExecuteNonQuery을(를) 사용하려면 트랜잭션이 있어야 합니다. 명령의 Transaction 속성이 초기화되지 않았습니다.
22:34:55:898-[SCH][CV] CV TRACK:102 작업:9001(TYP:1) → CV 명령 발행 (DEST:115)
22:34:56:009-[SCH][CV] CV TRACK:102 발행 실패: 명령에 할당된 연결이 보류 중인 로컬 트랜잭션에 연결되어 있는 경우 ExecuteNonQuery을(를) 사용하려면 트랜잭션이 있어야 합니다. 명령의 Transaction 속성이 초기화되지 않았습니다.
22:34:56:117-[SCH][SC] S/C #902 작업:9002(TYP:2) → 이송 명령 발행 (From:902/0300502 To:105/)
22:34:56:226-[SCH][SC] S/C #902 발행 실패: 명령에 할당된 연결이 보류 중인 로컬 트랜잭션에 연결되어 있는 경우 ExecuteNonQuery을(를) 사용하려면 트랜잭션이 있어야 합니다. 명령의 Transaction 속성이 초기화되지 않았습니다.
22:34:56:335-[SCH][CV] CV TRACK:102 작업:9001(TYP:1) → CV 명령 발행 (DEST:115)
22:34:56:444-[SCH][CV] CV TRACK:102 발행 실패: 명령에 할당된 연결이 보류 중인 로컬 트랜잭션에 연결되어 있는 경우 ExecuteNonQuery을(를) 사용하려면 트랜잭션이 있어야 합니다. 명령의 Transaction 속성이 초기화되지 않았습니다.
22:34:56:554-[SCH][SC] S/C #902 작업:9002(TYP:2) → 이송 명령 발행 (From:902/0300502 To:105/)
22:34:56:662-[SCH][SC] S/C #902 발행 실패: 명령에 할당된 연결이 보류 중인 로컬 트랜잭션에 연결되어 있는 경우 ExecuteNonQuery을(를) 사용하려면 트랜잭션이 있어야 합니다. 명령의 Transaction 속성이 초기화되지 않았습니다.
22:34:56:772-[SCH][CV] CV TRACK:102 작업:9001(TYP:1) → CV 명령 발행 (DEST:115)
22:34:56:882-[SCH][CV] CV TRACK:102 발행 실패: 명령에 할당된 연결이 보류 중인 로컬 트랜잭션에 연결되어 있는 경우 ExecuteNonQuery을(를) 사용하려면 트랜잭션이 있어야 합니다. 명령의 Transaction 속성이 초기화되지 않았습니다.
22:34:56:991-[SCH][SC] S/C #902 작업:9002(TYP:2) → 이송 명령 발행 (From:902/0300502 To:105/)
22:34:57:102-[SCH][SC] S/C #902 발행 실패: 명령에 할당된 연결이 보류 중인 로컬 트랜잭션에 연결되어 있는 경우 ExecuteNonQuery을(를) 사용하려면 트랜잭션이 있어야 합니다. 명령의 Transaction 속성이 초기화되지 않았습니다.
22:34:57:319-[SCH][CV] CV TRACK:102 작업:9001(TYP:1) → CV 명령 발행 (DEST:115)
22:34:57:426-[SCH][CV] CV TRACK:102 발행 실패: 명령에 할당된 연결이 보류 중인 로컬 트랜잭션에 연결되어 있는 경우 ExecuteNonQuery을(를) 사용하려면 트랜잭션이 있어야 합니다. 명령의 Transaction 속성이 초기화되지 않았습니다.
22:34:57:536-[SCH][SC] S/C #902 작업:9002(TYP:2) → 이송 명령 발행 (From:902/0300502 To:105/)
22:34:57:645-[SCH][SC] S/C #902 발행 실패: 명령에 할당된 연결이 보류 중인 로컬 트랜잭션에 연결되어 있는 경우 ExecuteNonQuery을(를) 사용하려면 트랜잭션이 있어야 합니다. 명령의 Transaction 속성이 초기화되지 않았습니다.
22:34:57:754-[SCH][CV] CV TRACK:102 작업:9001(TYP:1) → CV 명령 발행 (DEST:115)
22:34:57:864-[SCH][CV] CV TRACK:102 발행 실패: 명령에 할당된 연결이 보류 중인 로컬 트랜잭션에 연결되어 있는 경우 ExecuteNonQuery을(를) 사용하려면 트랜잭션이 있어야 합니다. 명령의 Transaction 속성이 초기화되지 않았습니다.
22:34:57:973-[SCH][SC] S/C #902 작업:9002(TYP:2) → 이송 명령 발행 (From:902/0300502 To:105/)
22:34:58:084-[SCH][SC] S/C #902 발행 실패: 명령에 할당된 연결이 보류 중인 로컬 트랜잭션에 연결되어 있는 경우 ExecuteNonQuery을(를) 사용하려면 트랜잭션이 있어야 합니다. 명령의 Transaction 속성이 초기화되지 않았습니다.
22:34:58:302-[SCH][CV] CV TRACK:102 작업:9001(TYP:1) → CV 명령 발행 (DEST:115)
22:34:58:411-[SCH][CV] CV TRACK:102 발행 실패: 명령에 할당된 연결이 보류 중인 로컬 트랜잭션에 연결되어 있는 경우 ExecuteNonQuery을(를) 사용하려면 트랜잭션이 있어야 합니다. 명령의 Transaction 속성이 초기화되지 않았습니다.
22:34:58:520-[SCH][SC] S/C #902 작업:9002(TYP:2) → 이송 명령 발행 (From:902/0300502 To:105/)
22:34:58:629-[SCH][SC] S/C #902 발행 실패: 명령에 할당된 연결이 보류 중인 로컬 트랜잭션에 연결되어 있는 경우 ExecuteNonQuery을(를) 사용하려면 트랜잭션이 있어야 합니다. 명령의 Transaction 속성이 초기화되지 않았습니다.
22:34:58:739-[SCH][CV] CV TRACK:102 작업:9001(TYP:1) → CV 명령 발행 (DEST:115)
22:34:58:846-[SCH][CV] CV TRACK:102 발행 실패: 명령에 할당된 연결이 보류 중인 로컬 트랜잭션에 연결되어 있는 경우 ExecuteNonQuery을(를) 사용하려면 트랜잭션이 있어야 합니다. 명령의 Transaction 속성이 초기화되지 않았습니다.
22:34:58:957-[SCH][SC] S/C #902 작업:9002(TYP:2) → 이송 명령 발행 (From:902/0300502 To:105/)
22:34:59:069-[SCH][SC] S/C #902 발행 실패: 명령에 할당된 연결이 보류 중인 로컬 트랜잭션에 연결되어 있는 경우 ExecuteNonQuery을(를) 사용하려면 트랜잭션이 있어야 합니다. 명령의 Transaction 속성이 초기화되지 않았습니다.
22:34:59:284-[SCH][CV] CV TRACK:102 작업:9001(TYP:1) → CV 명령 발행 (DEST:115)
22:34:59:394-[SCH][CV] CV TRACK:102 발행 실패: 명령에 할당된 연결이 보류 중인 로컬 트랜잭션에 연결되어 있는 경우 ExecuteNonQuery을(를) 사용하려면 트랜잭션이 있어야 합니다. 명령의 Transaction 속성이 초기화되지 않았습니다.
22:34:59:503-[SCH][SC] S/C #902 작업:9002(TYP:2) → 이송 명령 발행 (From:902/0300502 To:105/)
22:34:59:611-[SCH][SC] S/C #902 발행 실패: 명령에 할당된 연결이 보류 중인 로컬 트랜잭션에 연결되어 있는 경우 ExecuteNonQuery을(를) 사용하려면 트랜잭션이 있어야 합니다. 명령의 Transaction 속성이 초기화되지 않았습니다.
22:34:59:720-[SCH][CV] CV TRACK:102 작업:9001(TYP:1) → CV 명령 발행 (DEST:115)
22:34:59:830-[SCH][CV] CV TRACK:102 발행 실패: 명령에 할당된 연결이 보류 중인 로컬 트랜잭션에 연결되어 있는 경우 ExecuteNonQuery을(를) 사용하려면 트랜잭션이 있어야 합니다. 명령의 Transaction 속성이 초기화되지 않았습니다.
22:34:59:938-[SCH][SC] S/C #902 작업:9002(TYP:2) → 이송 명령 발행 (From:902/0300502 To:105/)
22:35:00:049-[SCH][SC] S/C #902 발행 실패: 명령에 할당된 연결이 보류 중인 로컬 트랜잭션에 연결되어 있는 경우 ExecuteNonQuery을(를) 사용하려면 트랜잭션이 있어야 합니다. 명령의 Transaction 속성이 초기화되지 않았습니다.
22:35:00:266-[SCH][CV] CV TRACK:102 작업:9001(TYP:1) → CV 명령 발행 (DEST:115)
22:35:00:376-[SCH][CV] CV TRACK:102 발행 실패: 명령에 할당된 연결이 보류 중인 로컬 트랜잭션에 연결되어 있는 경우 ExecuteNonQuery을(를) 사용하려면 트랜잭션이 있어야 합니다. 명령의 Transaction 속성이 초기화되지 않았습니다.
22:35:00:485-[SCH][SC] S/C #902 작업:9002(TYP:2) → 이송 명령 발행 (From:902/0300502 To:105/)
22:35:00:595-[SCH][SC] S/C #902 발행 실패: 명령에 할당된 연결이 보류 중인 로컬 트랜잭션에 연결되어 있는 경우 ExecuteNonQuery을(를) 사용하려면 트랜잭션이 있어야 합니다. 명령의 Transaction 속성이 초기화되지 않았습니다.
22:35:00:705-[SCH][CV] CV TRACK:102 작업:9001(TYP:1) → CV 명령 발행 (DEST:115)
22:35:00:813-[SCH][CV] CV TRACK:102 발행 실패: 명령에 할당된 연결이 보류 중인 로컬 트랜잭션에 연결되어 있는 경우 ExecuteNonQuery을(를) 사용하려면 트랜잭션이 있어야 합니다. 명령의 Transaction 속성이 초기화되지 않았습니다.
22:35:00:922-[SCH][SC] S/C #902 작업:9002(TYP:2) → 이송 명령 발행 (From:902/0300502 To:105/)
22:35:01:032-[SCH][SC] S/C #902 발행 실패: 명령에 할당된 연결이 보류 중인 로컬 트랜잭션에 연결되어 있는 경우 ExecuteNonQuery을(를) 사용하려면 트랜잭션이 있어야 합니다. 명령의 Transaction 속성이 초기화되지 않았습니다.
22:35:01:250-[SCH][CV] CV TRACK:102 작업:9001(TYP:1) → CV 명령 발행 (DEST:115)
22:35:01:360-[SCH][CV] CV TRACK:102 발행 실패: 명령에 할당된 연결이 보류 중인 로컬 트랜잭션에 연결되어 있는 경우 ExecuteNonQuery을(를) 사용하려면 트랜잭션이 있어야 합니다. 명령의 Transaction 속성이 초기화되지 않았습니다.
22:35:01:470-[SCH][SC] S/C #902 작업:9002(TYP:2) → 이송 명령 발행 (From:902/0300502 To:105/)
22:35:01:577-[SCH][SC] S/C #902 발행 실패: 명령에 할당된 연결이 보류 중인 로컬 트랜잭션에 연결되어 있는 경우 ExecuteNonQuery을(를) 사용하려면 트랜잭션이 있어야 합니다. 명령의 Transaction 속성이 초기화되지 않았습니다.
22:35:01:687-[SCH][CV] CV TRACK:102 작업:9001(TYP:1) → CV 명령 발행 (DEST:115)
22:35:01:799-[SCH][CV] CV TRACK:102 발행 실패: 명령에 할당된 연결이 보류 중인 로컬 트랜잭션에 연결되어 있는 경우 ExecuteNonQuery을(를) 사용하려면 트랜잭션이 있어야 합니다. 명령의 Transaction 속성이 초기화되지 않았습니다.
22:35:01:909-[SCH][SC] S/C #902 작업:9002(TYP:2) → 이송 명령 발행 (From:902/0300502 To:105/)
22:35:02:020-[SCH][SC] S/C #902 발행 실패: 명령에 할당된 연결이 보류 중인 로컬 트랜잭션에 연결되어 있는 경우 ExecuteNonQuery을(를) 사용하려면 트랜잭션이 있어야 합니다. 명령의 Transaction 속성이 초기화되지 않았습니다.
22:35:02:126-[SCH][CV] CV TRACK:102 작업:9001(TYP:1) → CV 명령 발행 (DEST:115)
22:35:02:235-[SCH][CV] CV TRACK:102 발행 실패: 명령에 할당된 연결이 보류 중인 로컬 트랜잭션에 연결되어 있는 경우 ExecuteNonQuery을(를) 사용하려면 트랜잭션이 있어야 합니다. 명령의 Transaction 속성이 초기화되지 않았습니다.
22:35:02:345-[SCH][SC] S/C #902 작업:9002(TYP:2) → 이송 명령 발행 (From:902/0300502 To:105/)
22:35:02:456-[SCH][SC] S/C #902 발행 실패: 명령에 할당된 연결이 보류 중인 로컬 트랜잭션에 연결되어 있는 경우 ExecuteNonQuery을(를) 사용하려면 트랜잭션이 있어야 합니다. 명령의 Transaction 속성이 초기화되지 않았습니다.
22:35:02:673-[SCH][CV] CV TRACK:102 작업:9001(TYP:1) → CV 명령 발행 (DEST:115)
22:35:02:781-[SCH][CV] CV TRACK:102 발행 실패: 명령에 할당된 연결이 보류 중인 로컬 트랜잭션에 연결되어 있는 경우 ExecuteNonQuery을(를) 사용하려면 트랜잭션이 있어야 합니다. 명령의 Transaction 속성이 초기화되지 않았습니다.
22:35:02:890-[SCH][SC] S/C #902 작업:9002(TYP:2) → 이송 명령 발행 (From:902/0300502 To:105/)
22:35:03:002-[SCH][SC] S/C #902 발행 실패: 명령에 할당된 연결이 보류 중인 로컬 트랜잭션에 연결되어 있는 경우 ExecuteNonQuery을(를) 사용하려면 트랜잭션이 있어야 합니다. 명령의 Transaction 속성이 초기화되지 않았습니다.
22:35:03:109-[SCH][CV] CV TRACK:102 작업:9001(TYP:1) → CV 명령 발행 (DEST:115)
22:35:03:326-[SCH][CV] CV TRACK:102 발행 실패: 명령에 할당된 연결이 보류 중인 로컬 트랜잭션에 연결되어 있는 경우 ExecuteNonQuery을(를) 사용하려면 트랜잭션이 있어야 합니다. 명령의 Transaction 속성이 초기화되지 않았습니다.
22:35:03:434-[SCH][SC] S/C #902 작업:9002(TYP:2) → 이송 명령 발행 (From:902/0300502 To:105/)
22:35:03:542-[SCH][SC] S/C #902 발행 실패: 명령에 할당된 연결이 보류 중인 로컬 트랜잭션에 연결되어 있는 경우 ExecuteNonQuery을(를) 사용하려면 트랜잭션이 있어야 합니다. 명령의 Transaction 속성이 초기화되지 않았습니다.
22:35:03:651-[SCH][CV] CV TRACK:102 작업:9001(TYP:1) → CV 명령 발행 (DEST:115)
22:35:03:761-[SCH][CV] CV TRACK:102 발행 실패: 명령에 할당된 연결이 보류 중인 로컬 트랜잭션에 연결되어 있는 경우 ExecuteNonQuery을(를) 사용하려면 트랜잭션이 있어야 합니다. 명령의 Transaction 속성이 초기화되지 않았습니다.
22:35:03:870-[SCH][SC] S/C #902 작업:9002(TYP:2) → 이송 명령 발행 (From:902/0300502 To:105/)
22:35:03:980-[SCH][SC] S/C #902 발행 실패: 명령에 할당된 연결이 보류 중인 로컬 트랜잭션에 연결되어 있는 경우 ExecuteNonQuery을(를) 사용하려면 트랜잭션이 있어야 합니다. 명령의 Transaction 속성이 초기화되지 않았습니다.
22:35:04:198-[SCH][CV] CV TRACK:102 작업:9001(TYP:1) → CV 명령 발행 (DEST:115)
22:35:04:308-[SCH][CV] CV TRACK:102 발행 실패: 명령에 할당된 연결이 보류 중인 로컬 트랜잭션에 연결되어 있는 경우 ExecuteNonQuery을(를) 사용하려면 트랜잭션이 있어야 합니다. 명령의 Transaction 속성이 초기화되지 않았습니다.
22:35:04:417-[SCH][SC] S/C #902 작업:9002(TYP:2) → 이송 명령 발행 (From:902/0300502 To:105/)
22:35:04:525-[SCH][SC] S/C #902 발행 실패: 명령에 할당된 연결이 보류 중인 로컬 트랜잭션에 연결되어 있는 경우 ExecuteNonQuery을(를) 사용하려면 트랜잭션이 있어야 합니다. 명령의 Transaction 속성이 초기화되지 않았습니다.
22:35:04:634-[SCH][CV] CV TRACK:102 작업:9001(TYP:1) → CV 명령 발행 (DEST:115)
22:35:04:741-[SCH][CV] CV TRACK:102 발행 실패: 명령에 할당된 연결이 보류 중인 로컬 트랜잭션에 연결되어 있는 경우 ExecuteNonQuery을(를) 사용하려면 트랜잭션이 있어야 합니다. 명령의 Transaction 속성이 초기화되지 않았습니다.
22:35:04:851-[SCH][SC] S/C #902 작업:9002(TYP:2) → 이송 명령 발행 (From:902/0300502 To:105/)
22:35:04:960-[SCH][SC] S/C #902 발행 실패: 명령에 할당된 연결이 보류 중인 로컬 트랜잭션에 연결되어 있는 경우 ExecuteNonQuery을(를) 사용하려면 트랜잭션이 있어야 합니다. 명령의 Transaction 속성이 초기화되지 않았습니다.
22:35:05:070-[SCH][CV] CV TRACK:102 작업:9001(TYP:1) → CV 명령 발행 (DEST:115)
22:35:05:179-[SCH][CV] CV TRACK:102 발행 실패: 명령에 할당된 연결이 보류 중인 로컬 트랜잭션에 연결되어 있는 경우 ExecuteNonQuery을(를) 사용하려면 트랜잭션이 있어야 합니다. 명령의 Transaction 속성이 초기화되지 않았습니다.
22:35:05:289-[SCH][SC] S/C #902 작업:9002(TYP:2) → 이송 명령 발행 (From:902/0300502 To:105/)
22:35:05:396-[SCH][SC] S/C #902 발행 실패: 명령에 할당된 연결이 보류 중인 로컬 트랜잭션에 연결되어 있는 경우 ExecuteNonQuery을(를) 사용하려면 트랜잭션이 있어야 합니다. 명령의 Transaction 속성이 초기화되지 않았습니다.
22:35:05:614-[SCH][CV] CV TRACK:102 작업:9001(TYP:1) → CV 명령 발행 (DEST:115)
22:35:05:725-[SCH][CV] CV TRACK:102 발행 실패: 명령에 할당된 연결이 보류 중인 로컬 트랜잭션에 연결되어 있는 경우 ExecuteNonQuery을(를) 사용하려면 트랜잭션이 있어야 합니다. 명령의 Transaction 속성이 초기화되지 않았습니다.
22:35:05:835-[SCH][SC] S/C #902 작업:9002(TYP:2) → 이송 명령 발행 (From:902/0300502 To:105/)
22:35:05:944-[SCH][SC] S/C #902 발행 실패: 명령에 할당된 연결이 보류 중인 로컬 트랜잭션에 연결되어 있는 경우 ExecuteNonQuery을(를) 사용하려면 트랜잭션이 있어야 합니다. 명령의 Transaction 속성이 초기화되지 않았습니다.
22:35:06:054-[SCH][CV] CV TRACK:102 작업:9001(TYP:1) → CV 명령 발행 (DEST:115)
22:35:06:164-[SCH][CV] CV TRACK:102 발행 실패: 명령에 할당된 연결이 보류 중인 로컬 트랜잭션에 연결되어 있는 경우 ExecuteNonQuery을(를) 사용하려면 트랜잭션이 있어야 합니다. 명령의 Transaction 속성이 초기화되지 않았습니다.
22:35:06:272-[SCH][SC] S/C #902 작업:9002(TYP:2) → 이송 명령 발행 (From:902/0300502 To:105/)
22:35:06:382-[SCH][SC] S/C #902 발행 실패: 명령에 할당된 연결이 보류 중인 로컬 트랜잭션에 연결되어 있는 경우 ExecuteNonQuery을(를) 사용하려면 트랜잭션이 있어야 합니다. 명령의 Transaction 속성이 초기화되지 않았습니다.
22:35:06:492-[SCH][CV] CV TRACK:102 작업:9001(TYP:1) → CV 명령 발행 (DEST:115)
22:35:06:603-[SCH][CV] CV TRACK:102 발행 실패: 명령에 할당된 연결이 보류 중인 로컬 트랜잭션에 연결되어 있는 경우 ExecuteNonQuery을(를) 사용하려면 트랜잭션이 있어야 합니다. 명령의 Transaction 속성이 초기화되지 않았습니다.
22:35:06:711-[SCH][SC] S/C #902 작업:9002(TYP:2) → 이송 명령 발행 (From:902/0300502 To:105/)
22:35:06:822-[SCH][SC] S/C #902 발행 실패: 명령에 할당된 연결이 보류 중인 로컬 트랜잭션에 연결되어 있는 경우 ExecuteNonQuery을(를) 사용하려면 트랜잭션이 있어야 합니다. 명령의 Transaction 속성이 초기화되지 않았습니다.
22:35:07:042-[SCH][CV] CV TRACK:102 작업:9001(TYP:1) → CV 명령 발행 (DEST:115)
22:35:07:152-[SCH][CV] CV TRACK:102 발행 실패: 명령에 할당된 연결이 보류 중인 로컬 트랜잭션에 연결되어 있는 경우 ExecuteNonQuery을(를) 사용하려면 트랜잭션이 있어야 합니다. 명령의 Transaction 속성이 초기화되지 않았습니다.
22:35:07:262-[SCH][SC] S/C #902 작업:9002(TYP:2) → 이송 명령 발행 (From:902/0300502 To:105/)
22:35:07:373-[SCH][SC] S/C #902 발행 실패: 명령에 할당된 연결이 보류 중인 로컬 트랜잭션에 연결되어 있는 경우 ExecuteNonQuery을(를) 사용하려면 트랜잭션이 있어야 합니다. 명령의 Transaction 속성이 초기화되지 않았습니다.
22:35:07:483-[SCH][CV] CV TRACK:102 작업:9001(TYP:1) → CV 명령 발행 (DEST:115)
22:35:07:591-[SCH][CV] CV TRACK:102 발행 실패: 명령에 할당된 연결이 보류 중인 로컬 트랜잭션에 연결되어 있는 경우 ExecuteNonQuery을(를) 사용하려면 트랜잭션이 있어야 합니다. 명령의 Transaction 속성이 초기화되지 않았습니다.
22:35:07:700-[SCH][SC] S/C #902 작업:9002(TYP:2) → 이송 명령 발행 (From:902/0300502 To:105/)
22:35:07:810-[SCH][SC] S/C #902 발행 실패: 명령에 할당된 연결이 보류 중인 로컬 트랜잭션에 연결되어 있는 경우 ExecuteNonQuery을(를) 사용하려면 트랜잭션이 있어야 합니다. 명령의 Transaction 속성이 초기화되지 않았습니다.
22:35:08:027-[SCH][CV] CV TRACK:102 작업:9001(TYP:1) → CV 명령 발행 (DEST:115)
22:35:08:139-[SCH][CV] CV TRACK:102 발행 실패: 명령에 할당된 연결이 보류 중인 로컬 트랜잭션에 연결되어 있는 경우 ExecuteNonQuery을(를) 사용하려면 트랜잭션이 있어야 합니다. 명령의 Transaction 속성이 초기화되지 않았습니다.
22:35:08:249-[SCH][SC] S/C #902 작업:9002(TYP:2) → 이송 명령 발행 (From:902/0300502 To:105/)
22:35:08:358-[SCH][SC] S/C #902 발행 실패: 명령에 할당된 연결이 보류 중인 로컬 트랜잭션에 연결되어 있는 경우 ExecuteNonQuery을(를) 사용하려면 트랜잭션이 있어야 합니다. 명령의 Transaction 속성이 초기화되지 않았습니다.
22:35:08:466-[SCH][CV] CV TRACK:102 작업:9001(TYP:1) → CV 명령 발행 (DEST:115)
22:35:08:575-[SCH][CV] CV TRACK:102 발행 실패: 명령에 할당된 연결이 보류 중인 로컬 트랜잭션에 연결되어 있는 경우 ExecuteNonQuery을(를) 사용하려면 트랜잭션이 있어야 합니다. 명령의 Transaction 속성이 초기화되지 않았습니다.
22:35:08:685-[SCH][SC] S/C #902 작업:9002(TYP:2) → 이송 명령 발행 (From:902/0300502 To:105/)
22:35:08:797-[SCH][SC] S/C #902 발행 실패: 명령에 할당된 연결이 보류 중인 로컬 트랜잭션에 연결되어 있는 경우 ExecuteNonQuery을(를) 사용하려면 트랜잭션이 있어야 합니다. 명령의 Transaction 속성이 초기화되지 않았습니다.
22:35:08:904-[SCH][CV] CV TRACK:102 작업:9001(TYP:1) → CV 명령 발행 (DEST:115)
22:35:09:013-[SCH][CV] CV TRACK:102 발행 실패: 명령에 할당된 연결이 보류 중인 로컬 트랜잭션에 연결되어 있는 경우 ExecuteNonQuery을(를) 사용하려면 트랜잭션이 있어야 합니다. 명령의 Transaction 속성이 초기화되지 않았습니다.
22:35:09:123-[SCH][SC] S/C #902 작업:9002(TYP:2) → 이송 명령 발행 (From:902/0300502 To:105/)
22:35:09:233-[SCH][SC] S/C #902 발행 실패: 명령에 할당된 연결이 보류 중인 로컬 트랜잭션에 연결되어 있는 경우 ExecuteNonQuery을(를) 사용하려면 트랜잭션이 있어야 합니다. 명령의 Transaction 속성이 초기화되지 않았습니다.
22:35:09:450-[SCH][CV] CV TRACK:102 작업:9001(TYP:1) → CV 명령 발행 (DEST:115)
22:35:09:561-[SCH][CV] CV TRACK:102 발행 실패: 명령에 할당된 연결이 보류 중인 로컬 트랜잭션에 연결되어 있는 경우 ExecuteNonQuery을(를) 사용하려면 트랜잭션이 있어야 합니다. 명령의 Transaction 속성이 초기화되지 않았습니다.
22:35:09:671-[SCH][SC] S/C #902 작업:9002(TYP:2) → 이송 명령 발행 (From:902/0300502 To:105/)
22:35:09:782-[SCH][SC] S/C #902 발행 실패: 명령에 할당된 연결이 보류 중인 로컬 트랜잭션에 연결되어 있는 경우 ExecuteNonQuery을(를) 사용하려면 트랜잭션이 있어야 합니다. 명령의 Transaction 속성이 초기화되지 않았습니다.
22:35:09:892-[SCH][CV] CV TRACK:102 작업:9001(TYP:1) → CV 명령 발행 (DEST:115)
22:35:10:000-[SCH][CV] CV TRACK:102 발행 실패: 명령에 할당된 연결이 보류 중인 로컬 트랜잭션에 연결되어 있는 경우 ExecuteNonQuery을(를) 사용하려면 트랜잭션이 있어야 합니다. 명령의 Transaction 속성이 초기화되지 않았습니다.
22:35:10:108-[SCH][SC] S/C #902 작업:9002(TYP:2) → 이송 명령 발행 (From:902/0300502 To:105/)
22:35:10:217-[SCH][SC] S/C #902 발행 실패: 명령에 할당된 연결이 보류 중인 로컬 트랜잭션에 연결되어 있는 경우 ExecuteNonQuery을(를) 사용하려면 트랜잭션이 있어야 합니다. 명령의 Transaction 속성이 초기화되지 않았습니다.
22:35:10:434-[SCH][CV] CV TRACK:102 작업:9001(TYP:1) → CV 명령 발행 (DEST:115)
22:35:10:543-[SCH][CV] CV TRACK:102 발행 실패: 명령에 할당된 연결이 보류 중인 로컬 트랜잭션에 연결되어 있는 경우 ExecuteNonQuery을(를) 사용하려면 트랜잭션이 있어야 합니다. 명령의 Transaction 속성이 초기화되지 않았습니다.
22:35:10:653-[SCH][SC] S/C #902 작업:9002(TYP:2) → 이송 명령 발행 (From:902/0300502 To:105/)
22:35:10:762-[SCH][SC] S/C #902 발행 실패: 명령에 할당된 연결이 보류 중인 로컬 트랜잭션에 연결되어 있는 경우 ExecuteNonQuery을(를) 사용하려면 트랜잭션이 있어야 합니다. 명령의 Transaction 속성이 초기화되지 않았습니다.
22:35:10:870-[SCH][CV] CV TRACK:102 작업:9001(TYP:1) → CV 명령 발행 (DEST:115)
22:35:10:979-[SCH][CV] CV TRACK:102 발행 실패: 명령에 할당된 연결이 보류 중인 로컬 트랜잭션에 연결되어 있는 경우 ExecuteNonQuery을(를) 사용하려면 트랜잭션이 있어야 합니다. 명령의 Transaction 속성이 초기화되지 않았습니다.
22:35:11:089-[SCH][SC] S/C #902 작업:9002(TYP:2) → 이송 명령 발행 (From:902/0300502 To:105/)
22:35:11:198-[SCH][SC] S/C #902 발행 실패: 명령에 할당된 연결이 보류 중인 로컬 트랜잭션에 연결되어 있는 경우 ExecuteNonQuery을(를) 사용하려면 트랜잭션이 있어야 합니다. 명령의 Transaction 속성이 초기화되지 않았습니다.
22:35:11:415-[SCH][CV] CV TRACK:102 작업:9001(TYP:1) → CV 명령 발행 (DEST:115)
22:35:11:525-[SCH][CV] CV TRACK:102 발행 실패: 명령에 할당된 연결이 보류 중인 로컬 트랜잭션에 연결되어 있는 경우 ExecuteNonQuery을(를) 사용하려면 트랜잭션이 있어야 합니다. 명령의 Transaction 속성이 초기화되지 않았습니다.
22:35:11:635-[SCH][SC] S/C #902 작업:9002(TYP:2) → 이송 명령 발행 (From:902/0300502 To:105/)
22:35:11:745-[SCH][SC] S/C #902 발행 실패: 명령에 할당된 연결이 보류 중인 로컬 트랜잭션에 연결되어 있는 경우 ExecuteNonQuery을(를) 사용하려면 트랜잭션이 있어야 합니다. 명령의 Transaction 속성이 초기화되지 않았습니다.
22:35:11:856-[SCH][CV] CV TRACK:102 작업:9001(TYP:1) → CV 명령 발행 (DEST:115)
22:35:11:965-[SCH][CV] CV TRACK:102 발행 실패: 명령에 할당된 연결이 보류 중인 로컬 트랜잭션에 연결되어 있는 경우 ExecuteNonQuery을(를) 사용하려면 트랜잭션이 있어야 합니다. 명령의 Transaction 속성이 초기화되지 않았습니다.
22:35:12:074-[SCH][SC] S/C #902 작업:9002(TYP:2) → 이송 명령 발행 (From:902/0300502 To:105/)
22:35:12:185-[SCH][SC] S/C #902 발행 실패: 명령에 할당된 연결이 보류 중인 로컬 트랜잭션에 연결되어 있는 경우 ExecuteNonQuery을(를) 사용하려면 트랜잭션이 있어야 합니다. 명령의 Transaction 속성이 초기화되지 않았습니다.
22:35:12:295-[SCH][CV] CV TRACK:102 작업:9001(TYP:1) → CV 명령 발행 (DEST:115)
22:35:12:404-[SCH][CV] CV TRACK:102 발행 실패: 명령에 할당된 연결이 보류 중인 로컬 트랜잭션에 연결되어 있는 경우 ExecuteNonQuery을(를) 사용하려면 트랜잭션이 있어야 합니다. 명령의 Transaction 속성이 초기화되지 않았습니다.
22:35:12:511-[SCH][SC] S/C #902 작업:9002(TYP:2) → 이송 명령 발행 (From:902/0300502 To:105/)
22:35:12:618-[SCH][SC] S/C #902 발행 실패: 명령에 할당된 연결이 보류 중인 로컬 트랜잭션에 연결되어 있는 경우 ExecuteNonQuery을(를) 사용하려면 트랜잭션이 있어야 합니다. 명령의 Transaction 속성이 초기화되지 않았습니다.
22:35:12:837-[SCH][CV] CV TRACK:102 작업:9001(TYP:1) → CV 명령 발행 (DEST:115)
22:35:12:947-[SCH][CV] CV TRACK:102 발행 실패: 명령에 할당된 연결이 보류 중인 로컬 트랜잭션에 연결되어 있는 경우 ExecuteNonQuery을(를) 사용하려면 트랜잭션이 있어야 합니다. 명령의 Transaction 속성이 초기화되지 않았습니다.
22:35:13:057-[SCH][SC] S/C #902 작업:9002(TYP:2) → 이송 명령 발행 (From:902/0300502 To:105/)
22:35:13:169-[SCH][SC] S/C #902 발행 실패: 명령에 할당된 연결이 보류 중인 로컬 트랜잭션에 연결되어 있는 경우 ExecuteNonQuery을(를) 사용하려면 트랜잭션이 있어야 합니다. 명령의 Transaction 속성이 초기화되지 않았습니다.
22:35:13:277-[SCH][CV] CV TRACK:102 작업:9001(TYP:1) → CV 명령 발행 (DEST:115)
22:35:13:386-[SCH][CV] CV TRACK:102 발행 실패: 명령에 할당된 연결이 보류 중인 로컬 트랜잭션에 연결되어 있는 경우 ExecuteNonQuery을(를) 사용하려면 트랜잭션이 있어야 합니다. 명령의 Transaction 속성이 초기화되지 않았습니다.
22:35:13:495-[SCH][SC] S/C #902 작업:9002(TYP:2) → 이송 명령 발행 (From:902/0300502 To:105/)
22:35:13:604-[SCH][SC] S/C #902 발행 실패: 명령에 할당된 연결이 보류 중인 로컬 트랜잭션에 연결되어 있는 경우 ExecuteNonQuery을(를) 사용하려면 트랜잭션이 있어야 합니다. 명령의 Transaction 속성이 초기화되지 않았습니다.
22:35:13:824-[SCH][CV] CV TRACK:102 작업:9001(TYP:1) → CV 명령 발행 (DEST:115)
22:35:13:930-[SCH][CV] CV TRACK:102 발행 실패: 명령에 할당된 연결이 보류 중인 로컬 트랜잭션에 연결되어 있는 경우 ExecuteNonQuery을(를) 사용하려면 트랜잭션이 있어야 합니다. 명령의 Transaction 속성이 초기화되지 않았습니다.
22:35:14:041-[SCH][SC] S/C #902 작업:9002(TYP:2) → 이송 명령 발행 (From:902/0300502 To:105/)
22:35:14:151-[SCH][SC] S/C #902 발행 실패: 명령에 할당된 연결이 보류 중인 로컬 트랜잭션에 연결되어 있는 경우 ExecuteNonQuery을(를) 사용하려면 트랜잭션이 있어야 합니다. 명령의 Transaction 속성이 초기화되지 않았습니다.
22:35:14:258-[SCH][CV] CV TRACK:102 작업:9001(TYP:1) → CV 명령 발행 (DEST:115)
22:35:14:367-[SCH][CV] CV TRACK:102 발행 실패: 명령에 할당된 연결이 보류 중인 로컬 트랜잭션에 연결되어 있는 경우 ExecuteNonQuery을(를) 사용하려면 트랜잭션이 있어야 합니다. 명령의 Transaction 속성이 초기화되지 않았습니다.
22:35:14:476-[SCH][SC] S/C #902 작업:9002(TYP:2) → 이송 명령 발행 (From:902/0300502 To:105/)
22:35:14:587-[SCH][SC] S/C #902 발행 실패: 명령에 할당된 연결이 보류 중인 로컬 트랜잭션에 연결되어 있는 경우 ExecuteNonQuery을(를) 사용하려면 트랜잭션이 있어야 합니다. 명령의 Transaction 속성이 초기화되지 않았습니다.
22:35:14:802-[SCH][CV] CV TRACK:102 작업:9001(TYP:1) → CV 명령 발행 (DEST:115)
22:35:14:910-[SCH][CV] CV TRACK:102 발행 실패: 명령에 할당된 연결이 보류 중인 로컬 트랜잭션에 연결되어 있는 경우 ExecuteNonQuery을(를) 사용하려면 트랜잭션이 있어야 합니다. 명령의 Transaction 속성이 초기화되지 않았습니다.
22:35:15:021-[SCH][SC] S/C #902 작업:9002(TYP:2) → 이송 명령 발행 (From:902/0300502 To:105/)
22:35:15:131-[SCH][SC] S/C #902 발행 실패: 명령에 할당된 연결이 보류 중인 로컬 트랜잭션에 연결되어 있는 경우 ExecuteNonQuery을(를) 사용하려면 트랜잭션이 있어야 합니다. 명령의 Transaction 속성이 초기화되지 않았습니다.
22:35:15:239-[SCH][CV] CV TRACK:102 작업:9001(TYP:1) → CV 명령 발행 (DEST:115)
22:35:15:347-[SCH][CV] CV TRACK:102 발행 실패: 명령에 할당된 연결이 보류 중인 로컬 트랜잭션에 연결되어 있는 경우 ExecuteNonQuery을(를) 사용하려면 트랜잭션이 있어야 합니다. 명령의 Transaction 속성이 초기화되지 않았습니다.
22:35:15:457-[SCH][SC] S/C #902 작업:9002(TYP:2) → 이송 명령 발행 (From:902/0300502 To:105/)
22:35:15:564-[SCH][SC] S/C #902 발행 실패: 명령에 할당된 연결이 보류 중인 로컬 트랜잭션에 연결되어 있는 경우 ExecuteNonQuery을(를) 사용하려면 트랜잭션이 있어야 합니다. 명령의 Transaction 속성이 초기화되지 않았습니다.
22:35:15:673-[SCH][CV] CV TRACK:102 작업:9001(TYP:1) → CV 명령 발행 (DEST:115)
22:35:15:780-[SCH][CV] CV TRACK:102 발행 실패: 명령에 할당된 연결이 보류 중인 로컬 트랜잭션에 연결되어 있는 경우 ExecuteNonQuery을(를) 사용하려면 트랜잭션이 있어야 합니다. 명령의 Transaction 속성이 초기화되지 않았습니다.
22:35:15:889-[SCH][SC] S/C #902 작업:9002(TYP:2) → 이송 명령 발행 (From:902/0300502 To:105/)
22:35:15:999-[SCH][SC] S/C #902 발행 실패: 명령에 할당된 연결이 보류 중인 로컬 트랜잭션에 연결되어 있는 경우 ExecuteNonQuery을(를) 사용하려면 트랜잭션이 있어야 합니다. 명령의 Transaction 속성이 초기화되지 않았습니다.
22:35:16:215-[SCH][CV] CV TRACK:102 작업:9001(TYP:1) → CV 명령 발행 (DEST:115)
22:35:16:327-[SCH][CV] CV TRACK:102 발행 실패: 명령에 할당된 연결이 보류 중인 로컬 트랜잭션에 연결되어 있는 경우 ExecuteNonQuery을(를) 사용하려면 트랜잭션이 있어야 합니다. 명령의 Transaction 속성이 초기화되지 않았습니다.
22:35:16:436-[SCH][SC] S/C #902 작업:9002(TYP:2) → 이송 명령 발행 (From:902/0300502 To:105/)
22:35:16:545-[SCH][SC] S/C #902 발행 실패: 명령에 할당된 연결이 보류 중인 로컬 트랜잭션에 연결되어 있는 경우 ExecuteNonQuery을(를) 사용하려면 트랜잭션이 있어야 합니다. 명령의 Transaction 속성이 초기화되지 않았습니다.
22:35:16:652-[SCH][CV] CV TRACK:102 작업:9001(TYP:1) → CV 명령 발행 (DEST:115)
22:35:16:763-[SCH][CV] CV TRACK:102 발행 실패: 명령에 할당된 연결이 보류 중인 로컬 트랜잭션에 연결되어 있는 경우 ExecuteNonQuery을(를) 사용하려면 트랜잭션이 있어야 합니다. 명령의 Transaction 속성이 초기화되지 않았습니다.
22:35:16:873-[SCH][SC] S/C #902 작업:9002(TYP:2) → 이송 명령 발행 (From:902/0300502 To:105/)
22:35:16:983-[SCH][SC] S/C #902 발행 실패: 명령에 할당된 연결이 보류 중인 로컬 트랜잭션에 연결되어 있는 경우 ExecuteNonQuery을(를) 사용하려면 트랜잭션이 있어야 합니다. 명령의 Transaction 속성이 초기화되지 않았습니다.
22:35:17:093-[SCH][CV] CV TRACK:102 작업:9001(TYP:1) → CV 명령 발행 (DEST:115)
22:35:17:203-[SCH][CV] CV TRACK:102 발행 실패: 명령에 할당된 연결이 보류 중인 로컬 트랜잭션에 연결되어 있는 경우 ExecuteNonQuery을(를) 사용하려면 트랜잭션이 있어야 합니다. 명령의 Transaction 속성이 초기화되지 않았습니다.
22:35:17:313-[SCH][SC] S/C #902 작업:9002(TYP:2) → 이송 명령 발행 (From:902/0300502 To:105/)
22:35:17:425-[SCH][SC] S/C #902 발행 실패: 명령에 할당된 연결이 보류 중인 로컬 트랜잭션에 연결되어 있는 경우 ExecuteNonQuery을(를) 사용하려면 트랜잭션이 있어야 합니다. 명령의 Transaction 속성이 초기화되지 않았습니다.
22:35:17:531-[SCH][CV] CV TRACK:102 작업:9001(TYP:1) → CV 명령 발행 (DEST:115)
22:35:17:641-[SCH][CV] CV TRACK:102 발행 실패: 명령에 할당된 연결이 보류 중인 로컬 트랜잭션에 연결되어 있는 경우 ExecuteNonQuery을(를) 사용하려면 트랜잭션이 있어야 합니다. 명령의 Transaction 속성이 초기화되지 않았습니다.
22:35:17:751-[SCH][SC] S/C #902 작업:9002(TYP:2) → 이송 명령 발행 (From:902/0300502 To:105/)
22:35:17:861-[SCH][SC] S/C #902 발행 실패: 명령에 할당된 연결이 보류 중인 로컬 트랜잭션에 연결되어 있는 경우 ExecuteNonQuery을(를) 사용하려면 트랜잭션이 있어야 합니다. 명령의 Transaction 속성이 초기화되지 않았습니다.
22:35:17:969-[SCH][CV] CV TRACK:102 작업:9001(TYP:1) → CV 명령 발행 (DEST:115)
22:35:18:076-[SCH][CV] CV TRACK:102 발행 실패: 명령에 할당된 연결이 보류 중인 로컬 트랜잭션에 연결되어 있는 경우 ExecuteNonQuery을(를) 사용하려면 트랜잭션이 있어야 합니다. 명령의 Transaction 속성이 초기화되지 않았습니다.
22:35:18:187-[SCH][SC] S/C #902 작업:9002(TYP:2) → 이송 명령 발행 (From:902/0300502 To:105/)
22:35:18:298-[SCH][SC] S/C #902 발행 실패: 명령에 할당된 연결이 보류 중인 로컬 트랜잭션에 연결되어 있는 경우 ExecuteNonQuery을(를) 사용하려면 트랜잭션이 있어야 합니다. 명령의 Transaction 속성이 초기화되지 않았습니다.
22:35:18:514-[SCH][CV] CV TRACK:102 작업:9001(TYP:1) → CV 명령 발행 (DEST:115)
22:35:18:621-[SCH][CV] CV TRACK:102 발행 실패: 명령에 할당된 연결이 보류 중인 로컬 트랜잭션에 연결되어 있는 경우 ExecuteNonQuery을(를) 사용하려면 트랜잭션이 있어야 합니다. 명령의 Transaction 속성이 초기화되지 않았습니다.
22:35:18:730-[SCH][SC] S/C #902 작업:9002(TYP:2) → 이송 명령 발행 (From:902/0300502 To:105/)
22:35:18:840-[SCH][SC] S/C #902 발행 실패: 명령에 할당된 연결이 보류 중인 로컬 트랜잭션에 연결되어 있는 경우 ExecuteNonQuery을(를) 사용하려면 트랜잭션이 있어야 합니다. 명령의 Transaction 속성이 초기화되지 않았습니다.
22:35:19:057-[SCH][CV] CV TRACK:102 작업:9001(TYP:1) → CV 명령 발행 (DEST:115)
22:35:19:169-[SCH][CV] CV TRACK:102 발행 실패: 명령에 할당된 연결이 보류 중인 로컬 트랜잭션에 연결되어 있는 경우 ExecuteNonQuery을(를) 사용하려면 트랜잭션이 있어야 합니다. 명령의 Transaction 속성이 초기화되지 않았습니다.
22:35:19:279-[SCH][SC] S/C #902 작업:9002(TYP:2) → 이송 명령 발행 (From:902/0300502 To:105/)
22:35:19:389-[SCH][SC] S/C #902 발행 실패: 명령에 할당된 연결이 보류 중인 로컬 트랜잭션에 연결되어 있는 경우 ExecuteNonQuery을(를) 사용하려면 트랜잭션이 있어야 합니다. 명령의 Transaction 속성이 초기화되지 않았습니다.
22:35:19:606-[SCH][CV] CV TRACK:102 작업:9001(TYP:1) → CV 명령 발행 (DEST:115)
22:35:19:716-[SCH][CV] CV TRACK:102 발행 실패: 명령에 할당된 연결이 보류 중인 로컬 트랜잭션에 연결되어 있는 경우 ExecuteNonQuery을(를) 사용하려면 트랜잭션이 있어야 합니다. 명령의 Transaction 속성이 초기화되지 않았습니다.
22:35:19:825-[SCH][SC] S/C #902 작업:9002(TYP:2) → 이송 명령 발행 (From:902/0300502 To:105/)
22:35:19:937-[SCH][SC] S/C #902 발행 실패: 명령에 할당된 연결이 보류 중인 로컬 트랜잭션에 연결되어 있는 경우 ExecuteNonQuery을(를) 사용하려면 트랜잭션이 있어야 합니다. 명령의 Transaction 속성이 초기화되지 않았습니다.
22:35:20:046-[SCH][CV] CV TRACK:102 작업:9001(TYP:1) → CV 명령 발행 (DEST:115)
22:35:20:157-[SCH][CV] CV TRACK:102 발행 실패: 명령에 할당된 연결이 보류 중인 로컬 트랜잭션에 연결되어 있는 경우 ExecuteNonQuery을(를) 사용하려면 트랜잭션이 있어야 합니다. 명령의 Transaction 속성이 초기화되지 않았습니다.
22:35:20:265-[SCH][SC] S/C #902 작업:9002(TYP:2) → 이송 명령 발행 (From:902/0300502 To:105/)
22:35:20:374-[SCH][SC] S/C #902 발행 실패: 명령에 할당된 연결이 보류 중인 로컬 트랜잭션에 연결되어 있는 경우 ExecuteNonQuery을(를) 사용하려면 트랜잭션이 있어야 합니다. 명령의 Transaction 속성이 초기화되지 않았습니다.
22:35:20:591-[SCH][CV] CV TRACK:102 작업:9001(TYP:1) → CV 명령 발행 (DEST:115)
22:35:20:699-[SCH][CV] CV TRACK:102 발행 실패: 명령에 할당된 연결이 보류 중인 로컬 트랜잭션에 연결되어 있는 경우 ExecuteNonQuery을(를) 사용하려면 트랜잭션이 있어야 합니다. 명령의 Transaction 속성이 초기화되지 않았습니다.
22:35:20:808-[SCH][SC] S/C #902 작업:9002(TYP:2) → 이송 명령 발행 (From:902/0300502 To:105/)
22:35:20:920-[SCH][SC] S/C #902 발행 실패: 명령에 할당된 연결이 보류 중인 로컬 트랜잭션에 연결되어 있는 경우 ExecuteNonQuery을(를) 사용하려면 트랜잭션이 있어야 합니다. 명령의 Transaction 속성이 초기화되지 않았습니다.
22:35:21:027-[SCH][CV] CV TRACK:102 작업:9001(TYP:1) → CV 명령 발행 (DEST:115)
22:35:21:136-[SCH][CV] CV TRACK:102 발행 실패: 명령에 할당된 연결이 보류 중인 로컬 트랜잭션에 연결되어 있는 경우 ExecuteNonQuery을(를) 사용하려면 트랜잭션이 있어야 합니다. 명령의 Transaction 속성이 초기화되지 않았습니다.
22:35:21:245-[SCH][SC] S/C #902 작업:9002(TYP:2) → 이송 명령 발행 (From:902/0300502 To:105/)
22:35:21:355-[SCH][SC] S/C #902 발행 실패: 명령에 할당된 연결이 보류 중인 로컬 트랜잭션에 연결되어 있는 경우 ExecuteNonQuery을(를) 사용하려면 트랜잭션이 있어야 합니다. 명령의 Transaction 속성이 초기화되지 않았습니다.
22:35:21:575-[SCH][CV] CV TRACK:102 작업:9001(TYP:1) → CV 명령 발행 (DEST:115)
22:35:21:684-[SCH][CV] CV TRACK:102 발행 실패: 명령에 할당된 연결이 보류 중인 로컬 트랜잭션에 연결되어 있는 경우 ExecuteNonQuery을(를) 사용하려면 트랜잭션이 있어야 합니다. 명령의 Transaction 속성이 초기화되지 않았습니다.
22:35:21:791-[SCH][SC] S/C #902 작업:9002(TYP:2) → 이송 명령 발행 (From:902/0300502 To:105/)
22:35:21:902-[SCH][SC] S/C #902 발행 실패: 명령에 할당된 연결이 보류 중인 로컬 트랜잭션에 연결되어 있는 경우 ExecuteNonQuery을(를) 사용하려면 트랜잭션이 있어야 합니다. 명령의 Transaction 속성이 초기화되지 않았습니다.
22:35:22:009-[SCH][CV] CV TRACK:102 작업:9001(TYP:1) → CV 명령 발행 (DEST:115)
22:35:22:117-[SCH][CV] CV TRACK:102 발행 실패: 명령에 할당된 연결이 보류 중인 로컬 트랜잭션에 연결되어 있는 경우 ExecuteNonQuery을(를) 사용하려면 트랜잭션이 있어야 합니다. 명령의 Transaction 속성이 초기화되지 않았습니다.
22:35:22:225-[SCH][SC] S/C #902 작업:9002(TYP:2) → 이송 명령 발행 (From:902/0300502 To:105/)
22:35:22:336-[SCH][SC] S/C #902 발행 실패: 명령에 할당된 연결이 보류 중인 로컬 트랜잭션에 연결되어 있는 경우 ExecuteNonQuery을(를) 사용하려면 트랜잭션이 있어야 합니다. 명령의 Transaction 속성이 초기화되지 않았습니다.
22:35:22:555-[SCH][CV] CV TRACK:102 작업:9001(TYP:1) → CV 명령 발행 (DEST:115)
22:35:22:664-[SCH][CV] CV TRACK:102 발행 실패: 명령에 할당된 연결이 보류 중인 로컬 트랜잭션에 연결되어 있는 경우 ExecuteNonQuery을(를) 사용하려면 트랜잭션이 있어야 합니다. 명령의 Transaction 속성이 초기화되지 않았습니다.
22:35:22:775-[SCH][SC] S/C #902 작업:9002(TYP:2) → 이송 명령 발행 (From:902/0300502 To:105/)
22:35:22:883-[SCH][SC] S/C #902 발행 실패: 명령에 할당된 연결이 보류 중인 로컬 트랜잭션에 연결되어 있는 경우 ExecuteNonQuery을(를) 사용하려면 트랜잭션이 있어야 합니다. 명령의 Transaction 속성이 초기화되지 않았습니다.
22:35:22:991-[SCH][CV] CV TRACK:102 작업:9001(TYP:1) → CV 명령 발행 (DEST:115)
22:35:23:101-[SCH][CV] CV TRACK:102 발행 실패: 명령에 할당된 연결이 보류 중인 로컬 트랜잭션에 연결되어 있는 경우 ExecuteNonQuery을(를) 사용하려면 트랜잭션이 있어야 합니다. 명령의 Transaction 속성이 초기화되지 않았습니다.
22:35:23:209-[SCH][SC] S/C #902 작업:9002(TYP:2) → 이송 명령 발행 (From:902/0300502 To:105/)
22:35:23:321-[SCH][SC] S/C #902 발행 실패: 명령에 할당된 연결이 보류 중인 로컬 트랜잭션에 연결되어 있는 경우 ExecuteNonQuery을(를) 사용하려면 트랜잭션이 있어야 합니다. 명령의 Transaction 속성이 초기화되지 않았습니다.
22:35:23:429-[SCH][CV] CV TRACK:102 작업:9001(TYP:1) → CV 명령 발행 (DEST:115)
22:35:23:538-[SCH][CV] CV TRACK:102 발행 실패: 명령에 할당된 연결이 보류 중인 로컬 트랜잭션에 연결되어 있는 경우 ExecuteNonQuery을(를) 사용하려면 트랜잭션이 있어야 합니다. 명령의 Transaction 속성이 초기화되지 않았습니다.
22:35:23:648-[SCH][SC] S/C #902 작업:9002(TYP:2) → 이송 명령 발행 (From:902/0300502 To:105/)
22:35:23:755-[SCH][SC] S/C #902 발행 실패: 명령에 할당된 연결이 보류 중인 로컬 트랜잭션에 연결되어 있는 경우 ExecuteNonQuery을(를) 사용하려면 트랜잭션이 있어야 합니다. 명령의 Transaction 속성이 초기화되지 않았습니다.
22:35:23:972-[SCH][CV] CV TRACK:102 작업:9001(TYP:1) → CV 명령 발행 (DEST:115)
22:35:24:079-[SCH][CV] CV TRACK:102 발행 실패: 명령에 할당된 연결이 보류 중인 로컬 트랜잭션에 연결되어 있는 경우 ExecuteNonQuery을(를) 사용하려면 트랜잭션이 있어야 합니다. 명령의 Transaction 속성이 초기화되지 않았습니다.
22:35:24:189-[SCH][SC] S/C #902 작업:9002(TYP:2) → 이송 명령 발행 (From:902/0300502 To:105/)
22:35:24:299-[SCH][SC] S/C #902 발행 실패: 명령에 할당된 연결이 보류 중인 로컬 트랜잭션에 연결되어 있는 경우 ExecuteNonQuery을(를) 사용하려면 트랜잭션이 있어야 합니다. 명령의 Transaction 속성이 초기화되지 않았습니다.
22:35:24:518-[SCH][CV] CV TRACK:102 작업:9001(TYP:1) → CV 명령 발행 (DEST:115)
22:35:24:626-[SCH][CV] CV TRACK:102 발행 실패: 명령에 할당된 연결이 보류 중인 로컬 트랜잭션에 연결되어 있는 경우 ExecuteNonQuery을(를) 사용하려면 트랜잭션이 있어야 합니다. 명령의 Transaction 속성이 초기화되지 않았습니다.
22:35:24:736-[SCH][SC] S/C #902 작업:9002(TYP:2) → 이송 명령 발행 (From:902/0300502 To:105/)
22:35:24:847-[SCH][SC] S/C #902 발행 실패: 명령에 할당된 연결이 보류 중인 로컬 트랜잭션에 연결되어 있는 경우 ExecuteNonQuery을(를) 사용하려면 트랜잭션이 있어야 합니다. 명령의 Transaction 속성이 초기화되지 않았습니다.
22:35:24:956-[SCH][CV] CV TRACK:102 작업:9001(TYP:1) → CV 명령 발행 (DEST:115)
22:35:25:065-[SCH][CV] CV TRACK:102 발행 실패: 명령에 할당된 연결이 보류 중인 로컬 트랜잭션에 연결되어 있는 경우 ExecuteNonQuery을(를) 사용하려면 트랜잭션이 있어야 합니다. 명령의 Transaction 속성이 초기화되지 않았습니다.
22:35:25:175-[SCH][SC] S/C #902 작업:9002(TYP:2) → 이송 명령 발행 (From:902/0300502 To:105/)
22:35:25:285-[SCH][SC] S/C #902 발행 실패: 명령에 할당된 연결이 보류 중인 로컬 트랜잭션에 연결되어 있는 경우 ExecuteNonQuery을(를) 사용하려면 트랜잭션이 있어야 합니다. 명령의 Transaction 속성이 초기화되지 않았습니다.
22:35:25:502-[SCH][CV] CV TRACK:102 작업:9001(TYP:1) → CV 명령 발행 (DEST:115)
22:35:25:613-[SCH][CV] CV TRACK:102 발행 실패: 명령에 할당된 연결이 보류 중인 로컬 트랜잭션에 연결되어 있는 경우 ExecuteNonQuery을(를) 사용하려면 트랜잭션이 있어야 합니다. 명령의 Transaction 속성이 초기화되지 않았습니다.
22:35:25:720-[SCH][SC] S/C #902 작업:9002(TYP:2) → 이송 명령 발행 (From:902/0300502 To:105/)
22:35:25:829-[SCH][SC] S/C #902 발행 실패: 명령에 할당된 연결이 보류 중인 로컬 트랜잭션에 연결되어 있는 경우 ExecuteNonQuery을(를) 사용하려면 트랜잭션이 있어야 합니다. 명령의 Transaction 속성이 초기화되지 않았습니다.
22:35:25:938-[SCH][CV] CV TRACK:102 작업:9001(TYP:1) → CV 명령 발행 (DEST:115)
22:35:26:049-[SCH][CV] CV TRACK:102 발행 실패: 명령에 할당된 연결이 보류 중인 로컬 트랜잭션에 연결되어 있는 경우 ExecuteNonQuery을(를) 사용하려면 트랜잭션이 있어야 합니다. 명령의 Transaction 속성이 초기화되지 않았습니다.
22:35:26:156-[SCH][SC] S/C #902 작업:9002(TYP:2) → 이송 명령 발행 (From:902/0300502 To:105/)
22:35:26:267-[SCH][SC] S/C #902 발행 실패: 명령에 할당된 연결이 보류 중인 로컬 트랜잭션에 연결되어 있는 경우 ExecuteNonQuery을(를) 사용하려면 트랜잭션이 있어야 합니다. 명령의 Transaction 속성이 초기화되지 않았습니다.
22:35:26:484-[SCH][CV] CV TRACK:102 작업:9001(TYP:1) → CV 명령 발행 (DEST:115)
22:35:26:591-[SCH][CV] CV TRACK:102 발행 실패: 명령에 할당된 연결이 보류 중인 로컬 트랜잭션에 연결되어 있는 경우 ExecuteNonQuery을(를) 사용하려면 트랜잭션이 있어야 합니다. 명령의 Transaction 속성이 초기화되지 않았습니다.
22:35:26:701-[SCH][SC] S/C #902 작업:9002(TYP:2) → 이송 명령 발행 (From:902/0300502 To:105/)
22:35:26:812-[SCH][SC] S/C #902 발행 실패: 명령에 할당된 연결이 보류 중인 로컬 트랜잭션에 연결되어 있는 경우 ExecuteNonQuery을(를) 사용하려면 트랜잭션이 있어야 합니다. 명령의 Transaction 속성이 초기화되지 않았습니다.
22:35:26:920-[SCH][CV] CV TRACK:102 작업:9001(TYP:1) → CV 명령 발행 (DEST:115)
22:35:27:031-[SCH][CV] CV TRACK:102 발행 실패: 명령에 할당된 연결이 보류 중인 로컬 트랜잭션에 연결되어 있는 경우 ExecuteNonQuery을(를) 사용하려면 트랜잭션이 있어야 합니다. 명령의 Transaction 속성이 초기화되지 않았습니다.
22:35:27:140-[SCH][SC] S/C #902 작업:9002(TYP:2) → 이송 명령 발행 (From:902/0300502 To:105/)
22:35:27:251-[SCH][SC] S/C #902 발행 실패: 명령에 할당된 연결이 보류 중인 로컬 트랜잭션에 연결되어 있는 경우 ExecuteNonQuery을(를) 사용하려면 트랜잭션이 있어야 합니다. 명령의 Transaction 속성이 초기화되지 않았습니다.
22:35:27:359-[SCH][CV] CV TRACK:102 작업:9001(TYP:1) → CV 명령 발행 (DEST:115)
22:35:27:467-[SCH][CV] CV TRACK:102 발행 실패: 명령에 할당된 연결이 보류 중인 로컬 트랜잭션에 연결되어 있는 경우 ExecuteNonQuery을(를) 사용하려면 트랜잭션이 있어야 합니다. 명령의 Transaction 속성이 초기화되지 않았습니다.
22:35:27:576-[SCH][SC] S/C #902 작업:9002(TYP:2) → 이송 명령 발행 (From:902/0300502 To:105/)
22:35:27:684-[SCH][SC] S/C #902 발행 실패: 명령에 할당된 연결이 보류 중인 로컬 트랜잭션에 연결되어 있는 경우 ExecuteNonQuery을(를) 사용하려면 트랜잭션이 있어야 합니다. 명령의 Transaction 속성이 초기화되지 않았습니다.
22:35:27:902-[SCH][CV] CV TRACK:102 작업:9001(TYP:1) → CV 명령 발행 (DEST:115)
22:35:28:011-[SCH][CV] CV TRACK:102 발행 실패: 명령에 할당된 연결이 보류 중인 로컬 트랜잭션에 연결되어 있는 경우 ExecuteNonQuery을(를) 사용하려면 트랜잭션이 있어야 합니다. 명령의 Transaction 속성이 초기화되지 않았습니다.
22:35:28:119-[SCH][SC] S/C #902 작업:9002(TYP:2) → 이송 명령 발행 (From:902/0300502 To:105/)
22:35:28:231-[SCH][SC] S/C #902 발행 실패: 명령에 할당된 연결이 보류 중인 로컬 트랜잭션에 연결되어 있는 경우 ExecuteNonQuery을(를) 사용하려면 트랜잭션이 있어야 합니다. 명령의 Transaction 속성이 초기화되지 않았습니다.
22:35:28:339-[SCH][CV] CV TRACK:102 작업:9001(TYP:1) → CV 명령 발행 (DEST:115)
22:35:28:448-[SCH][CV] CV TRACK:102 발행 실패: 명령에 할당된 연결이 보류 중인 로컬 트랜잭션에 연결되어 있는 경우 ExecuteNonQuery을(를) 사용하려면 트랜잭션이 있어야 합니다. 명령의 Transaction 속성이 초기화되지 않았습니다.
22:35:28:558-[SCH][SC] S/C #902 작업:9002(TYP:2) → 이송 명령 발행 (From:902/0300502 To:105/)
22:35:28:669-[SCH][SC] S/C #902 발행 실패: 명령에 할당된 연결이 보류 중인 로컬 트랜잭션에 연결되어 있는 경우 ExecuteNonQuery을(를) 사용하려면 트랜잭션이 있어야 합니다. 명령의 Transaction 속성이 초기화되지 않았습니다.
22:35:28:887-[SCH][CV] CV TRACK:102 작업:9001(TYP:1) → CV 명령 발행 (DEST:115)
22:35:28:997-[SCH][CV] CV TRACK:102 발행 실패: 명령에 할당된 연결이 보류 중인 로컬 트랜잭션에 연결되어 있는 경우 ExecuteNonQuery을(를) 사용하려면 트랜잭션이 있어야 합니다. 명령의 Transaction 속성이 초기화되지 않았습니다.
22:35:29:105-[SCH][SC] S/C #902 작업:9002(TYP:2) → 이송 명령 발행 (From:902/0300502 To:105/)
22:35:29:215-[SCH][SC] S/C #902 발행 실패: 명령에 할당된 연결이 보류 중인 로컬 트랜잭션에 연결되어 있는 경우 ExecuteNonQuery을(를) 사용하려면 트랜잭션이 있어야 합니다. 명령의 Transaction 속성이 초기화되지 않았습니다.
22:35:29:432-[SCH][CV] CV TRACK:102 작업:9001(TYP:1) → CV 명령 발행 (DEST:115)
22:35:29:542-[SCH][CV] CV TRACK:102 발행 실패: 명령에 할당된 연결이 보류 중인 로컬 트랜잭션에 연결되어 있는 경우 ExecuteNonQuery을(를) 사용하려면 트랜잭션이 있어야 합니다. 명령의 Transaction 속성이 초기화되지 않았습니다.
22:35:29:650-[SCH][SC] S/C #902 작업:9002(TYP:2) → 이송 명령 발행 (From:902/0300502 To:105/)
22:35:29:760-[SCH][SC] S/C #902 발행 실패: 명령에 할당된 연결이 보류 중인 로컬 트랜잭션에 연결되어 있는 경우 ExecuteNonQuery을(를) 사용하려면 트랜잭션이 있어야 합니다. 명령의 Transaction 속성이 초기화되지 않았습니다.
22:35:29:978-[SCH][CV] CV TRACK:102 작업:9001(TYP:1) → CV 명령 발행 (DEST:115)
22:35:30:087-[SCH][CV] CV TRACK:102 발행 실패: 명령에 할당된 연결이 보류 중인 로컬 트랜잭션에 연결되어 있는 경우 ExecuteNonQuery을(를) 사용하려면 트랜잭션이 있어야 합니다. 명령의 Transaction 속성이 초기화되지 않았습니다.
22:35:30:196-[SCH][SC] S/C #902 작업:9002(TYP:2) → 이송 명령 발행 (From:902/0300502 To:105/)
22:35:30:307-[SCH][SC] S/C #902 발행 실패: 명령에 할당된 연결이 보류 중인 로컬 트랜잭션에 연결되어 있는 경우 ExecuteNonQuery을(를) 사용하려면 트랜잭션이 있어야 합니다. 명령의 Transaction 속성이 초기화되지 않았습니다.
22:35:30:417-[SCH][CV] CV TRACK:102 작업:9001(TYP:1) → CV 명령 발행 (DEST:115)
22:35:30:524-[SCH][CV] CV TRACK:102 발행 실패: 명령에 할당된 연결이 보류 중인 로컬 트랜잭션에 연결되어 있는 경우 ExecuteNonQuery을(를) 사용하려면 트랜잭션이 있어야 합니다. 명령의 Transaction 속성이 초기화되지 않았습니다.
22:35:30:633-[SCH][SC] S/C #902 작업:9002(TYP:2) → 이송 명령 발행 (From:902/0300502 To:105/)
22:35:30:744-[SCH][SC] S/C #902 발행 실패: 명령에 할당된 연결이 보류 중인 로컬 트랜잭션에 연결되어 있는 경우 ExecuteNonQuery을(를) 사용하려면 트랜잭션이 있어야 합니다. 명령의 Transaction 속성이 초기화되지 않았습니다.
22:35:30:961-[SCH][CV] CV TRACK:102 작업:9001(TYP:1) → CV 명령 발행 (DEST:115)
22:35:31:069-[SCH][CV] CV TRACK:102 발행 실패: 명령에 할당된 연결이 보류 중인 로컬 트랜잭션에 연결되어 있는 경우 ExecuteNonQuery을(를) 사용하려면 트랜잭션이 있어야 합니다. 명령의 Transaction 속성이 초기화되지 않았습니다.
22:35:31:178-[SCH][SC] S/C #902 작업:9002(TYP:2) → 이송 명령 발행 (From:902/0300502 To:105/)
22:35:31:287-[SCH][SC] S/C #902 발행 실패: 명령에 할당된 연결이 보류 중인 로컬 트랜잭션에 연결되어 있는 경우 ExecuteNonQuery을(를) 사용하려면 트랜잭션이 있어야 합니다. 명령의 Transaction 속성이 초기화되지 않았습니다.
22:35:31:396-[SCH][CV] CV TRACK:102 작업:9001(TYP:1) → CV 명령 발행 (DEST:115)
22:35:31:504-[SCH][CV] CV TRACK:102 발행 실패: 명령에 할당된 연결이 보류 중인 로컬 트랜잭션에 연결되어 있는 경우 ExecuteNonQuery을(를) 사용하려면 트랜잭션이 있어야 합니다. 명령의 Transaction 속성이 초기화되지 않았습니다.
22:35:31:613-[SCH][SC] S/C #902 작업:9002(TYP:2) → 이송 명령 발행 (From:902/0300502 To:105/)
22:35:31:724-[SCH][SC] S/C #902 발행 실패: 명령에 할당된 연결이 보류 중인 로컬 트랜잭션에 연결되어 있는 경우 ExecuteNonQuery을(를) 사용하려면 트랜잭션이 있어야 합니다. 명령의 Transaction 속성이 초기화되지 않았습니다.
22:35:31:942-[SCH][CV] CV TRACK:102 작업:9001(TYP:1) → CV 명령 발행 (DEST:115)
22:35:32:050-[SCH][CV] CV TRACK:102 발행 실패: 명령에 할당된 연결이 보류 중인 로컬 트랜잭션에 연결되어 있는 경우 ExecuteNonQuery을(를) 사용하려면 트랜잭션이 있어야 합니다. 명령의 Transaction 속성이 초기화되지 않았습니다.
22:35:32:158-[SCH][SC] S/C #902 작업:9002(TYP:2) → 이송 명령 발행 (From:902/0300502 To:105/)
22:35:32:268-[SCH][SC] S/C #902 발행 실패: 명령에 할당된 연결이 보류 중인 로컬 트랜잭션에 연결되어 있는 경우 ExecuteNonQuery을(를) 사용하려면 트랜잭션이 있어야 합니다. 명령의 Transaction 속성이 초기화되지 않았습니다.
22:35:32:377-[SCH][CV] CV TRACK:102 작업:9001(TYP:1) → CV 명령 발행 (DEST:115)
22:35:32:488-[SCH][CV] CV TRACK:102 발행 실패: 명령에 할당된 연결이 보류 중인 로컬 트랜잭션에 연결되어 있는 경우 ExecuteNonQuery을(를) 사용하려면 트랜잭션이 있어야 합니다. 명령의 Transaction 속성이 초기화되지 않았습니다.
22:35:32:598-[SCH][SC] S/C #902 작업:9002(TYP:2) → 이송 명령 발행 (From:902/0300502 To:105/)
22:35:32:706-[SCH][SC] S/C #902 발행 실패: 명령에 할당된 연결이 보류 중인 로컬 트랜잭션에 연결되어 있는 경우 ExecuteNonQuery을(를) 사용하려면 트랜잭션이 있어야 합니다. 명령의 Transaction 속성이 초기화되지 않았습니다.
22:35:32:923-[SCH][CV] CV TRACK:102 작업:9001(TYP:1) → CV 명령 발행 (DEST:115)
22:35:33:034-[SCH][CV] CV TRACK:102 발행 실패: 명령에 할당된 연결이 보류 중인 로컬 트랜잭션에 연결되어 있는 경우 ExecuteNonQuery을(를) 사용하려면 트랜잭션이 있어야 합니다. 명령의 Transaction 속성이 초기화되지 않았습니다.
22:35:33:143-[SCH][SC] S/C #902 작업:9002(TYP:2) → 이송 명령 발행 (From:902/0300502 To:105/)
22:35:33:252-[SCH][SC] S/C #902 발행 실패: 명령에 할당된 연결이 보류 중인 로컬 트랜잭션에 연결되어 있는 경우 ExecuteNonQuery을(를) 사용하려면 트랜잭션이 있어야 합니다. 명령의 Transaction 속성이 초기화되지 않았습니다.
22:35:33:469-[SCH][CV] CV TRACK:102 작업:9001(TYP:1) → CV 명령 발행 (DEST:115)
22:35:33:578-[SCH][CV] CV TRACK:102 발행 실패: 명령에 할당된 연결이 보류 중인 로컬 트랜잭션에 연결되어 있는 경우 ExecuteNonQuery을(를) 사용하려면 트랜잭션이 있어야 합니다. 명령의 Transaction 속성이 초기화되지 않았습니다.
22:35:33:688-[SCH][SC] S/C #902 작업:9002(TYP:2) → 이송 명령 발행 (From:902/0300502 To:105/)
22:35:33:799-[SCH][SC] S/C #902 발행 실패: 명령에 할당된 연결이 보류 중인 로컬 트랜잭션에 연결되어 있는 경우 ExecuteNonQuery을(를) 사용하려면 트랜잭션이 있어야 합니다. 명령의 Transaction 속성이 초기화되지 않았습니다.
22:35:33:909-[SCH][CV] CV TRACK:102 작업:9001(TYP:1) → CV 명령 발행 (DEST:115)
22:35:34:126-[SCH][CV] CV TRACK:102 발행 실패: 명령에 할당된 연결이 보류 중인 로컬 트랜잭션에 연결되어 있는 경우 ExecuteNonQuery을(를) 사용하려면 트랜잭션이 있어야 합니다. 명령의 Transaction 속성이 초기화되지 않았습니다.
22:35:34:237-[SCH][SC] S/C #902 작업:9002(TYP:2) → 이송 명령 발행 (From:902/0300502 To:105/)
22:35:34:345-[SCH][SC] S/C #902 발행 실패: 명령에 할당된 연결이 보류 중인 로컬 트랜잭션에 연결되어 있는 경우 ExecuteNonQuery을(를) 사용하려면 트랜잭션이 있어야 합니다. 명령의 Transaction 속성이 초기화되지 않았습니다.
22:35:34:457-[SCH][CV] CV TRACK:102 작업:9001(TYP:1) → CV 명령 발행 (DEST:115)
22:35:34:566-[SCH][CV] CV TRACK:102 발행 실패: 명령에 할당된 연결이 보류 중인 로컬 트랜잭션에 연결되어 있는 경우 ExecuteNonQuery을(를) 사용하려면 트랜잭션이 있어야 합니다. 명령의 Transaction 속성이 초기화되지 않았습니다.
22:35:34:677-[SCH][SC] S/C #902 작업:9002(TYP:2) → 이송 명령 발행 (From:902/0300502 To:105/)
22:35:34:788-[SCH][SC] S/C #902 발행 실패: 명령에 할당된 연결이 보류 중인 로컬 트랜잭션에 연결되어 있는 경우 ExecuteNonQuery을(를) 사용하려면 트랜잭션이 있어야 합니다. 명령의 Transaction 속성이 초기화되지 않았습니다.
22:35:35:006-[SCH][CV] CV TRACK:102 작업:9001(TYP:1) → CV 명령 발행 (DEST:115)
22:35:35:115-[SCH][CV] CV TRACK:102 발행 실패: 명령에 할당된 연결이 보류 중인 로컬 트랜잭션에 연결되어 있는 경우 ExecuteNonQuery을(를) 사용하려면 트랜잭션이 있어야 합니다. 명령의 Transaction 속성이 초기화되지 않았습니다.
22:35:35:223-[SCH][SC] S/C #902 작업:9002(TYP:2) → 이송 명령 발행 (From:902/0300502 To:105/)
22:35:35:334-[SCH][SC] S/C #902 발행 실패: 명령에 할당된 연결이 보류 중인 로컬 트랜잭션에 연결되어 있는 경우 ExecuteNonQuery을(를) 사용하려면 트랜잭션이 있어야 합니다. 명령의 Transaction 속성이 초기화되지 않았습니다.
22:35:35:548-[SCH][CV] CV TRACK:102 작업:9001(TYP:1) → CV 명령 발행 (DEST:115)
22:35:35:656-[SCH][CV] CV TRACK:102 발행 실패: 명령에 할당된 연결이 보류 중인 로컬 트랜잭션에 연결되어 있는 경우 ExecuteNonQuery을(를) 사용하려면 트랜잭션이 있어야 합니다. 명령의 Transaction 속성이 초기화되지 않았습니다.
22:35:35:767-[SCH][SC] S/C #902 작업:9002(TYP:2) → 이송 명령 발행 (From:902/0300502 To:105/)
22:35:35:877-[SCH][SC] S/C #902 발행 실패: 명령에 할당된 연결이 보류 중인 로컬 트랜잭션에 연결되어 있는 경우 ExecuteNonQuery을(를) 사용하려면 트랜잭션이 있어야 합니다. 명령의 Transaction 속성이 초기화되지 않았습니다.
22:35:35:986-[SCH][CV] CV TRACK:102 작업:9001(TYP:1) → CV 명령 발행 (DEST:115)
22:35:36:096-[SCH][CV] CV TRACK:102 발행 실패: 명령에 할당된 연결이 보류 중인 로컬 트랜잭션에 연결되어 있는 경우 ExecuteNonQuery을(를) 사용하려면 트랜잭션이 있어야 합니다. 명령의 Transaction 속성이 초기화되지 않았습니다.
22:35:36:206-[SCH][SC] S/C #902 작업:9002(TYP:2) → 이송 명령 발행 (From:902/0300502 To:105/)
22:35:36:315-[SCH][SC] S/C #902 발행 실패: 명령에 할당된 연결이 보류 중인 로컬 트랜잭션에 연결되어 있는 경우 ExecuteNonQuery을(를) 사용하려면 트랜잭션이 있어야 합니다. 명령의 Transaction 속성이 초기화되지 않았습니다.
22:35:36:424-[SCH][CV] CV TRACK:102 작업:9001(TYP:1) → CV 명령 발행 (DEST:115)
22:35:36:534-[SCH][CV] CV TRACK:102 발행 실패: 명령에 할당된 연결이 보류 중인 로컬 트랜잭션에 연결되어 있는 경우 ExecuteNonQuery을(를) 사용하려면 트랜잭션이 있어야 합니다. 명령의 Transaction 속성이 초기화되지 않았습니다.
22:35:36:641-[SCH][SC] S/C #902 작업:9002(TYP:2) → 이송 명령 발행 (From:902/0300502 To:105/)
22:35:36:752-[SCH][SC] S/C #902 발행 실패: 명령에 할당된 연결이 보류 중인 로컬 트랜잭션에 연결되어 있는 경우 ExecuteNonQuery을(를) 사용하려면 트랜잭션이 있어야 합니다. 명령의 Transaction 속성이 초기화되지 않았습니다.
22:35:36:969-[SCH][CV] CV TRACK:102 작업:9001(TYP:1) → CV 명령 발행 (DEST:115)
22:35:37:080-[SCH][CV] CV TRACK:102 발행 실패: 명령에 할당된 연결이 보류 중인 로컬 트랜잭션에 연결되어 있는 경우 ExecuteNonQuery을(를) 사용하려면 트랜잭션이 있어야 합니다. 명령의 Transaction 속성이 초기화되지 않았습니다.
22:35:37:188-[SCH][SC] S/C #902 작업:9002(TYP:2) → 이송 명령 발행 (From:902/0300502 To:105/)
22:35:37:301-[SCH][SC] S/C #902 발행 실패: 명령에 할당된 연결이 보류 중인 로컬 트랜잭션에 연결되어 있는 경우 ExecuteNonQuery을(를) 사용하려면 트랜잭션이 있어야 합니다. 명령의 Transaction 속성이 초기화되지 않았습니다.
22:35:37:405-[SCH][CV] CV TRACK:102 작업:9001(TYP:1) → CV 명령 발행 (DEST:115)
22:35:37:516-[SCH][CV] CV TRACK:102 발행 실패: 명령에 할당된 연결이 보류 중인 로컬 트랜잭션에 연결되어 있는 경우 ExecuteNonQuery을(를) 사용하려면 트랜잭션이 있어야 합니다. 명령의 Transaction 속성이 초기화되지 않았습니다.
22:35:37:626-[SCH][SC] S/C #902 작업:9002(TYP:2) → 이송 명령 발행 (From:902/0300502 To:105/)
22:35:37:736-[SCH][SC] S/C #902 발행 실패: 명령에 할당된 연결이 보류 중인 로컬 트랜잭션에 연결되어 있는 경우 ExecuteNonQuery을(를) 사용하려면 트랜잭션이 있어야 합니다. 명령의 Transaction 속성이 초기화되지 않았습니다.
22:35:37:846-[SCH][CV] CV TRACK:102 작업:9001(TYP:1) → CV 명령 발행 (DEST:115)
22:35:37:956-[SCH][CV] CV TRACK:102 발행 실패: 명령에 할당된 연결이 보류 중인 로컬 트랜잭션에 연결되어 있는 경우 ExecuteNonQuery을(를) 사용하려면 트랜잭션이 있어야 합니다. 명령의 Transaction 속성이 초기화되지 않았습니다.
22:35:38:066-[SCH][SC] S/C #902 작업:9002(TYP:2) → 이송 명령 발행 (From:902/0300502 To:105/)
22:35:38:178-[SCH][SC] S/C #902 발행 실패: 명령에 할당된 연결이 보류 중인 로컬 트랜잭션에 연결되어 있는 경우 ExecuteNonQuery을(를) 사용하려면 트랜잭션이 있어야 합니다. 명령의 Transaction 속성이 초기화되지 않았습니다.
22:35:38:395-[SCH][CV] CV TRACK:102 작업:9001(TYP:1) → CV 명령 발행 (DEST:115)
22:35:38:504-[SCH][CV] CV TRACK:102 발행 실패: 명령에 할당된 연결이 보류 중인 로컬 트랜잭션에 연결되어 있는 경우 ExecuteNonQuery을(를) 사용하려면 트랜잭션이 있어야 합니다. 명령의 Transaction 속성이 초기화되지 않았습니다.
22:35:38:613-[SCH][SC] S/C #902 작업:9002(TYP:2) → 이송 명령 발행 (From:902/0300502 To:105/)
22:35:38:724-[SCH][SC] S/C #902 발행 실패: 명령에 할당된 연결이 보류 중인 로컬 트랜잭션에 연결되어 있는 경우 ExecuteNonQuery을(를) 사용하려면 트랜잭션이 있어야 합니다. 명령의 Transaction 속성이 초기화되지 않았습니다.
22:35:38:834-[SCH][CV] CV TRACK:102 작업:9001(TYP:1) → CV 명령 발행 (DEST:115)
22:35:38:943-[SCH][CV] CV TRACK:102 발행 실패: 명령에 할당된 연결이 보류 중인 로컬 트랜잭션에 연결되어 있는 경우 ExecuteNonQuery을(를) 사용하려면 트랜잭션이 있어야 합니다. 명령의 Transaction 속성이 초기화되지 않았습니다.
22:35:39:053-[SCH][SC] S/C #902 작업:9002(TYP:2) → 이송 명령 발행 (From:902/0300502 To:105/)
22:35:39:164-[SCH][SC] S/C #902 발행 실패: 명령에 할당된 연결이 보류 중인 로컬 트랜잭션에 연결되어 있는 경우 ExecuteNonQuery을(를) 사용하려면 트랜잭션이 있어야 합니다. 명령의 Transaction 속성이 초기화되지 않았습니다.
22:35:39:273-[SCH][CV] CV TRACK:102 작업:9001(TYP:1) → CV 명령 발행 (DEST:115)
22:35:39:383-[SCH][CV] CV TRACK:102 발행 실패: 명령에 할당된 연결이 보류 중인 로컬 트랜잭션에 연결되어 있는 경우 ExecuteNonQuery을(를) 사용하려면 트랜잭션이 있어야 합니다. 명령의 Transaction 속성이 초기화되지 않았습니다.
22:35:39:491-[SCH][SC] S/C #902 작업:9002(TYP:2) → 이송 명령 발행 (From:902/0300502 To:105/)
22:35:39:601-[SCH][SC] S/C #902 발행 실패: 명령에 할당된 연결이 보류 중인 로컬 트랜잭션에 연결되어 있는 경우 ExecuteNonQuery을(를) 사용하려면 트랜잭션이 있어야 합니다. 명령의 Transaction 속성이 초기화되지 않았습니다.
22:35:39:820-[SCH][CV] CV TRACK:102 작업:9001(TYP:1) → CV 명령 발행 (DEST:115)
22:35:39:928-[SCH][CV] CV TRACK:102 발행 실패: 명령에 할당된 연결이 보류 중인 로컬 트랜잭션에 연결되어 있는 경우 ExecuteNonQuery을(를) 사용하려면 트랜잭션이 있어야 합니다. 명령의 Transaction 속성이 초기화되지 않았습니다.
22:35:40:036-[SCH][SC] S/C #902 작업:9002(TYP:2) → 이송 명령 발행 (From:902/0300502 To:105/)
22:35:40:145-[SCH][SC] S/C #902 발행 실패: 명령에 할당된 연결이 보류 중인 로컬 트랜잭션에 연결되어 있는 경우 ExecuteNonQuery을(를) 사용하려면 트랜잭션이 있어야 합니다. 명령의 Transaction 속성이 초기화되지 않았습니다.
22:35:40:253-[SCH][CV] CV TRACK:102 작업:9001(TYP:1) → CV 명령 발행 (DEST:115)
22:35:40:363-[SCH][CV] CV TRACK:102 발행 실패: 명령에 할당된 연결이 보류 중인 로컬 트랜잭션에 연결되어 있는 경우 ExecuteNonQuery을(를) 사용하려면 트랜잭션이 있어야 합니다. 명령의 Transaction 속성이 초기화되지 않았습니다.
22:35:40:471-[SCH][SC] S/C #902 작업:9002(TYP:2) → 이송 명령 발행 (From:902/0300502 To:105/)
22:35:40:582-[SCH][SC] S/C #902 발행 실패: 명령에 할당된 연결이 보류 중인 로컬 트랜잭션에 연결되어 있는 경우 ExecuteNonQuery을(를) 사용하려면 트랜잭션이 있어야 합니다. 명령의 Transaction 속성이 초기화되지 않았습니다.
22:35:40:692-[SCH][CV] CV TRACK:102 작업:9001(TYP:1) → CV 명령 발행 (DEST:115)
22:35:40:798-[SCH][CV] CV TRACK:102 발행 실패: 명령에 할당된 연결이 보류 중인 로컬 트랜잭션에 연결되어 있는 경우 ExecuteNonQuery을(를) 사용하려면 트랜잭션이 있어야 합니다. 명령의 Transaction 속성이 초기화되지 않았습니다.
22:35:40:908-[SCH][SC] S/C #902 작업:9002(TYP:2) → 이송 명령 발행 (From:902/0300502 To:105/)
22:35:41:020-[SCH][SC] S/C #902 발행 실패: 명령에 할당된 연결이 보류 중인 로컬 트랜잭션에 연결되어 있는 경우 ExecuteNonQuery을(를) 사용하려면 트랜잭션이 있어야 합니다. 명령의 Transaction 속성이 초기화되지 않았습니다.
22:35:41:235-[SCH][CV] CV TRACK:102 작업:9001(TYP:1) → CV 명령 발행 (DEST:115)
22:35:41:344-[SCH][CV] CV TRACK:102 발행 실패: 명령에 할당된 연결이 보류 중인 로컬 트랜잭션에 연결되어 있는 경우 ExecuteNonQuery을(를) 사용하려면 트랜잭션이 있어야 합니다. 명령의 Transaction 속성이 초기화되지 않았습니다.
22:35:41:454-[SCH][SC] S/C #902 작업:9002(TYP:2) → 이송 명령 발행 (From:902/0300502 To:105/)
22:35:41:564-[SCH][SC] S/C #902 발행 실패: 명령에 할당된 연결이 보류 중인 로컬 트랜잭션에 연결되어 있는 경우 ExecuteNonQuery을(를) 사용하려면 트랜잭션이 있어야 합니다. 명령의 Transaction 속성이 초기화되지 않았습니다.
22:35:41:673-[SCH][CV] CV TRACK:102 작업:9001(TYP:1) → CV 명령 발행 (DEST:115)
22:35:41:781-[SCH][CV] CV TRACK:102 발행 실패: 명령에 할당된 연결이 보류 중인 로컬 트랜잭션에 연결되어 있는 경우 ExecuteNonQuery을(를) 사용하려면 트랜잭션이 있어야 합니다. 명령의 Transaction 속성이 초기화되지 않았습니다.
22:35:41:890-[SCH][SC] S/C #902 작업:9002(TYP:2) → 이송 명령 발행 (From:902/0300502 To:105/)
22:35:41:999-[SCH][SC] S/C #902 발행 실패: 명령에 할당된 연결이 보류 중인 로컬 트랜잭션에 연결되어 있는 경우 ExecuteNonQuery을(를) 사용하려면 트랜잭션이 있어야 합니다. 명령의 Transaction 속성이 초기화되지 않았습니다.
22:35:42:107-[SCH][CV] CV TRACK:102 작업:9001(TYP:1) → CV 명령 발행 (DEST:115)
22:35:42:217-[SCH][CV] CV TRACK:102 발행 실패: 명령에 할당된 연결이 보류 중인 로컬 트랜잭션에 연결되어 있는 경우 ExecuteNonQuery을(를) 사용하려면 트랜잭션이 있어야 합니다. 명령의 Transaction 속성이 초기화되지 않았습니다.
22:35:42:326-[SCH][SC] S/C #902 작업:9002(TYP:2) → 이송 명령 발행 (From:902/0300502 To:105/)
22:35:42:437-[SCH][SC] S/C #902 발행 실패: 명령에 할당된 연결이 보류 중인 로컬 트랜잭션에 연결되어 있는 경우 ExecuteNonQuery을(를) 사용하려면 트랜잭션이 있어야 합니다. 명령의 Transaction 속성이 초기화되지 않았습니다.
22:35:42:655-[SCH][CV] CV TRACK:102 작업:9001(TYP:1) → CV 명령 발행 (DEST:115)
22:35:42:766-[SCH][CV] CV TRACK:102 발행 실패: 명령에 할당된 연결이 보류 중인 로컬 트랜잭션에 연결되어 있는 경우 ExecuteNonQuery을(를) 사용하려면 트랜잭션이 있어야 합니다. 명령의 Transaction 속성이 초기화되지 않았습니다.
22:35:42:874-[SCH][SC] S/C #902 작업:9002(TYP:2) → 이송 명령 발행 (From:902/0300502 To:105/)
22:35:42:983-[SCH][SC] S/C #902 발행 실패: 명령에 할당된 연결이 보류 중인 로컬 트랜잭션에 연결되어 있는 경우 ExecuteNonQuery을(를) 사용하려면 트랜잭션이 있어야 합니다. 명령의 Transaction 속성이 초기화되지 않았습니다.
22:35:43:093-[SCH][CV] CV TRACK:102 작업:9001(TYP:1) → CV 명령 발행 (DEST:115)
22:35:43:201-[SCH][CV] CV TRACK:102 발행 실패: 명령에 할당된 연결이 보류 중인 로컬 트랜잭션에 연결되어 있는 경우 ExecuteNonQuery을(를) 사용하려면 트랜잭션이 있어야 합니다. 명령의 Transaction 속성이 초기화되지 않았습니다.
22:35:43:310-[SCH][SC] S/C #902 작업:9002(TYP:2) → 이송 명령 발행 (From:902/0300502 To:105/)
22:35:43:420-[SCH][SC] S/C #902 발행 실패: 명령에 할당된 연결이 보류 중인 로컬 트랜잭션에 연결되어 있는 경우 ExecuteNonQuery을(를) 사용하려면 트랜잭션이 있어야 합니다. 명령의 Transaction 속성이 초기화되지 않았습니다.
22:35:43:531-[SCH][CV] CV TRACK:102 작업:9001(TYP:1) → CV 명령 발행 (DEST:115)
22:35:43:639-[SCH][CV] CV TRACK:102 발행 실패: 명령에 할당된 연결이 보류 중인 로컬 트랜잭션에 연결되어 있는 경우 ExecuteNonQuery을(를) 사용하려면 트랜잭션이 있어야 합니다. 명령의 Transaction 속성이 초기화되지 않았습니다.
22:35:43:749-[SCH][SC] S/C #902 작업:9002(TYP:2) → 이송 명령 발행 (From:902/0300502 To:105/)
22:35:43:859-[SCH][SC] S/C #902 발행 실패: 명령에 할당된 연결이 보류 중인 로컬 트랜잭션에 연결되어 있는 경우 ExecuteNonQuery을(를) 사용하려면 트랜잭션이 있어야 합니다. 명령의 Transaction 속성이 초기화되지 않았습니다.
22:35:44:077-[SCH][CV] CV TRACK:102 작업:9001(TYP:1) → CV 명령 발행 (DEST:115)
22:35:44:185-[SCH][CV] CV TRACK:102 발행 실패: 명령에 할당된 연결이 보류 중인 로컬 트랜잭션에 연결되어 있는 경우 ExecuteNonQuery을(를) 사용하려면 트랜잭션이 있어야 합니다. 명령의 Transaction 속성이 초기화되지 않았습니다.
22:35:44:295-[SCH][SC] S/C #902 작업:9002(TYP:2) → 이송 명령 발행 (From:902/0300502 To:105/)
22:35:44:405-[SCH][SC] S/C #902 발행 실패: 명령에 할당된 연결이 보류 중인 로컬 트랜잭션에 연결되어 있는 경우 ExecuteNonQuery을(를) 사용하려면 트랜잭션이 있어야 합니다. 명령의 Transaction 속성이 초기화되지 않았습니다.
22:35:44:622-[SCH][CV] CV TRACK:102 작업:9001(TYP:1) → CV 명령 발행 (DEST:115)
22:35:44:731-[SCH][CV] CV TRACK:102 발행 실패: 명령에 할당된 연결이 보류 중인 로컬 트랜잭션에 연결되어 있는 경우 ExecuteNonQuery을(를) 사용하려면 트랜잭션이 있어야 합니다. 명령의 Transaction 속성이 초기화되지 않았습니다.
22:35:44:841-[SCH][SC] S/C #902 작업:9002(TYP:2) → 이송 명령 발행 (From:902/0300502 To:105/)
22:35:44:952-[SCH][SC] S/C #902 발행 실패: 명령에 할당된 연결이 보류 중인 로컬 트랜잭션에 연결되어 있는 경우 ExecuteNonQuery을(를) 사용하려면 트랜잭션이 있어야 합니다. 명령의 Transaction 속성이 초기화되지 않았습니다.
22:35:45:058-[SCH][CV] CV TRACK:102 작업:9001(TYP:1) → CV 명령 발행 (DEST:115)
22:35:45:168-[SCH][CV] CV TRACK:102 발행 실패: 명령에 할당된 연결이 보류 중인 로컬 트랜잭션에 연결되어 있는 경우 ExecuteNonQuery을(를) 사용하려면 트랜잭션이 있어야 합니다. 명령의 Transaction 속성이 초기화되지 않았습니다.
22:35:45:277-[SCH][SC] S/C #902 작업:9002(TYP:2) → 이송 명령 발행 (From:902/0300502 To:105/)
22:35:45:386-[SCH][SC] S/C #902 발행 실패: 명령에 할당된 연결이 보류 중인 로컬 트랜잭션에 연결되어 있는 경우 ExecuteNonQuery을(를) 사용하려면 트랜잭션이 있어야 합니다. 명령의 Transaction 속성이 초기화되지 않았습니다.
22:35:45:494-[SCH][CV] CV TRACK:102 작업:9001(TYP:1) → CV 명령 발행 (DEST:115)
22:35:45:601-[SCH][CV] CV TRACK:102 발행 실패: 명령에 할당된 연결이 보류 중인 로컬 트랜잭션에 연결되어 있는 경우 ExecuteNonQuery을(를) 사용하려면 트랜잭션이 있어야 합니다. 명령의 Transaction 속성이 초기화되지 않았습니다.
22:35:45:711-[SCH][SC] S/C #902 작업:9002(TYP:2) → 이송 명령 발행 (From:902/0300502 To:105/)
22:35:45:821-[SCH][SC] S/C #902 발행 실패: 명령에 할당된 연결이 보류 중인 로컬 트랜잭션에 연결되어 있는 경우 ExecuteNonQuery을(를) 사용하려면 트랜잭션이 있어야 합니다. 명령의 Transaction 속성이 초기화되지 않았습니다.
22:35:46:041-[SCH][CV] CV TRACK:102 작업:9001(TYP:1) → CV 명령 발행 (DEST:115)
22:35:46:152-[SCH][CV] CV TRACK:102 발행 실패: 명령에 할당된 연결이 보류 중인 로컬 트랜잭션에 연결되어 있는 경우 ExecuteNonQuery을(를) 사용하려면 트랜잭션이 있어야 합니다. 명령의 Transaction 속성이 초기화되지 않았습니다.
22:35:46:263-[SCH][SC] S/C #902 작업:9002(TYP:2) → 이송 명령 발행 (From:902/0300502 To:105/)
22:35:46:372-[SCH][SC] S/C #902 발행 실패: 명령에 할당된 연결이 보류 중인 로컬 트랜잭션에 연결되어 있는 경우 ExecuteNonQuery을(를) 사용하려면 트랜잭션이 있어야 합니다. 명령의 Transaction 속성이 초기화되지 않았습니다.
22:35:46:481-[SCH][CV] CV TRACK:102 작업:9001(TYP:1) → CV 명령 발행 (DEST:115)
22:35:46:591-[SCH][CV] CV TRACK:102 발행 실패: 명령에 할당된 연결이 보류 중인 로컬 트랜잭션에 연결되어 있는 경우 ExecuteNonQuery을(를) 사용하려면 트랜잭션이 있어야 합니다. 명령의 Transaction 속성이 초기화되지 않았습니다.
22:35:46:700-[SCH][SC] S/C #902 작업:9002(TYP:2) → 이송 명령 발행 (From:902/0300502 To:105/)
22:35:46:810-[SCH][SC] S/C #902 발행 실패: 명령에 할당된 연결이 보류 중인 로컬 트랜잭션에 연결되어 있는 경우 ExecuteNonQuery을(를) 사용하려면 트랜잭션이 있어야 합니다. 명령의 Transaction 속성이 초기화되지 않았습니다.
22:35:46:919-[SCH][CV] CV TRACK:102 작업:9001(TYP:1) → CV 명령 발행 (DEST:115)
22:35:47:028-[SCH][CV] CV TRACK:102 발행 실패: 명령에 할당된 연결이 보류 중인 로컬 트랜잭션에 연결되어 있는 경우 ExecuteNonQuery을(를) 사용하려면 트랜잭션이 있어야 합니다. 명령의 Transaction 속성이 초기화되지 않았습니다.
22:35:47:138-[SCH][SC] S/C #902 작업:9002(TYP:2) → 이송 명령 발행 (From:902/0300502 To:105/)
22:35:47:248-[SCH][SC] S/C #902 발행 실패: 명령에 할당된 연결이 보류 중인 로컬 트랜잭션에 연결되어 있는 경우 ExecuteNonQuery을(를) 사용하려면 트랜잭션이 있어야 합니다. 명령의 Transaction 속성이 초기화되지 않았습니다.
22:35:47:466-[SCH][CV] CV TRACK:102 작업:9001(TYP:1) → CV 명령 발행 (DEST:115)
22:35:47:576-[SCH][CV] CV TRACK:102 발행 실패: 명령에 할당된 연결이 보류 중인 로컬 트랜잭션에 연결되어 있는 경우 ExecuteNonQuery을(를) 사용하려면 트랜잭션이 있어야 합니다. 명령의 Transaction 속성이 초기화되지 않았습니다.
22:35:47:686-[SCH][SC] S/C #902 작업:9002(TYP:2) → 이송 명령 발행 (From:902/0300502 To:105/)
22:35:47:795-[SCH][SC] S/C #902 발행 실패: 명령에 할당된 연결이 보류 중인 로컬 트랜잭션에 연결되어 있는 경우 ExecuteNonQuery을(를) 사용하려면 트랜잭션이 있어야 합니다. 명령의 Transaction 속성이 초기화되지 않았습니다.
22:35:48:231-[SCH][CV] CV TRACK:102 작업:9001(TYP:1) → CV 명령 발행 (DEST:115)
22:35:48:338-[SCH][CV] CV TRACK:102 발행 실패: 명령에 할당된 연결이 보류 중인 로컬 트랜잭션에 연결되어 있는 경우 ExecuteNonQuery을(를) 사용하려면 트랜잭션이 있어야 합니다. 명령의 Transaction 속성이 초기화되지 않았습니다.
22:35:48:448-[SCH][SC] S/C #902 작업:9002(TYP:2) → 이송 명령 발행 (From:902/0300502 To:105/)
22:35:48:558-[SCH][SC] S/C #902 발행 실패: 명령에 할당된 연결이 보류 중인 로컬 트랜잭션에 연결되어 있는 경우 ExecuteNonQuery을(를) 사용하려면 트랜잭션이 있어야 합니다. 명령의 Transaction 속성이 초기화되지 않았습니다.
22:35:48:996-[SCH][CV] CV TRACK:102 작업:9001(TYP:1) → CV 명령 발행 (DEST:115)
22:35:49:105-[SCH][CV] CV TRACK:102 발행 실패: 명령에 할당된 연결이 보류 중인 로컬 트랜잭션에 연결되어 있는 경우 ExecuteNonQuery을(를) 사용하려면 트랜잭션이 있어야 합니다. 명령의 Transaction 속성이 초기화되지 않았습니다.
22:35:49:213-[SCH][SC] S/C #902 작업:9002(TYP:2) → 이송 명령 발행 (From:902/0300502 To:105/)
22:35:49:323-[SCH][SC] S/C #902 발행 실패: 명령에 할당된 연결이 보류 중인 로컬 트랜잭션에 연결되어 있는 경우 ExecuteNonQuery을(를) 사용하려면 트랜잭션이 있어야 합니다. 명령의 Transaction 속성이 초기화되지 않았습니다.
22:35:49:651-[SCH][CV] CV TRACK:102 작업:9001(TYP:1) → CV 명령 발행 (DEST:115)
22:35:49:760-[SCH][CV] CV TRACK:102 발행 실패: 명령에 할당된 연결이 보류 중인 로컬 트랜잭션에 연결되어 있는 경우 ExecuteNonQuery을(를) 사용하려면 트랜잭션이 있어야 합니다. 명령의 Transaction 속성이 초기화되지 않았습니다.
22:35:49:980-[SCH][SC] S/C #902 작업:9002(TYP:2) → 이송 명령 발행 (From:902/0300502 To:105/)
22:35:50:089-[SCH][SC] S/C #902 발행 실패: 명령에 할당된 연결이 보류 중인 로컬 트랜잭션에 연결되어 있는 경우 ExecuteNonQuery을(를) 사용하려면 트랜잭션이 있어야 합니다. 명령의 Transaction 속성이 초기화되지 않았습니다.
22:35:50:414-[SCH][CV] CV TRACK:102 작업:9001(TYP:1) → CV 명령 발행 (DEST:115)
22:35:50:523-[SCH][CV] CV TRACK:102 발행 실패: 명령에 할당된 연결이 보류 중인 로컬 트랜잭션에 연결되어 있는 경우 ExecuteNonQuery을(를) 사용하려면 트랜잭션이 있어야 합니다. 명령의 Transaction 속성이 초기화되지 않았습니다.
22:35:50:740-[SCH][SC] S/C #902 작업:9002(TYP:2) → 이송 명령 발행 (From:902/0300502 To:105/)
22:35:50:848-[SCH][SC] S/C #902 발행 실패: 명령에 할당된 연결이 보류 중인 로컬 트랜잭션에 연결되어 있는 경우 ExecuteNonQuery을(를) 사용하려면 트랜잭션이 있어야 합니다. 명령의 Transaction 속성이 초기화되지 않았습니다.
22:35:51:174-[SCH][CV] CV TRACK:102 작업:9001(TYP:1) → CV 명령 발행 (DEST:115)
22:35:51:282-[SCH][CV] CV TRACK:102 발행 실패: 명령에 할당된 연결이 보류 중인 로컬 트랜잭션에 연결되어 있는 경우 ExecuteNonQuery을(를) 사용하려면 트랜잭션이 있어야 합니다. 명령의 Transaction 속성이 초기화되지 않았습니다.
22:35:51:390-[SCH][SC] S/C #902 작업:9002(TYP:2) → 이송 명령 발행 (From:902/0300502 To:105/)
22:35:51:500-[SCH][SC] S/C #902 발행 실패: 명령에 할당된 연결이 보류 중인 로컬 트랜잭션에 연결되어 있는 경우 ExecuteNonQuery을(를) 사용하려면 트랜잭션이 있어야 합니다. 명령의 Transaction 속성이 초기화되지 않았습니다.
22:35:51:939-[SCH][CV] CV TRACK:102 작업:9001(TYP:1) → CV 명령 발행 (DEST:115)
22:35:52:049-[SCH][CV] CV TRACK:102 발행 실패: 명령에 할당된 연결이 보류 중인 로컬 트랜잭션에 연결되어 있는 경우 ExecuteNonQuery을(를) 사용하려면 트랜잭션이 있어야 합니다. 명령의 Transaction 속성이 초기화되지 않았습니다.
22:35:52:160-[SCH][SC] S/C #902 작업:9002(TYP:2) → 이송 명령 발행 (From:902/0300502 To:105/)
22:35:52:271-[SCH][SC] S/C #902 발행 실패: 명령에 할당된 연결이 보류 중인 로컬 트랜잭션에 연결되어 있는 경우 ExecuteNonQuery을(를) 사용하려면 트랜잭션이 있어야 합니다. 명령의 Transaction 속성이 초기화되지 않았습니다.
22:35:52:711-[SCH][CV] CV TRACK:102 작업:9001(TYP:1) → CV 명령 발행 (DEST:115)
22:35:52:821-[SCH][CV] CV TRACK:102 발행 실패: 명령에 할당된 연결이 보류 중인 로컬 트랜잭션에 연결되어 있는 경우 ExecuteNonQuery을(를) 사용하려면 트랜잭션이 있어야 합니다. 명령의 Transaction 속성이 초기화되지 않았습니다.
22:35:52:931-[SCH][SC] S/C #902 작업:9002(TYP:2) → 이송 명령 발행 (From:902/0300502 To:105/)
22:35:53:041-[SCH][SC] S/C #902 발행 실패: 명령에 할당된 연결이 보류 중인 로컬 트랜잭션에 연결되어 있는 경우 ExecuteNonQuery을(를) 사용하려면 트랜잭션이 있어야 합니다. 명령의 Transaction 속성이 초기화되지 않았습니다.
22:35:53:258-[SCH][CV] CV TRACK:102 작업:9001(TYP:1) → CV 명령 발행 (DEST:115)
22:35:53:368-[SCH][CV] CV TRACK:102 발행 실패: 명령에 할당된 연결이 보류 중인 로컬 트랜잭션에 연결되어 있는 경우 ExecuteNonQuery을(를) 사용하려면 트랜잭션이 있어야 합니다. 명령의 Transaction 속성이 초기화되지 않았습니다.
22:35:53:477-[SCH][SC] S/C #902 작업:9002(TYP:2) → 이송 명령 발행 (From:902/0300502 To:105/)
22:35:53:588-[SCH][SC] S/C #902 발행 실패: 명령에 할당된 연결이 보류 중인 로컬 트랜잭션에 연결되어 있는 경우 ExecuteNonQuery을(를) 사용하려면 트랜잭션이 있어야 합니다. 명령의 Transaction 속성이 초기화되지 않았습니다.
22:35:53:695-[SCH][CV] CV TRACK:102 작업:9001(TYP:1) → CV 명령 발행 (DEST:115)
22:35:53:804-[SCH][CV] CV TRACK:102 발행 실패: 명령에 할당된 연결이 보류 중인 로컬 트랜잭션에 연결되어 있는 경우 ExecuteNonQuery을(를) 사용하려면 트랜잭션이 있어야 합니다. 명령의 Transaction 속성이 초기화되지 않았습니다.
22:35:53:914-[SCH][SC] S/C #902 작업:9002(TYP:2) → 이송 명령 발행 (From:902/0300502 To:105/)
22:35:54:023-[SCH][SC] S/C #902 발행 실패: 명령에 할당된 연결이 보류 중인 로컬 트랜잭션에 연결되어 있는 경우 ExecuteNonQuery을(를) 사용하려면 트랜잭션이 있어야 합니다. 명령의 Transaction 속성이 초기화되지 않았습니다.
22:35:54:133-[SCH][CV] CV TRACK:102 작업:9001(TYP:1) → CV 명령 발행 (DEST:115)
22:35:54:243-[SCH][CV] CV TRACK:102 발행 실패: 명령에 할당된 연결이 보류 중인 로컬 트랜잭션에 연결되어 있는 경우 ExecuteNonQuery을(를) 사용하려면 트랜잭션이 있어야 합니다. 명령의 Transaction 속성이 초기화되지 않았습니다.
22:35:54:351-[SCH][SC] S/C #902 작업:9002(TYP:2) → 이송 명령 발행 (From:902/0300502 To:105/)
22:35:54:461-[SCH][SC] S/C #902 발행 실패: 명령에 할당된 연결이 보류 중인 로컬 트랜잭션에 연결되어 있는 경우 ExecuteNonQuery을(를) 사용하려면 트랜잭션이 있어야 합니다. 명령의 Transaction 속성이 초기화되지 않았습니다.
22:35:54:679-[SCH][CV] CV TRACK:102 작업:9001(TYP:1) → CV 명령 발행 (DEST:115)
22:35:54:790-[SCH][CV] CV TRACK:102 발행 실패: 명령에 할당된 연결이 보류 중인 로컬 트랜잭션에 연결되어 있는 경우 ExecuteNonQuery을(를) 사용하려면 트랜잭션이 있어야 합니다. 명령의 Transaction 속성이 초기화되지 않았습니다.
22:35:54:898-[SCH][SC] S/C #902 작업:9002(TYP:2) → 이송 명령 발행 (From:902/0300502 To:105/)
22:35:55:008-[SCH][SC] S/C #902 발행 실패: 명령에 할당된 연결이 보류 중인 로컬 트랜잭션에 연결되어 있는 경우 ExecuteNonQuery을(를) 사용하려면 트랜잭션이 있어야 합니다. 명령의 Transaction 속성이 초기화되지 않았습니다.
22:35:55:115-[SCH][CV] CV TRACK:102 작업:9001(TYP:1) → CV 명령 발행 (DEST:115)
22:35:55:227-[SCH][CV] CV TRACK:102 발행 실패: 명령에 할당된 연결이 보류 중인 로컬 트랜잭션에 연결되어 있는 경우 ExecuteNonQuery을(를) 사용하려면 트랜잭션이 있어야 합니다. 명령의 Transaction 속성이 초기화되지 않았습니다.
22:35:55:335-[SCH][SC] S/C #902 작업:9002(TYP:2) → 이송 명령 발행 (From:902/0300502 To:105/)
22:35:55:443-[SCH][SC] S/C #902 발행 실패: 명령에 할당된 연결이 보류 중인 로컬 트랜잭션에 연결되어 있는 경우 ExecuteNonQuery을(를) 사용하려면 트랜잭션이 있어야 합니다. 명령의 Transaction 속성이 초기화되지 않았습니다.
22:35:55:663-[SCH][CV] CV TRACK:102 작업:9001(TYP:1) → CV 명령 발행 (DEST:115)
22:35:55:772-[SCH][CV] CV TRACK:102 발행 실패: 명령에 할당된 연결이 보류 중인 로컬 트랜잭션에 연결되어 있는 경우 ExecuteNonQuery을(를) 사용하려면 트랜잭션이 있어야 합니다. 명령의 Transaction 속성이 초기화되지 않았습니다.
22:35:55:881-[SCH][SC] S/C #902 작업:9002(TYP:2) → 이송 명령 발행 (From:902/0300502 To:105/)
22:35:55:990-[SCH][SC] S/C #902 발행 실패: 명령에 할당된 연결이 보류 중인 로컬 트랜잭션에 연결되어 있는 경우 ExecuteNonQuery을(를) 사용하려면 트랜잭션이 있어야 합니다. 명령의 Transaction 속성이 초기화되지 않았습니다.
22:35:56:100-[SCH][CV] CV TRACK:102 작업:9001(TYP:1) → CV 명령 발행 (DEST:115)
22:35:56:210-[SCH][CV] CV TRACK:102 발행 실패: 명령에 할당된 연결이 보류 중인 로컬 트랜잭션에 연결되어 있는 경우 ExecuteNonQuery을(를) 사용하려면 트랜잭션이 있어야 합니다. 명령의 Transaction 속성이 초기화되지 않았습니다.
22:35:56:318-[SCH][SC] S/C #902 작업:9002(TYP:2) → 이송 명령 발행 (From:902/0300502 To:105/)
22:35:56:429-[SCH][SC] S/C #902 발행 실패: 명령에 할당된 연결이 보류 중인 로컬 트랜잭션에 연결되어 있는 경우 ExecuteNonQuery을(를) 사용하려면 트랜잭션이 있어야 합니다. 명령의 Transaction 속성이 초기화되지 않았습니다.
22:35:56:539-[SCH][CV] CV TRACK:102 작업:9001(TYP:1) → CV 명령 발행 (DEST:115)
22:35:56:646-[SCH][CV] CV TRACK:102 발행 실패: 명령에 할당된 연결이 보류 중인 로컬 트랜잭션에 연결되어 있는 경우 ExecuteNonQuery을(를) 사용하려면 트랜잭션이 있어야 합니다. 명령의 Transaction 속성이 초기화되지 않았습니다.
22:35:56:756-[SCH][SC] S/C #902 작업:9002(TYP:2) → 이송 명령 발행 (From:902/0300502 To:105/)
22:35:56:865-[SCH][SC] S/C #902 발행 실패: 명령에 할당된 연결이 보류 중인 로컬 트랜잭션에 연결되어 있는 경우 ExecuteNonQuery을(를) 사용하려면 트랜잭션이 있어야 합니다. 명령의 Transaction 속성이 초기화되지 않았습니다.
22:35:57:082-[SCH][CV] CV TRACK:102 작업:9001(TYP:1) → CV 명령 발행 (DEST:115)
22:35:57:192-[SCH][CV] CV TRACK:102 발행 실패: 명령에 할당된 연결이 보류 중인 로컬 트랜잭션에 연결되어 있는 경우 ExecuteNonQuery을(를) 사용하려면 트랜잭션이 있어야 합니다. 명령의 Transaction 속성이 초기화되지 않았습니다.
22:35:57:300-[SCH][SC] S/C #902 작업:9002(TYP:2) → 이송 명령 발행 (From:902/0300502 To:105/)
22:35:57:410-[SCH][SC] S/C #902 발행 실패: 명령에 할당된 연결이 보류 중인 로컬 트랜잭션에 연결되어 있는 경우 ExecuteNonQuery을(를) 사용하려면 트랜잭션이 있어야 합니다. 명령의 Transaction 속성이 초기화되지 않았습니다.
22:35:57:518-[SCH][CV] CV TRACK:102 작업:9001(TYP:1) → CV 명령 발행 (DEST:115)
22:35:57:624-[SCH][CV] CV TRACK:102 발행 실패: 명령에 할당된 연결이 보류 중인 로컬 트랜잭션에 연결되어 있는 경우 ExecuteNonQuery을(를) 사용하려면 트랜잭션이 있어야 합니다. 명령의 Transaction 속성이 초기화되지 않았습니다.
22:35:57:733-[SCH][SC] S/C #902 작업:9002(TYP:2) → 이송 명령 발행 (From:902/0300502 To:105/)
22:35:57:841-[SCH][SC] S/C #902 발행 실패: 명령에 할당된 연결이 보류 중인 로컬 트랜잭션에 연결되어 있는 경우 ExecuteNonQuery을(를) 사용하려면 트랜잭션이 있어야 합니다. 명령의 Transaction 속성이 초기화되지 않았습니다.
22:35:58:058-[SCH][CV] CV TRACK:102 작업:9001(TYP:1) → CV 명령 발행 (DEST:115)
22:35:58:169-[SCH][CV] CV TRACK:102 발행 실패: 명령에 할당된 연결이 보류 중인 로컬 트랜잭션에 연결되어 있는 경우 ExecuteNonQuery을(를) 사용하려면 트랜잭션이 있어야 합니다. 명령의 Transaction 속성이 초기화되지 않았습니다.
22:35:58:279-[SCH][SC] S/C #902 작업:9002(TYP:2) → 이송 명령 발행 (From:902/0300502 To:105/)
22:35:58:407-[SCH][SC] S/C #902 발행 실패: 명령에 할당된 연결이 보류 중인 로컬 트랜잭션에 연결되어 있는 경우 ExecuteNonQuery을(를) 사용하려면 트랜잭션이 있어야 합니다. 명령의 Transaction 속성이 초기화되지 않았습니다.
22:35:58:516-[SCH][CV] CV TRACK:102 작업:9001(TYP:1) → CV 명령 발행 (DEST:115)
22:35:58:625-[SCH][CV] CV TRACK:102 발행 실패: 명령에 할당된 연결이 보류 중인 로컬 트랜잭션에 연결되어 있는 경우 ExecuteNonQuery을(를) 사용하려면 트랜잭션이 있어야 합니다. 명령의 Transaction 속성이 초기화되지 않았습니다.
22:35:58:735-[SCH][SC] S/C #902 작업:9002(TYP:2) → 이송 명령 발행 (From:902/0300502 To:105/)
22:35:58:846-[SCH][SC] S/C #902 발행 실패: 명령에 할당된 연결이 보류 중인 로컬 트랜잭션에 연결되어 있는 경우 ExecuteNonQuery을(를) 사용하려면 트랜잭션이 있어야 합니다. 명령의 Transaction 속성이 초기화되지 않았습니다.
22:35:58:957-[SCH][CV] CV TRACK:102 작업:9001(TYP:1) → CV 명령 발행 (DEST:115)
22:35:59:066-[SCH][CV] CV TRACK:102 발행 실패: 명령에 할당된 연결이 보류 중인 로컬 트랜잭션에 연결되어 있는 경우 ExecuteNonQuery을(를) 사용하려면 트랜잭션이 있어야 합니다. 명령의 Transaction 속성이 초기화되지 않았습니다.
22:35:59:177-[SCH][SC] S/C #902 작업:9002(TYP:2) → 이송 명령 발행 (From:902/0300502 To:105/)
22:35:59:287-[SCH][SC] S/C #902 발행 실패: 명령에 할당된 연결이 보류 중인 로컬 트랜잭션에 연결되어 있는 경우 ExecuteNonQuery을(를) 사용하려면 트랜잭션이 있어야 합니다. 명령의 Transaction 속성이 초기화되지 않았습니다.
22:35:59:505-[SCH][CV] CV TRACK:102 작업:9001(TYP:1) → CV 명령 발행 (DEST:115)
22:35:59:615-[SCH][CV] CV TRACK:102 발행 실패: 명령에 할당된 연결이 보류 중인 로컬 트랜잭션에 연결되어 있는 경우 ExecuteNonQuery을(를) 사용하려면 트랜잭션이 있어야 합니다. 명령의 Transaction 속성이 초기화되지 않았습니다.
22:35:59:725-[SCH][SC] S/C #902 작업:9002(TYP:2) → 이송 명령 발행 (From:902/0300502 To:105/)
22:35:59:834-[SCH][SC] S/C #902 발행 실패: 명령에 할당된 연결이 보류 중인 로컬 트랜잭션에 연결되어 있는 경우 ExecuteNonQuery을(를) 사용하려면 트랜잭션이 있어야 합니다. 명령의 Transaction 속성이 초기화되지 않았습니다.
22:36:00:050-[SCH][CV] CV TRACK:102 작업:9001(TYP:1) → CV 명령 발행 (DEST:115)
22:36:00:159-[SCH][CV] CV TRACK:102 발행 실패: 명령에 할당된 연결이 보류 중인 로컬 트랜잭션에 연결되어 있는 경우 ExecuteNonQuery을(를) 사용하려면 트랜잭션이 있어야 합니다. 명령의 Transaction 속성이 초기화되지 않았습니다.
22:36:00:269-[SCH][SC] S/C #902 작업:9002(TYP:2) → 이송 명령 발행 (From:902/0300502 To:105/)
22:36:00:377-[SCH][SC] S/C #902 발행 실패: 명령에 할당된 연결이 보류 중인 로컬 트랜잭션에 연결되어 있는 경우 ExecuteNonQuery을(를) 사용하려면 트랜잭션이 있어야 합니다. 명령의 Transaction 속성이 초기화되지 않았습니다.
22:36:00:486-[SCH][CV] CV TRACK:102 작업:9001(TYP:1) → CV 명령 발행 (DEST:115)
22:36:00:595-[SCH][CV] CV TRACK:102 발행 실패: 명령에 할당된 연결이 보류 중인 로컬 트랜잭션에 연결되어 있는 경우 ExecuteNonQuery을(를) 사용하려면 트랜잭션이 있어야 합니다. 명령의 Transaction 속성이 초기화되지 않았습니다.
22:36:00:706-[SCH][SC] S/C #902 작업:9002(TYP:2) → 이송 명령 발행 (From:902/0300502 To:105/)
22:36:00:817-[SCH][SC] S/C #902 발행 실패: 명령에 할당된 연결이 보류 중인 로컬 트랜잭션에 연결되어 있는 경우 ExecuteNonQuery을(를) 사용하려면 트랜잭션이 있어야 합니다. 명령의 Transaction 속성이 초기화되지 않았습니다.
22:36:00:924-[SCH][CV] CV TRACK:102 작업:9001(TYP:1) → CV 명령 발행 (DEST:115)
22:36:01:033-[SCH][CV] CV TRACK:102 발행 실패: 명령에 할당된 연결이 보류 중인 로컬 트랜잭션에 연결되어 있는 경우 ExecuteNonQuery을(를) 사용하려면 트랜잭션이 있어야 합니다. 명령의 Transaction 속성이 초기화되지 않았습니다.
22:36:01:144-[SCH][SC] S/C #902 작업:9002(TYP:2) → 이송 명령 발행 (From:902/0300502 To:105/)
22:36:01:252-[SCH][SC] S/C #902 발행 실패: 명령에 할당된 연결이 보류 중인 로컬 트랜잭션에 연결되어 있는 경우 ExecuteNonQuery을(를) 사용하려면 트랜잭션이 있어야 합니다. 명령의 Transaction 속성이 초기화되지 않았습니다.
22:36:01:471-[SCH][CV] CV TRACK:102 작업:9001(TYP:1) → CV 명령 발행 (DEST:115)
22:36:01:580-[SCH][CV] CV TRACK:102 발행 실패: 명령에 할당된 연결이 보류 중인 로컬 트랜잭션에 연결되어 있는 경우 ExecuteNonQuery을(를) 사용하려면 트랜잭션이 있어야 합니다. 명령의 Transaction 속성이 초기화되지 않았습니다.
22:36:01:689-[SCH][SC] S/C #902 작업:9002(TYP:2) → 이송 명령 발행 (From:902/0300502 To:105/)
22:36:01:799-[SCH][SC] S/C #902 발행 실패: 명령에 할당된 연결이 보류 중인 로컬 트랜잭션에 연결되어 있는 경우 ExecuteNonQuery을(를) 사용하려면 트랜잭션이 있어야 합니다. 명령의 Transaction 속성이 초기화되지 않았습니다.
22:36:01:906-[SCH][CV] CV TRACK:102 작업:9001(TYP:1) → CV 명령 발행 (DEST:115)
22:36:02:015-[SCH][CV] CV TRACK:102 발행 실패: 명령에 할당된 연결이 보류 중인 로컬 트랜잭션에 연결되어 있는 경우 ExecuteNonQuery을(를) 사용하려면 트랜잭션이 있어야 합니다. 명령의 Transaction 속성이 초기화되지 않았습니다.
22:36:02:127-[SCH][SC] S/C #902 작업:9002(TYP:2) → 이송 명령 발행 (From:902/0300502 To:105/)
22:36:02:236-[SCH][SC] S/C #902 발행 실패: 명령에 할당된 연결이 보류 중인 로컬 트랜잭션에 연결되어 있는 경우 ExecuteNonQuery을(를) 사용하려면 트랜잭션이 있어야 합니다. 명령의 Transaction 속성이 초기화되지 않았습니다.
22:36:02:345-[SCH][CV] CV TRACK:102 작업:9001(TYP:1) → CV 명령 발행 (DEST:115)
22:36:02:455-[SCH][CV] CV TRACK:102 발행 실패: 명령에 할당된 연결이 보류 중인 로컬 트랜잭션에 연결되어 있는 경우 ExecuteNonQuery을(를) 사용하려면 트랜잭션이 있어야 합니다. 명령의 Transaction 속성이 초기화되지 않았습니다.
22:36:02:564-[SCH][SC] S/C #902 작업:9002(TYP:2) → 이송 명령 발행 (From:902/0300502 To:105/)
22:36:02:674-[SCH][SC] S/C #902 발행 실패: 명령에 할당된 연결이 보류 중인 로컬 트랜잭션에 연결되어 있는 경우 ExecuteNonQuery을(를) 사용하려면 트랜잭션이 있어야 합니다. 명령의 Transaction 속성이 초기화되지 않았습니다.
22:36:02:781-[SCH][CV] CV TRACK:102 작업:9001(TYP:1) → CV 명령 발행 (DEST:115)
22:36:02:890-[SCH][CV] CV TRACK:102 발행 실패: 명령에 할당된 연결이 보류 중인 로컬 트랜잭션에 연결되어 있는 경우 ExecuteNonQuery을(를) 사용하려면 트랜잭션이 있어야 합니다. 명령의 Transaction 속성이 초기화되지 않았습니다.
22:36:03:000-[SCH][SC] S/C #902 작업:9002(TYP:2) → 이송 명령 발행 (From:902/0300502 To:105/)
22:36:03:110-[SCH][SC] S/C #902 발행 실패: 명령에 할당된 연결이 보류 중인 로컬 트랜잭션에 연결되어 있는 경우 ExecuteNonQuery을(를) 사용하려면 트랜잭션이 있어야 합니다. 명령의 Transaction 속성이 초기화되지 않았습니다.
22:36:03:327-[SCH][CV] CV TRACK:102 작업:9001(TYP:1) → CV 명령 발행 (DEST:115)
22:36:03:438-[SCH][CV] CV TRACK:102 발행 실패: 명령에 할당된 연결이 보류 중인 로컬 트랜잭션에 연결되어 있는 경우 ExecuteNonQuery을(를) 사용하려면 트랜잭션이 있어야 합니다. 명령의 Transaction 속성이 초기화되지 않았습니다.
22:36:03:547-[SCH][SC] S/C #902 작업:9002(TYP:2) → 이송 명령 발행 (From:902/0300502 To:105/)
22:36:03:656-[SCH][SC] S/C #902 발행 실패: 명령에 할당된 연결이 보류 중인 로컬 트랜잭션에 연결되어 있는 경우 ExecuteNonQuery을(를) 사용하려면 트랜잭션이 있어야 합니다. 명령의 Transaction 속성이 초기화되지 않았습니다.
22:36:03:874-[SCH][CV] CV TRACK:102 작업:9001(TYP:1) → CV 명령 발행 (DEST:115)
22:36:03:984-[SCH][CV] CV TRACK:102 발행 실패: 명령에 할당된 연결이 보류 중인 로컬 트랜잭션에 연결되어 있는 경우 ExecuteNonQuery을(를) 사용하려면 트랜잭션이 있어야 합니다. 명령의 Transaction 속성이 초기화되지 않았습니다.
22:36:04:092-[SCH][SC] S/C #902 작업:9002(TYP:2) → 이송 명령 발행 (From:902/0300502 To:105/)
22:36:04:202-[SCH][SC] S/C #902 발행 실패: 명령에 할당된 연결이 보류 중인 로컬 트랜잭션에 연결되어 있는 경우 ExecuteNonQuery을(를) 사용하려면 트랜잭션이 있어야 합니다. 명령의 Transaction 속성이 초기화되지 않았습니다.
22:36:04:309-[SCH][CV] CV TRACK:102 작업:9001(TYP:1) → CV 명령 발행 (DEST:115)
22:36:04:419-[SCH][CV] CV TRACK:102 발행 실패: 명령에 할당된 연결이 보류 중인 로컬 트랜잭션에 연결되어 있는 경우 ExecuteNonQuery을(를) 사용하려면 트랜잭션이 있어야 합니다. 명령의 Transaction 속성이 초기화되지 않았습니다.
22:36:04:530-[SCH][SC] S/C #902 작업:9002(TYP:2) → 이송 명령 발행 (From:902/0300502 To:105/)
22:36:04:638-[SCH][SC] S/C #902 발행 실패: 명령에 할당된 연결이 보류 중인 로컬 트랜잭션에 연결되어 있는 경우 ExecuteNonQuery을(를) 사용하려면 트랜잭션이 있어야 합니다. 명령의 Transaction 속성이 초기화되지 않았습니다.
22:36:04:858-[SCH][CV] CV TRACK:102 작업:9001(TYP:1) → CV 명령 발행 (DEST:115)
22:36:04:965-[SCH][CV] CV TRACK:102 발행 실패: 명령에 할당된 연결이 보류 중인 로컬 트랜잭션에 연결되어 있는 경우 ExecuteNonQuery을(를) 사용하려면 트랜잭션이 있어야 합니다. 명령의 Transaction 속성이 초기화되지 않았습니다.
22:36:05:075-[SCH][SC] S/C #902 작업:9002(TYP:2) → 이송 명령 발행 (From:902/0300502 To:105/)
22:36:05:186-[SCH][SC] S/C #902 발행 실패: 명령에 할당된 연결이 보류 중인 로컬 트랜잭션에 연결되어 있는 경우 ExecuteNonQuery을(를) 사용하려면 트랜잭션이 있어야 합니다. 명령의 Transaction 속성이 초기화되지 않았습니다.
22:36:05:295-[SCH][CV] CV TRACK:102 작업:9001(TYP:1) → CV 명령 발행 (DEST:115)
22:36:05:404-[SCH][CV] CV TRACK:102 발행 실패: 명령에 할당된 연결이 보류 중인 로컬 트랜잭션에 연결되어 있는 경우 ExecuteNonQuery을(를) 사용하려면 트랜잭션이 있어야 합니다. 명령의 Transaction 속성이 초기화되지 않았습니다.
22:36:05:511-[SCH][SC] S/C #902 작업:9002(TYP:2) → 이송 명령 발행 (From:902/0300502 To:105/)
22:36:05:620-[SCH][SC] S/C #902 발행 실패: 명령에 할당된 연결이 보류 중인 로컬 트랜잭션에 연결되어 있는 경우 ExecuteNonQuery을(를) 사용하려면 트랜잭션이 있어야 합니다. 명령의 Transaction 속성이 초기화되지 않았습니다.
22:36:05:730-[SCH][CV] CV TRACK:102 작업:9001(TYP:1) → CV 명령 발행 (DEST:115)
22:36:05:838-[SCH][CV] CV TRACK:102 발행 실패: 명령에 할당된 연결이 보류 중인 로컬 트랜잭션에 연결되어 있는 경우 ExecuteNonQuery을(를) 사용하려면 트랜잭션이 있어야 합니다. 명령의 Transaction 속성이 초기화되지 않았습니다.
22:36:05:947-[SCH][SC] S/C #902 작업:9002(TYP:2) → 이송 명령 발행 (From:902/0300502 To:105/)
22:36:06:058-[SCH][SC] S/C #902 발행 실패: 명령에 할당된 연결이 보류 중인 로컬 트랜잭션에 연결되어 있는 경우 ExecuteNonQuery을(를) 사용하려면 트랜잭션이 있어야 합니다. 명령의 Transaction 속성이 초기화되지 않았습니다.
22:36:06:275-[SCH][CV] CV TRACK:102 작업:9001(TYP:1) → CV 명령 발행 (DEST:115)
22:36:06:385-[SCH][CV] CV TRACK:102 발행 실패: 명령에 할당된 연결이 보류 중인 로컬 트랜잭션에 연결되어 있는 경우 ExecuteNonQuery을(를) 사용하려면 트랜잭션이 있어야 합니다. 명령의 Transaction 속성이 초기화되지 않았습니다.
22:36:06:494-[SCH][SC] S/C #902 작업:9002(TYP:2) → 이송 명령 발행 (From:902/0300502 To:105/)
22:36:06:605-[SCH][SC] S/C #902 발행 실패: 명령에 할당된 연결이 보류 중인 로컬 트랜잭션에 연결되어 있는 경우 ExecuteNonQuery을(를) 사용하려면 트랜잭션이 있어야 합니다. 명령의 Transaction 속성이 초기화되지 않았습니다.
22:36:06:713-[SCH][CV] CV TRACK:102 작업:9001(TYP:1) → CV 명령 발행 (DEST:115)
22:36:06:821-[SCH][CV] CV TRACK:102 발행 실패: 명령에 할당된 연결이 보류 중인 로컬 트랜잭션에 연결되어 있는 경우 ExecuteNonQuery을(를) 사용하려면 트랜잭션이 있어야 합니다. 명령의 Transaction 속성이 초기화되지 않았습니다.
22:36:06:929-[SCH][SC] S/C #902 작업:9002(TYP:2) → 이송 명령 발행 (From:902/0300502 To:105/)
22:36:07:038-[SCH][SC] S/C #902 발행 실패: 명령에 할당된 연결이 보류 중인 로컬 트랜잭션에 연결되어 있는 경우 ExecuteNonQuery을(를) 사용하려면 트랜잭션이 있어야 합니다. 명령의 Transaction 속성이 초기화되지 않았습니다.
22:36:07:255-[SCH][CV] CV TRACK:102 작업:9001(TYP:1) → CV 명령 발행 (DEST:115)
22:36:07:366-[SCH][CV] CV TRACK:102 발행 실패: 명령에 할당된 연결이 보류 중인 로컬 트랜잭션에 연결되어 있는 경우 ExecuteNonQuery을(를) 사용하려면 트랜잭션이 있어야 합니다. 명령의 Transaction 속성이 초기화되지 않았습니다.
22:36:07:477-[SCH][SC] S/C #902 작업:9002(TYP:2) → 이송 명령 발행 (From:902/0300502 To:105/)
22:36:07:587-[SCH][SC] S/C #902 발행 실패: 명령에 할당된 연결이 보류 중인 로컬 트랜잭션에 연결되어 있는 경우 ExecuteNonQuery을(를) 사용하려면 트랜잭션이 있어야 합니다. 명령의 Transaction 속성이 초기화되지 않았습니다.
22:36:07:696-[SCH][CV] CV TRACK:102 작업:9001(TYP:1) → CV 명령 발행 (DEST:115)
22:36:07:805-[SCH][CV] CV TRACK:102 발행 실패: 명령에 할당된 연결이 보류 중인 로컬 트랜잭션에 연결되어 있는 경우 ExecuteNonQuery을(를) 사용하려면 트랜잭션이 있어야 합니다. 명령의 Transaction 속성이 초기화되지 않았습니다.
22:36:07:912-[SCH][SC] S/C #902 작업:9002(TYP:2) → 이송 명령 발행 (From:902/0300502 To:105/)
22:36:08:023-[SCH][SC] S/C #902 발행 실패: 명령에 할당된 연결이 보류 중인 로컬 트랜잭션에 연결되어 있는 경우 ExecuteNonQuery을(를) 사용하려면 트랜잭션이 있어야 합니다. 명령의 Transaction 속성이 초기화되지 않았습니다.
22:36:08:130-[SCH][CV] CV TRACK:102 작업:9001(TYP:1) → CV 명령 발행 (DEST:115)
22:36:08:238-[SCH][CV] CV TRACK:102 발행 실패: 명령에 할당된 연결이 보류 중인 로컬 트랜잭션에 연결되어 있는 경우 ExecuteNonQuery을(를) 사용하려면 트랜잭션이 있어야 합니다. 명령의 Transaction 속성이 초기화되지 않았습니다.
22:36:08:346-[SCH][SC] S/C #902 작업:9002(TYP:2) → 이송 명령 발행 (From:902/0300502 To:105/)
22:36:08:456-[SCH][SC] S/C #902 발행 실패: 명령에 할당된 연결이 보류 중인 로컬 트랜잭션에 연결되어 있는 경우 ExecuteNonQuery을(를) 사용하려면 트랜잭션이 있어야 합니다. 명령의 Transaction 속성이 초기화되지 않았습니다.
22:36:08:676-[SCH][CV] CV TRACK:102 작업:9001(TYP:1) → CV 명령 발행 (DEST:115)
22:36:08:785-[SCH][CV] CV TRACK:102 발행 실패: 명령에 할당된 연결이 보류 중인 로컬 트랜잭션에 연결되어 있는 경우 ExecuteNonQuery을(를) 사용하려면 트랜잭션이 있어야 합니다. 명령의 Transaction 속성이 초기화되지 않았습니다.
22:36:08:894-[SCH][SC] S/C #902 작업:9002(TYP:2) → 이송 명령 발행 (From:902/0300502 To:105/)
22:36:09:003-[SCH][SC] S/C #902 발행 실패: 명령에 할당된 연결이 보류 중인 로컬 트랜잭션에 연결되어 있는 경우 ExecuteNonQuery을(를) 사용하려면 트랜잭션이 있어야 합니다. 명령의 Transaction 속성이 초기화되지 않았습니다.
22:36:09:111-[SCH][CV] CV TRACK:102 작업:9001(TYP:1) → CV 명령 발행 (DEST:115)
22:36:09:222-[SCH][CV] CV TRACK:102 발행 실패: 명령에 할당된 연결이 보류 중인 로컬 트랜잭션에 연결되어 있는 경우 ExecuteNonQuery을(를) 사용하려면 트랜잭션이 있어야 합니다. 명령의 Transaction 속성이 초기화되지 않았습니다.
22:36:09:330-[SCH][SC] S/C #902 작업:9002(TYP:2) → 이송 명령 발행 (From:902/0300502 To:105/)
22:36:09:440-[SCH][SC] S/C #902 발행 실패: 명령에 할당된 연결이 보류 중인 로컬 트랜잭션에 연결되어 있는 경우 ExecuteNonQuery을(를) 사용하려면 트랜잭션이 있어야 합니다. 명령의 Transaction 속성이 초기화되지 않았습니다.
22:36:09:658-[SCH][CV] CV TRACK:102 작업:9001(TYP:1) → CV 명령 발행 (DEST:115)
22:36:09:768-[SCH][CV] CV TRACK:102 발행 실패: 명령에 할당된 연결이 보류 중인 로컬 트랜잭션에 연결되어 있는 경우 ExecuteNonQuery을(를) 사용하려면 트랜잭션이 있어야 합니다. 명령의 Transaction 속성이 초기화되지 않았습니다.
22:36:09:876-[SCH][SC] S/C #902 작업:9002(TYP:2) → 이송 명령 발행 (From:902/0300502 To:105/)
22:36:09:986-[SCH][SC] S/C #902 발행 실패: 명령에 할당된 연결이 보류 중인 로컬 트랜잭션에 연결되어 있는 경우 ExecuteNonQuery을(를) 사용하려면 트랜잭션이 있어야 합니다. 명령의 Transaction 속성이 초기화되지 않았습니다.
22:36:10:093-[SCH][CV] CV TRACK:102 작업:9001(TYP:1) → CV 명령 발행 (DEST:115)
22:36:10:201-[SCH][CV] CV TRACK:102 발행 실패: 명령에 할당된 연결이 보류 중인 로컬 트랜잭션에 연결되어 있는 경우 ExecuteNonQuery을(를) 사용하려면 트랜잭션이 있어야 합니다. 명령의 Transaction 속성이 초기화되지 않았습니다.
22:36:10:311-[SCH][SC] S/C #902 작업:9002(TYP:2) → 이송 명령 발행 (From:902/0300502 To:105/)
22:36:10:422-[SCH][SC] S/C #902 발행 실패: 명령에 할당된 연결이 보류 중인 로컬 트랜잭션에 연결되어 있는 경우 ExecuteNonQuery을(를) 사용하려면 트랜잭션이 있어야 합니다. 명령의 Transaction 속성이 초기화되지 않았습니다.
22:36:10:531-[SCH][CV] CV TRACK:102 작업:9001(TYP:1) → CV 명령 발행 (DEST:115)
22:36:10:642-[SCH][CV] CV TRACK:102 발행 실패: 명령에 할당된 연결이 보류 중인 로컬 트랜잭션에 연결되어 있는 경우 ExecuteNonQuery을(를) 사용하려면 트랜잭션이 있어야 합니다. 명령의 Transaction 속성이 초기화되지 않았습니다.
22:36:10:752-[SCH][SC] S/C #902 작업:9002(TYP:2) → 이송 명령 발행 (From:902/0300502 To:105/)
22:36:10:860-[SCH][SC] S/C #902 발행 실패: 명령에 할당된 연결이 보류 중인 로컬 트랜잭션에 연결되어 있는 경우 ExecuteNonQuery을(를) 사용하려면 트랜잭션이 있어야 합니다. 명령의 Transaction 속성이 초기화되지 않았습니다.
22:36:11:078-[SCH][CV] CV TRACK:102 작업:9001(TYP:1) → CV 명령 발행 (DEST:115)
22:36:11:187-[SCH][CV] CV TRACK:102 발행 실패: 명령에 할당된 연결이 보류 중인 로컬 트랜잭션에 연결되어 있는 경우 ExecuteNonQuery을(를) 사용하려면 트랜잭션이 있어야 합니다. 명령의 Transaction 속성이 초기화되지 않았습니다.
22:36:11:298-[SCH][SC] S/C #902 작업:9002(TYP:2) → 이송 명령 발행 (From:902/0300502 To:105/)
22:36:11:406-[SCH][SC] S/C #902 발행 실패: 명령에 할당된 연결이 보류 중인 로컬 트랜잭션에 연결되어 있는 경우 ExecuteNonQuery을(를) 사용하려면 트랜잭션이 있어야 합니다. 명령의 Transaction 속성이 초기화되지 않았습니다.
22:36:11:516-[SCH][CV] CV TRACK:102 작업:9001(TYP:1) → CV 명령 발행 (DEST:115)
22:36:11:626-[SCH][CV] CV TRACK:102 발행 실패: 명령에 할당된 연결이 보류 중인 로컬 트랜잭션에 연결되어 있는 경우 ExecuteNonQuery을(를) 사용하려면 트랜잭션이 있어야 합니다. 명령의 Transaction 속성이 초기화되지 않았습니다.
22:36:11:737-[SCH][SC] S/C #902 작업:9002(TYP:2) → 이송 명령 발행 (From:902/0300502 To:105/)
22:36:11:851-[SCH][SC] S/C #902 발행 실패: 명령에 할당된 연결이 보류 중인 로컬 트랜잭션에 연결되어 있는 경우 ExecuteNonQuery을(를) 사용하려면 트랜잭션이 있어야 합니다. 명령의 Transaction 속성이 초기화되지 않았습니다.
22:36:12:068-[SCH][CV] CV TRACK:102 작업:9001(TYP:1) → CV 명령 발행 (DEST:115)
22:36:12:179-[SCH][CV] CV TRACK:102 발행 실패: 명령에 할당된 연결이 보류 중인 로컬 트랜잭션에 연결되어 있는 경우 ExecuteNonQuery을(를) 사용하려면 트랜잭션이 있어야 합니다. 명령의 Transaction 속성이 초기화되지 않았습니다.
22:36:12:288-[SCH][SC] S/C #902 작업:9002(TYP:2) → 이송 명령 발행 (From:902/0300502 To:105/)
22:36:12:398-[SCH][SC] S/C #902 발행 실패: 명령에 할당된 연결이 보류 중인 로컬 트랜잭션에 연결되어 있는 경우 ExecuteNonQuery을(를) 사용하려면 트랜잭션이 있어야 합니다. 명령의 Transaction 속성이 초기화되지 않았습니다.
22:36:12:506-[SCH][CV] CV TRACK:102 작업:9001(TYP:1) → CV 명령 발행 (DEST:115)
22:36:12:615-[SCH][CV] CV TRACK:102 발행 실패: 명령에 할당된 연결이 보류 중인 로컬 트랜잭션에 연결되어 있는 경우 ExecuteNonQuery을(를) 사용하려면 트랜잭션이 있어야 합니다. 명령의 Transaction 속성이 초기화되지 않았습니다.
22:36:12:722-[SCH][SC] S/C #902 작업:9002(TYP:2) → 이송 명령 발행 (From:902/0300502 To:105/)
22:36:12:832-[SCH][SC] S/C #902 발행 실패: 명령에 할당된 연결이 보류 중인 로컬 트랜잭션에 연결되어 있는 경우 ExecuteNonQuery을(를) 사용하려면 트랜잭션이 있어야 합니다. 명령의 Transaction 속성이 초기화되지 않았습니다.
22:36:12:939-[SCH][CV] CV TRACK:102 작업:9001(TYP:1) → CV 명령 발행 (DEST:115)
22:36:13:048-[SCH][CV] CV TRACK:102 발행 실패: 명령에 할당된 연결이 보류 중인 로컬 트랜잭션에 연결되어 있는 경우 ExecuteNonQuery을(를) 사용하려면 트랜잭션이 있어야 합니다. 명령의 Transaction 속성이 초기화되지 않았습니다.
22:36:13:160-[SCH][SC] S/C #902 작업:9002(TYP:2) → 이송 명령 발행 (From:902/0300502 To:105/)
22:36:13:268-[SCH][SC] S/C #902 발행 실패: 명령에 할당된 연결이 보류 중인 로컬 트랜잭션에 연결되어 있는 경우 ExecuteNonQuery을(를) 사용하려면 트랜잭션이 있어야 합니다. 명령의 Transaction 속성이 초기화되지 않았습니다.
22:36:13:484-[SCH][CV] CV TRACK:102 작업:9001(TYP:1) → CV 명령 발행 (DEST:115)
22:36:13:595-[SCH][CV] CV TRACK:102 발행 실패: 명령에 할당된 연결이 보류 중인 로컬 트랜잭션에 연결되어 있는 경우 ExecuteNonQuery을(를) 사용하려면 트랜잭션이 있어야 합니다. 명령의 Transaction 속성이 초기화되지 않았습니다.
22:36:13:705-[SCH][SC] S/C #902 작업:9002(TYP:2) → 이송 명령 발행 (From:902/0300502 To:105/)
22:36:13:815-[SCH][SC] S/C #902 발행 실패: 명령에 할당된 연결이 보류 중인 로컬 트랜잭션에 연결되어 있는 경우 ExecuteNonQuery을(를) 사용하려면 트랜잭션이 있어야 합니다. 명령의 Transaction 속성이 초기화되지 않았습니다.
22:36:13:923-[SCH][CV] CV TRACK:102 작업:9001(TYP:1) → CV 명령 발행 (DEST:115)
22:36:14:031-[SCH][CV] CV TRACK:102 발행 실패: 명령에 할당된 연결이 보류 중인 로컬 트랜잭션에 연결되어 있는 경우 ExecuteNonQuery을(를) 사용하려면 트랜잭션이 있어야 합니다. 명령의 Transaction 속성이 초기화되지 않았습니다.
22:36:14:141-[SCH][SC] S/C #902 작업:9002(TYP:2) → 이송 명령 발행 (From:902/0300502 To:105/)
22:36:14:251-[SCH][SC] S/C #902 발행 실패: 명령에 할당된 연결이 보류 중인 로컬 트랜잭션에 연결되어 있는 경우 ExecuteNonQuery을(를) 사용하려면 트랜잭션이 있어야 합니다. 명령의 Transaction 속성이 초기화되지 않았습니다.
22:36:14:468-[SCH][CV] CV TRACK:102 작업:9001(TYP:1) → CV 명령 발행 (DEST:115)
22:36:14:578-[SCH][CV] CV TRACK:102 발행 실패: 명령에 할당된 연결이 보류 중인 로컬 트랜잭션에 연결되어 있는 경우 ExecuteNonQuery을(를) 사용하려면 트랜잭션이 있어야 합니다. 명령의 Transaction 속성이 초기화되지 않았습니다.
22:36:14:686-[SCH][SC] S/C #902 작업:9002(TYP:2) → 이송 명령 발행 (From:902/0300502 To:105/)
22:36:14:794-[SCH][SC] S/C #902 발행 실패: 명령에 할당된 연결이 보류 중인 로컬 트랜잭션에 연결되어 있는 경우 ExecuteNonQuery을(를) 사용하려면 트랜잭션이 있어야 합니다. 명령의 Transaction 속성이 초기화되지 않았습니다.
22:36:14:904-[SCH][CV] CV TRACK:102 작업:9001(TYP:1) → CV 명령 발행 (DEST:115)
22:36:15:012-[SCH][CV] CV TRACK:102 발행 실패: 명령에 할당된 연결이 보류 중인 로컬 트랜잭션에 연결되어 있는 경우 ExecuteNonQuery을(를) 사용하려면 트랜잭션이 있어야 합니다. 명령의 Transaction 속성이 초기화되지 않았습니다.
22:36:15:121-[SCH][SC] S/C #902 작업:9002(TYP:2) → 이송 명령 발행 (From:902/0300502 To:105/)
22:36:15:230-[SCH][SC] S/C #902 발행 실패: 명령에 할당된 연결이 보류 중인 로컬 트랜잭션에 연결되어 있는 경우 ExecuteNonQuery을(를) 사용하려면 트랜잭션이 있어야 합니다. 명령의 Transaction 속성이 초기화되지 않았습니다.
22:36:15:450-[SCH][CV] CV TRACK:102 작업:9001(TYP:1) → CV 명령 발행 (DEST:115)
22:36:15:557-[SCH][CV] CV TRACK:102 발행 실패: 명령에 할당된 연결이 보류 중인 로컬 트랜잭션에 연결되어 있는 경우 ExecuteNonQuery을(를) 사용하려면 트랜잭션이 있어야 합니다. 명령의 Transaction 속성이 초기화되지 않았습니다.
22:36:15:667-[SCH][SC] S/C #902 작업:9002(TYP:2) → 이송 명령 발행 (From:902/0300502 To:105/)
22:36:15:776-[SCH][SC] S/C #902 발행 실패: 명령에 할당된 연결이 보류 중인 로컬 트랜잭션에 연결되어 있는 경우 ExecuteNonQuery을(를) 사용하려면 트랜잭션이 있어야 합니다. 명령의 Transaction 속성이 초기화되지 않았습니다.
22:36:15:994-[SCH][CV] CV TRACK:102 작업:9001(TYP:1) → CV 명령 발행 (DEST:115)
22:36:16:104-[SCH][CV] CV TRACK:102 발행 실패: 명령에 할당된 연결이 보류 중인 로컬 트랜잭션에 연결되어 있는 경우 ExecuteNonQuery을(를) 사용하려면 트랜잭션이 있어야 합니다. 명령의 Transaction 속성이 초기화되지 않았습니다.
22:36:16:214-[SCH][SC] S/C #902 작업:9002(TYP:2) → 이송 명령 발행 (From:902/0300502 To:105/)
22:36:16:324-[SCH][SC] S/C #902 발행 실패: 명령에 할당된 연결이 보류 중인 로컬 트랜잭션에 연결되어 있는 경우 ExecuteNonQuery을(를) 사용하려면 트랜잭션이 있어야 합니다. 명령의 Transaction 속성이 초기화되지 않았습니다.
22:36:16:433-[SCH][CV] CV TRACK:102 작업:9001(TYP:1) → CV 명령 발행 (DEST:115)
22:36:16:539-[SCH][CV] CV TRACK:102 발행 실패: 명령에 할당된 연결이 보류 중인 로컬 트랜잭션에 연결되어 있는 경우 ExecuteNonQuery을(를) 사용하려면 트랜잭션이 있어야 합니다. 명령의 Transaction 속성이 초기화되지 않았습니다.
22:36:16:650-[SCH][SC] S/C #902 작업:9002(TYP:2) → 이송 명령 발행 (From:902/0300502 To:105/)
22:36:16:760-[SCH][SC] S/C #902 발행 실패: 명령에 할당된 연결이 보류 중인 로컬 트랜잭션에 연결되어 있는 경우 ExecuteNonQuery을(를) 사용하려면 트랜잭션이 있어야 합니다. 명령의 Transaction 속성이 초기화되지 않았습니다.
22:36:16:978-[SCH][CV] CV TRACK:102 작업:9001(TYP:1) → CV 명령 발행 (DEST:115)
22:36:17:087-[SCH][CV] CV TRACK:102 발행 실패: 명령에 할당된 연결이 보류 중인 로컬 트랜잭션에 연결되어 있는 경우 ExecuteNonQuery을(를) 사용하려면 트랜잭션이 있어야 합니다. 명령의 Transaction 속성이 초기화되지 않았습니다.
22:36:17:197-[SCH][SC] S/C #902 작업:9002(TYP:2) → 이송 명령 발행 (From:902/0300502 To:105/)
22:36:17:307-[SCH][SC] S/C #902 발행 실패: 명령에 할당된 연결이 보류 중인 로컬 트랜잭션에 연결되어 있는 경우 ExecuteNonQuery을(를) 사용하려면 트랜잭션이 있어야 합니다. 명령의 Transaction 속성이 초기화되지 않았습니다.
22:36:17:416-[SCH][CV] CV TRACK:102 작업:9001(TYP:1) → CV 명령 발행 (DEST:115)
22:36:17:524-[SCH][CV] CV TRACK:102 발행 실패: 명령에 할당된 연결이 보류 중인 로컬 트랜잭션에 연결되어 있는 경우 ExecuteNonQuery을(를) 사용하려면 트랜잭션이 있어야 합니다. 명령의 Transaction 속성이 초기화되지 않았습니다.
22:36:17:635-[SCH][SC] S/C #902 작업:9002(TYP:2) → 이송 명령 발행 (From:902/0300502 To:105/)
22:36:17:744-[SCH][SC] S/C #902 발행 실패: 명령에 할당된 연결이 보류 중인 로컬 트랜잭션에 연결되어 있는 경우 ExecuteNonQuery을(를) 사용하려면 트랜잭션이 있어야 합니다. 명령의 Transaction 속성이 초기화되지 않았습니다.
22:36:17:963-[SCH][CV] CV TRACK:102 작업:9001(TYP:1) → CV 명령 발행 (DEST:115)
22:36:18:072-[SCH][CV] CV TRACK:102 발행 실패: 명령에 할당된 연결이 보류 중인 로컬 트랜잭션에 연결되어 있는 경우 ExecuteNonQuery을(를) 사용하려면 트랜잭션이 있어야 합니다. 명령의 Transaction 속성이 초기화되지 않았습니다.
22:36:18:181-[SCH][SC] S/C #902 작업:9002(TYP:2) → 이송 명령 발행 (From:902/0300502 To:105/)
22:36:18:291-[SCH][SC] S/C #902 발행 실패: 명령에 할당된 연결이 보류 중인 로컬 트랜잭션에 연결되어 있는 경우 ExecuteNonQuery을(를) 사용하려면 트랜잭션이 있어야 합니다. 명령의 Transaction 속성이 초기화되지 않았습니다.
22:36:18:398-[SCH][CV] CV TRACK:102 작업:9001(TYP:1) → CV 명령 발행 (DEST:115)
22:36:18:509-[SCH][CV] CV TRACK:102 발행 실패: 명령에 할당된 연결이 보류 중인 로컬 트랜잭션에 연결되어 있는 경우 ExecuteNonQuery을(를) 사용하려면 트랜잭션이 있어야 합니다. 명령의 Transaction 속성이 초기화되지 않았습니다.
22:36:18:619-[SCH][SC] S/C #902 작업:9002(TYP:2) → 이송 명령 발행 (From:902/0300502 To:105/)
22:36:18:728-[SCH][SC] S/C #902 발행 실패: 명령에 할당된 연결이 보류 중인 로컬 트랜잭션에 연결되어 있는 경우 ExecuteNonQuery을(를) 사용하려면 트랜잭션이 있어야 합니다. 명령의 Transaction 속성이 초기화되지 않았습니다.
22:36:18:944-[SCH][CV] CV TRACK:102 작업:9001(TYP:1) → CV 명령 발행 (DEST:115)
22:36:19:052-[SCH][CV] CV TRACK:102 발행 실패: 명령에 할당된 연결이 보류 중인 로컬 트랜잭션에 연결되어 있는 경우 ExecuteNonQuery을(를) 사용하려면 트랜잭션이 있어야 합니다. 명령의 Transaction 속성이 초기화되지 않았습니다.
22:36:19:161-[SCH][SC] S/C #902 작업:9002(TYP:2) → 이송 명령 발행 (From:902/0300502 To:105/)
22:36:19:272-[SCH][SC] S/C #902 발행 실패: 명령에 할당된 연결이 보류 중인 로컬 트랜잭션에 연결되어 있는 경우 ExecuteNonQuery을(를) 사용하려면 트랜잭션이 있어야 합니다. 명령의 Transaction 속성이 초기화되지 않았습니다.
22:36:19:382-[SCH][CV] CV TRACK:102 작업:9001(TYP:1) → CV 명령 발행 (DEST:115)
22:36:19:493-[SCH][CV] CV TRACK:102 발행 실패: 명령에 할당된 연결이 보류 중인 로컬 트랜잭션에 연결되어 있는 경우 ExecuteNonQuery을(를) 사용하려면 트랜잭션이 있어야 합니다. 명령의 Transaction 속성이 초기화되지 않았습니다.
22:36:19:602-[SCH][SC] S/C #902 작업:9002(TYP:2) → 이송 명령 발행 (From:902/0300502 To:105/)
22:36:19:711-[SCH][SC] S/C #902 발행 실패: 명령에 할당된 연결이 보류 중인 로컬 트랜잭션에 연결되어 있는 경우 ExecuteNonQuery을(를) 사용하려면 트랜잭션이 있어야 합니다. 명령의 Transaction 속성이 초기화되지 않았습니다.
22:36:19:932-[SCH][CV] CV TRACK:102 작업:9001(TYP:1) → CV 명령 발행 (DEST:115)
22:36:20:039-[SCH][CV] CV TRACK:102 발행 실패: 명령에 할당된 연결이 보류 중인 로컬 트랜잭션에 연결되어 있는 경우 ExecuteNonQuery을(를) 사용하려면 트랜잭션이 있어야 합니다. 명령의 Transaction 속성이 초기화되지 않았습니다.
22:36:20:149-[SCH][SC] S/C #902 작업:9002(TYP:2) → 이송 명령 발행 (From:902/0300502 To:105/)
22:36:20:260-[SCH][SC] S/C #902 발행 실패: 명령에 할당된 연결이 보류 중인 로컬 트랜잭션에 연결되어 있는 경우 ExecuteNonQuery을(를) 사용하려면 트랜잭션이 있어야 합니다. 명령의 Transaction 속성이 초기화되지 않았습니다.
22:36:20:475-[SCH][CV] CV TRACK:102 작업:9001(TYP:1) → CV 명령 발행 (DEST:115)
22:36:20:585-[SCH][CV] CV TRACK:102 발행 실패: 명령에 할당된 연결이 보류 중인 로컬 트랜잭션에 연결되어 있는 경우 ExecuteNonQuery을(를) 사용하려면 트랜잭션이 있어야 합니다. 명령의 Transaction 속성이 초기화되지 않았습니다.
22:36:20:695-[SCH][SC] S/C #902 작업:9002(TYP:2) → 이송 명령 발행 (From:902/0300502 To:105/)
22:36:20:803-[SCH][SC] S/C #902 발행 실패: 명령에 할당된 연결이 보류 중인 로컬 트랜잭션에 연결되어 있는 경우 ExecuteNonQuery을(를) 사용하려면 트랜잭션이 있어야 합니다. 명령의 Transaction 속성이 초기화되지 않았습니다.
22:36:20:913-[SCH][CV] CV TRACK:102 작업:9001(TYP:1) → CV 명령 발행 (DEST:115)
22:36:21:022-[SCH][CV] CV TRACK:102 발행 실패: 명령에 할당된 연결이 보류 중인 로컬 트랜잭션에 연결되어 있는 경우 ExecuteNonQuery을(를) 사용하려면 트랜잭션이 있어야 합니다. 명령의 Transaction 속성이 초기화되지 않았습니다.
22:36:21:133-[SCH][SC] S/C #902 작업:9002(TYP:2) → 이송 명령 발행 (From:902/0300502 To:105/)
22:36:21:243-[SCH][SC] S/C #902 발행 실패: 명령에 할당된 연결이 보류 중인 로컬 트랜잭션에 연결되어 있는 경우 ExecuteNonQuery을(를) 사용하려면 트랜잭션이 있어야 합니다. 명령의 Transaction 속성이 초기화되지 않았습니다.
22:36:21:353-[SCH][CV] CV TRACK:102 작업:9001(TYP:1) → CV 명령 발행 (DEST:115)
22:36:21:463-[SCH][CV] CV TRACK:102 발행 실패: 명령에 할당된 연결이 보류 중인 로컬 트랜잭션에 연결되어 있는 경우 ExecuteNonQuery을(를) 사용하려면 트랜잭션이 있어야 합니다. 명령의 Transaction 속성이 초기화되지 않았습니다.
22:36:21:573-[SCH][SC] S/C #902 작업:9002(TYP:2) → 이송 명령 발행 (From:902/0300502 To:105/)
22:36:21:684-[SCH][SC] S/C #902 발행 실패: 명령에 할당된 연결이 보류 중인 로컬 트랜잭션에 연결되어 있는 경우 ExecuteNonQuery을(를) 사용하려면 트랜잭션이 있어야 합니다. 명령의 Transaction 속성이 초기화되지 않았습니다.
22:36:21:903-[SCH][CV] CV TRACK:102 작업:9001(TYP:1) → CV 명령 발행 (DEST:115)
22:36:22:012-[SCH][CV] CV TRACK:102 발행 실패: 명령에 할당된 연결이 보류 중인 로컬 트랜잭션에 연결되어 있는 경우 ExecuteNonQuery을(를) 사용하려면 트랜잭션이 있어야 합니다. 명령의 Transaction 속성이 초기화되지 않았습니다.
22:36:22:122-[SCH][SC] S/C #902 작업:9002(TYP:2) → 이송 명령 발행 (From:902/0300502 To:105/)
22:36:22:231-[SCH][SC] S/C #902 발행 실패: 명령에 할당된 연결이 보류 중인 로컬 트랜잭션에 연결되어 있는 경우 ExecuteNonQuery을(를) 사용하려면 트랜잭션이 있어야 합니다. 명령의 Transaction 속성이 초기화되지 않았습니다.
22:36:22:340-[SCH][CV] CV TRACK:102 작업:9001(TYP:1) → CV 명령 발행 (DEST:115)
22:36:22:450-[SCH][CV] CV TRACK:102 발행 실패: 명령에 할당된 연결이 보류 중인 로컬 트랜잭션에 연결되어 있는 경우 ExecuteNonQuery을(를) 사용하려면 트랜잭션이 있어야 합니다. 명령의 Transaction 속성이 초기화되지 않았습니다.
22:36:22:559-[SCH][SC] S/C #902 작업:9002(TYP:2) → 이송 명령 발행 (From:902/0300502 To:105/)
22:36:22:668-[SCH][SC] S/C #902 발행 실패: 명령에 할당된 연결이 보류 중인 로컬 트랜잭션에 연결되어 있는 경우 ExecuteNonQuery을(를) 사용하려면 트랜잭션이 있어야 합니다. 명령의 Transaction 속성이 초기화되지 않았습니다.
22:36:22:774-[SCH][CV] CV TRACK:102 작업:9001(TYP:1) → CV 명령 발행 (DEST:115)
22:36:22:883-[SCH][CV] CV TRACK:102 발행 실패: 명령에 할당된 연결이 보류 중인 로컬 트랜잭션에 연결되어 있는 경우 ExecuteNonQuery을(를) 사용하려면 트랜잭션이 있어야 합니다. 명령의 Transaction 속성이 초기화되지 않았습니다.
22:36:22:995-[SCH][SC] S/C #902 작업:9002(TYP:2) → 이송 명령 발행 (From:902/0300502 To:105/)
22:36:23:104-[SCH][SC] S/C #902 발행 실패: 명령에 할당된 연결이 보류 중인 로컬 트랜잭션에 연결되어 있는 경우 ExecuteNonQuery을(를) 사용하려면 트랜잭션이 있어야 합니다. 명령의 Transaction 속성이 초기화되지 않았습니다.
22:36:23:216-[SCH][CV] CV TRACK:102 작업:9001(TYP:1) → CV 명령 발행 (DEST:115)
22:36:23:325-[SCH][CV] CV TRACK:102 발행 실패: 명령에 할당된 연결이 보류 중인 로컬 트랜잭션에 연결되어 있는 경우 ExecuteNonQuery을(를) 사용하려면 트랜잭션이 있어야 합니다. 명령의 Transaction 속성이 초기화되지 않았습니다.
22:36:23:435-[SCH][SC] S/C #902 작업:9002(TYP:2) → 이송 명령 발행 (From:902/0300502 To:105/)
22:36:23:543-[SCH][SC] S/C #902 발행 실패: 명령에 할당된 연결이 보류 중인 로컬 트랜잭션에 연결되어 있는 경우 ExecuteNonQuery을(를) 사용하려면 트랜잭션이 있어야 합니다. 명령의 Transaction 속성이 초기화되지 않았습니다.
22:36:23:760-[SCH][CV] CV TRACK:102 작업:9001(TYP:1) → CV 명령 발행 (DEST:115)
22:36:23:869-[SCH][CV] CV TRACK:102 발행 실패: 명령에 할당된 연결이 보류 중인 로컬 트랜잭션에 연결되어 있는 경우 ExecuteNonQuery을(를) 사용하려면 트랜잭션이 있어야 합니다. 명령의 Transaction 속성이 초기화되지 않았습니다.
22:36:23:978-[SCH][SC] S/C #902 작업:9002(TYP:2) → 이송 명령 발행 (From:902/0300502 To:105/)
22:36:24:087-[SCH][SC] S/C #902 발행 실패: 명령에 할당된 연결이 보류 중인 로컬 트랜잭션에 연결되어 있는 경우 ExecuteNonQuery을(를) 사용하려면 트랜잭션이 있어야 합니다. 명령의 Transaction 속성이 초기화되지 않았습니다.
22:36:24:195-[SCH][CV] CV TRACK:102 작업:9001(TYP:1) → CV 명령 발행 (DEST:115)
22:36:24:304-[SCH][CV] CV TRACK:102 발행 실패: 명령에 할당된 연결이 보류 중인 로컬 트랜잭션에 연결되어 있는 경우 ExecuteNonQuery을(를) 사용하려면 트랜잭션이 있어야 합니다. 명령의 Transaction 속성이 초기화되지 않았습니다.
22:36:24:414-[SCH][SC] S/C #902 작업:9002(TYP:2) → 이송 명령 발행 (From:902/0300502 To:105/)
22:36:24:524-[SCH][SC] S/C #902 발행 실패: 명령에 할당된 연결이 보류 중인 로컬 트랜잭션에 연결되어 있는 경우 ExecuteNonQuery을(를) 사용하려면 트랜잭션이 있어야 합니다. 명령의 Transaction 속성이 초기화되지 않았습니다.
22:36:24:634-[SCH][CV] CV TRACK:102 작업:9001(TYP:1) → CV 명령 발행 (DEST:115)
22:36:24:743-[SCH][CV] CV TRACK:102 발행 실패: 명령에 할당된 연결이 보류 중인 로컬 트랜잭션에 연결되어 있는 경우 ExecuteNonQuery을(를) 사용하려면 트랜잭션이 있어야 합니다. 명령의 Transaction 속성이 초기화되지 않았습니다.
22:36:24:853-[SCH][SC] S/C #902 작업:9002(TYP:2) → 이송 명령 발행 (From:902/0300502 To:105/)
22:36:24:964-[SCH][SC] S/C #902 발행 실패: 명령에 할당된 연결이 보류 중인 로컬 트랜잭션에 연결되어 있는 경우 ExecuteNonQuery을(를) 사용하려면 트랜잭션이 있어야 합니다. 명령의 Transaction 속성이 초기화되지 않았습니다.
22:36:25:072-[SCH][CV] CV TRACK:102 작업:9001(TYP:1) → CV 명령 발행 (DEST:115)
22:36:25:181-[SCH][CV] CV TRACK:102 발행 실패: 명령에 할당된 연결이 보류 중인 로컬 트랜잭션에 연결되어 있는 경우 ExecuteNonQuery을(를) 사용하려면 트랜잭션이 있어야 합니다. 명령의 Transaction 속성이 초기화되지 않았습니다.
22:36:25:290-[SCH][SC] S/C #902 작업:9002(TYP:2) → 이송 명령 발행 (From:902/0300502 To:105/)
22:36:25:401-[SCH][SC] S/C #902 발행 실패: 명령에 할당된 연결이 보류 중인 로컬 트랜잭션에 연결되어 있는 경우 ExecuteNonQuery을(를) 사용하려면 트랜잭션이 있어야 합니다. 명령의 Transaction 속성이 초기화되지 않았습니다.
22:36:25:618-[SCH][CV] CV TRACK:102 작업:9001(TYP:1) → CV 명령 발행 (DEST:115)
22:36:25:727-[SCH][CV] CV TRACK:102 발행 실패: 명령에 할당된 연결이 보류 중인 로컬 트랜잭션에 연결되어 있는 경우 ExecuteNonQuery을(를) 사용하려면 트랜잭션이 있어야 합니다. 명령의 Transaction 속성이 초기화되지 않았습니다.
22:36:25:838-[SCH][SC] S/C #902 작업:9002(TYP:2) → 이송 명령 발행 (From:902/0300502 To:105/)
22:36:25:948-[SCH][SC] S/C #902 발행 실패: 명령에 할당된 연결이 보류 중인 로컬 트랜잭션에 연결되어 있는 경우 ExecuteNonQuery을(를) 사용하려면 트랜잭션이 있어야 합니다. 명령의 Transaction 속성이 초기화되지 않았습니다.
22:36:26:057-[SCH][CV] CV TRACK:102 작업:9001(TYP:1) → CV 명령 발행 (DEST:115)
22:36:26:167-[SCH][CV] CV TRACK:102 발행 실패: 명령에 할당된 연결이 보류 중인 로컬 트랜잭션에 연결되어 있는 경우 ExecuteNonQuery을(를) 사용하려면 트랜잭션이 있어야 합니다. 명령의 Transaction 속성이 초기화되지 않았습니다.
22:36:26:278-[SCH][SC] S/C #902 작업:9002(TYP:2) → 이송 명령 발행 (From:902/0300502 To:105/)
22:36:26:388-[SCH][SC] S/C #902 발행 실패: 명령에 할당된 연결이 보류 중인 로컬 트랜잭션에 연결되어 있는 경우 ExecuteNonQuery을(를) 사용하려면 트랜잭션이 있어야 합니다. 명령의 Transaction 속성이 초기화되지 않았습니다.
22:36:26:496-[SCH][CV] CV TRACK:102 작업:9001(TYP:1) → CV 명령 발행 (DEST:115)
22:36:26:605-[SCH][CV] CV TRACK:102 발행 실패: 명령에 할당된 연결이 보류 중인 로컬 트랜잭션에 연결되어 있는 경우 ExecuteNonQuery을(를) 사용하려면 트랜잭션이 있어야 합니다. 명령의 Transaction 속성이 초기화되지 않았습니다.
22:36:26:711-[SCH][SC] S/C #902 작업:9002(TYP:2) → 이송 명령 발행 (From:902/0300502 To:105/)
22:36:26:821-[SCH][SC] S/C #902 발행 실패: 명령에 할당된 연결이 보류 중인 로컬 트랜잭션에 연결되어 있는 경우 ExecuteNonQuery을(를) 사용하려면 트랜잭션이 있어야 합니다. 명령의 Transaction 속성이 초기화되지 않았습니다.
22:36:26:931-[SCH][CV] CV TRACK:102 작업:9001(TYP:1) → CV 명령 발행 (DEST:115)
22:36:27:038-[SCH][CV] CV TRACK:102 발행 실패: 명령에 할당된 연결이 보류 중인 로컬 트랜잭션에 연결되어 있는 경우 ExecuteNonQuery을(를) 사용하려면 트랜잭션이 있어야 합니다. 명령의 Transaction 속성이 초기화되지 않았습니다.
22:36:27:148-[SCH][SC] S/C #902 작업:9002(TYP:2) → 이송 명령 발행 (From:902/0300502 To:105/)
22:36:27:258-[SCH][SC] S/C #902 발행 실패: 명령에 할당된 연결이 보류 중인 로컬 트랜잭션에 연결되어 있는 경우 ExecuteNonQuery을(를) 사용하려면 트랜잭션이 있어야 합니다. 명령의 Transaction 속성이 초기화되지 않았습니다.
22:36:27:477-[SCH][CV] CV TRACK:102 작업:9001(TYP:1) → CV 명령 발행 (DEST:115)
22:36:27:585-[SCH][CV] CV TRACK:102 발행 실패: 명령에 할당된 연결이 보류 중인 로컬 트랜잭션에 연결되어 있는 경우 ExecuteNonQuery을(를) 사용하려면 트랜잭션이 있어야 합니다. 명령의 Transaction 속성이 초기화되지 않았습니다.
22:36:27:696-[SCH][SC] S/C #902 작업:9002(TYP:2) → 이송 명령 발행 (From:902/0300502 To:105/)
22:36:27:806-[SCH][SC] S/C #902 발행 실패: 명령에 할당된 연결이 보류 중인 로컬 트랜잭션에 연결되어 있는 경우 ExecuteNonQuery을(를) 사용하려면 트랜잭션이 있어야 합니다. 명령의 Transaction 속성이 초기화되지 않았습니다.
22:36:27:914-[SCH][CV] CV TRACK:102 작업:9001(TYP:1) → CV 명령 발행 (DEST:115)
22:36:28:025-[SCH][CV] CV TRACK:102 발행 실패: 명령에 할당된 연결이 보류 중인 로컬 트랜잭션에 연결되어 있는 경우 ExecuteNonQuery을(를) 사용하려면 트랜잭션이 있어야 합니다. 명령의 Transaction 속성이 초기화되지 않았습니다.
22:36:28:135-[SCH][SC] S/C #902 작업:9002(TYP:2) → 이송 명령 발행 (From:902/0300502 To:105/)
22:36:28:244-[SCH][SC] S/C #902 발행 실패: 명령에 할당된 연결이 보류 중인 로컬 트랜잭션에 연결되어 있는 경우 ExecuteNonQuery을(를) 사용하려면 트랜잭션이 있어야 합니다. 명령의 Transaction 속성이 초기화되지 않았습니다.
22:36:28:352-[SCH][CV] CV TRACK:102 작업:9001(TYP:1) → CV 명령 발행 (DEST:115)
22:36:28:459-[SCH][CV] CV TRACK:102 발행 실패: 명령에 할당된 연결이 보류 중인 로컬 트랜잭션에 연결되어 있는 경우 ExecuteNonQuery을(를) 사용하려면 트랜잭션이 있어야 합니다. 명령의 Transaction 속성이 초기화되지 않았습니다.
22:36:28:569-[SCH][SC] S/C #902 작업:9002(TYP:2) → 이송 명령 발행 (From:902/0300502 To:105/)
22:36:28:680-[SCH][SC] S/C #902 발행 실패: 명령에 할당된 연결이 보류 중인 로컬 트랜잭션에 연결되어 있는 경우 ExecuteNonQuery을(를) 사용하려면 트랜잭션이 있어야 합니다. 명령의 Transaction 속성이 초기화되지 않았습니다.
22:36:28:790-[SCH][CV] CV TRACK:102 작업:9001(TYP:1) → CV 명령 발행 (DEST:115)
22:36:28:896-[SCH][CV] CV TRACK:102 발행 실패: 명령에 할당된 연결이 보류 중인 로컬 트랜잭션에 연결되어 있는 경우 ExecuteNonQuery을(를) 사용하려면 트랜잭션이 있어야 합니다. 명령의 Transaction 속성이 초기화되지 않았습니다.
22:36:29:005-[SCH][SC] S/C #902 작업:9002(TYP:2) → 이송 명령 발행 (From:902/0300502 To:105/)
22:36:29:114-[SCH][SC] S/C #902 발행 실패: 명령에 할당된 연결이 보류 중인 로컬 트랜잭션에 연결되어 있는 경우 ExecuteNonQuery을(를) 사용하려면 트랜잭션이 있어야 합니다. 명령의 Transaction 속성이 초기화되지 않았습니다.
22:36:29:334-[SCH][CV] CV TRACK:102 작업:9001(TYP:1) → CV 명령 발행 (DEST:115)
22:36:29:443-[SCH][CV] CV TRACK:102 발행 실패: 명령에 할당된 연결이 보류 중인 로컬 트랜잭션에 연결되어 있는 경우 ExecuteNonQuery을(를) 사용하려면 트랜잭션이 있어야 합니다. 명령의 Transaction 속성이 초기화되지 않았습니다.
22:36:29:551-[SCH][SC] S/C #902 작업:9002(TYP:2) → 이송 명령 발행 (From:902/0300502 To:105/)
22:36:29:661-[SCH][SC] S/C #902 발행 실패: 명령에 할당된 연결이 보류 중인 로컬 트랜잭션에 연결되어 있는 경우 ExecuteNonQuery을(를) 사용하려면 트랜잭션이 있어야 합니다. 명령의 Transaction 속성이 초기화되지 않았습니다.
22:36:29:770-[SCH][CV] CV TRACK:102 작업:9001(TYP:1) → CV 명령 발행 (DEST:115)
22:36:29:879-[SCH][CV] CV TRACK:102 발행 실패: 명령에 할당된 연결이 보류 중인 로컬 트랜잭션에 연결되어 있는 경우 ExecuteNonQuery을(를) 사용하려면 트랜잭션이 있어야 합니다. 명령의 Transaction 속성이 초기화되지 않았습니다.
22:36:29:988-[SCH][SC] S/C #902 작업:9002(TYP:2) → 이송 명령 발행 (From:902/0300502 To:105/)
22:36:30:099-[SCH][SC] S/C #902 발행 실패: 명령에 할당된 연결이 보류 중인 로컬 트랜잭션에 연결되어 있는 경우 ExecuteNonQuery을(를) 사용하려면 트랜잭션이 있어야 합니다. 명령의 Transaction 속성이 초기화되지 않았습니다.
22:36:30:206-[SCH][CV] CV TRACK:102 작업:9001(TYP:1) → CV 명령 발행 (DEST:115)
22:36:30:317-[SCH][CV] CV TRACK:102 발행 실패: 명령에 할당된 연결이 보류 중인 로컬 트랜잭션에 연결되어 있는 경우 ExecuteNonQuery을(를) 사용하려면 트랜잭션이 있어야 합니다. 명령의 Transaction 속성이 초기화되지 않았습니다.
22:36:30:429-[SCH][SC] S/C #902 작업:9002(TYP:2) → 이송 명령 발행 (From:902/0300502 To:105/)
22:36:30:537-[SCH][SC] S/C #902 발행 실패: 명령에 할당된 연결이 보류 중인 로컬 트랜잭션에 연결되어 있는 경우 ExecuteNonQuery을(를) 사용하려면 트랜잭션이 있어야 합니다. 명령의 Transaction 속성이 초기화되지 않았습니다.
22:36:30:647-[SCH][CV] CV TRACK:102 작업:9001(TYP:1) → CV 명령 발행 (DEST:115)
22:36:30:756-[SCH][CV] CV TRACK:102 발행 실패: 명령에 할당된 연결이 보류 중인 로컬 트랜잭션에 연결되어 있는 경우 ExecuteNonQuery을(를) 사용하려면 트랜잭션이 있어야 합니다. 명령의 Transaction 속성이 초기화되지 않았습니다.
22:36:30:867-[SCH][SC] S/C #902 작업:9002(TYP:2) → 이송 명령 발행 (From:902/0300502 To:105/)
22:36:30:975-[SCH][SC] S/C #902 발행 실패: 명령에 할당된 연결이 보류 중인 로컬 트랜잭션에 연결되어 있는 경우 ExecuteNonQuery을(를) 사용하려면 트랜잭션이 있어야 합니다. 명령의 Transaction 속성이 초기화되지 않았습니다.
22:36:31:191-[SCH][CV] CV TRACK:102 작업:9001(TYP:1) → CV 명령 발행 (DEST:115)
22:36:31:300-[SCH][CV] CV TRACK:102 발행 실패: 명령에 할당된 연결이 보류 중인 로컬 트랜잭션에 연결되어 있는 경우 ExecuteNonQuery을(를) 사용하려면 트랜잭션이 있어야 합니다. 명령의 Transaction 속성이 초기화되지 않았습니다.
22:36:31:411-[SCH][SC] S/C #902 작업:9002(TYP:2) → 이송 명령 발행 (From:902/0300502 To:105/)
22:36:31:519-[SCH][SC] S/C #902 발행 실패: 명령에 할당된 연결이 보류 중인 로컬 트랜잭션에 연결되어 있는 경우 ExecuteNonQuery을(를) 사용하려면 트랜잭션이 있어야 합니다. 명령의 Transaction 속성이 초기화되지 않았습니다.
22:36:31:627-[SCH][CV] CV TRACK:102 작업:9001(TYP:1) → CV 명령 발행 (DEST:115)
22:36:31:736-[SCH][CV] CV TRACK:102 발행 실패: 명령에 할당된 연결이 보류 중인 로컬 트랜잭션에 연결되어 있는 경우 ExecuteNonQuery을(를) 사용하려면 트랜잭션이 있어야 합니다. 명령의 Transaction 속성이 초기화되지 않았습니다.
22:36:31:846-[SCH][SC] S/C #902 작업:9002(TYP:2) → 이송 명령 발행 (From:902/0300502 To:105/)
22:36:31:956-[SCH][SC] S/C #902 발행 실패: 명령에 할당된 연결이 보류 중인 로컬 트랜잭션에 연결되어 있는 경우 ExecuteNonQuery을(를) 사용하려면 트랜잭션이 있어야 합니다. 명령의 Transaction 속성이 초기화되지 않았습니다.
22:36:32:065-[SCH][CV] CV TRACK:102 작업:9001(TYP:1) → CV 명령 발행 (DEST:115)
22:36:32:173-[SCH][CV] CV TRACK:102 발행 실패: 명령에 할당된 연결이 보류 중인 로컬 트랜잭션에 연결되어 있는 경우 ExecuteNonQuery을(를) 사용하려면 트랜잭션이 있어야 합니다. 명령의 Transaction 속성이 초기화되지 않았습니다.
22:36:32:283-[SCH][SC] S/C #902 작업:9002(TYP:2) → 이송 명령 발행 (From:902/0300502 To:105/)
22:36:32:395-[SCH][SC] S/C #902 발행 실패: 명령에 할당된 연결이 보류 중인 로컬 트랜잭션에 연결되어 있는 경우 ExecuteNonQuery을(를) 사용하려면 트랜잭션이 있어야 합니다. 명령의 Transaction 속성이 초기화되지 않았습니다.
22:36:32:610-[SCH][CV] CV TRACK:102 작업:9001(TYP:1) → CV 명령 발행 (DEST:115)
22:36:32:719-[SCH][CV] CV TRACK:102 발행 실패: 명령에 할당된 연결이 보류 중인 로컬 트랜잭션에 연결되어 있는 경우 ExecuteNonQuery을(를) 사용하려면 트랜잭션이 있어야 합니다. 명령의 Transaction 속성이 초기화되지 않았습니다.
22:36:32:828-[SCH][SC] S/C #902 작업:9002(TYP:2) → 이송 명령 발행 (From:902/0300502 To:105/)
22:36:32:938-[SCH][SC] S/C #902 발행 실패: 명령에 할당된 연결이 보류 중인 로컬 트랜잭션에 연결되어 있는 경우 ExecuteNonQuery을(를) 사용하려면 트랜잭션이 있어야 합니다. 명령의 Transaction 속성이 초기화되지 않았습니다.
22:36:33:045-[SCH][CV] CV TRACK:102 작업:9001(TYP:1) → CV 명령 발행 (DEST:115)
22:36:33:155-[SCH][CV] CV TRACK:102 발행 실패: 명령에 할당된 연결이 보류 중인 로컬 트랜잭션에 연결되어 있는 경우 ExecuteNonQuery을(를) 사용하려면 트랜잭션이 있어야 합니다. 명령의 Transaction 속성이 초기화되지 않았습니다.
22:36:33:264-[SCH][SC] S/C #902 작업:9002(TYP:2) → 이송 명령 발행 (From:902/0300502 To:105/)
22:36:33:373-[SCH][SC] S/C #902 발행 실패: 명령에 할당된 연결이 보류 중인 로컬 트랜잭션에 연결되어 있는 경우 ExecuteNonQuery을(를) 사용하려면 트랜잭션이 있어야 합니다. 명령의 Transaction 속성이 초기화되지 않았습니다.
22:36:33:483-[SCH][CV] CV TRACK:102 작업:9001(TYP:1) → CV 명령 발행 (DEST:115)
22:36:33:591-[SCH][CV] CV TRACK:102 발행 실패: 명령에 할당된 연결이 보류 중인 로컬 트랜잭션에 연결되어 있는 경우 ExecuteNonQuery을(를) 사용하려면 트랜잭션이 있어야 합니다. 명령의 Transaction 속성이 초기화되지 않았습니다.
22:36:33:701-[SCH][SC] S/C #902 작업:9002(TYP:2) → 이송 명령 발행 (From:902/0300502 To:105/)
22:36:33:809-[SCH][SC] S/C #902 발행 실패: 명령에 할당된 연결이 보류 중인 로컬 트랜잭션에 연결되어 있는 경우 ExecuteNonQuery을(를) 사용하려면 트랜잭션이 있어야 합니다. 명령의 Transaction 속성이 초기화되지 않았습니다.
22:36:34:025-[SCH][CV] CV TRACK:102 작업:9001(TYP:1) → CV 명령 발행 (DEST:115)
22:36:34:134-[SCH][CV] CV TRACK:102 발행 실패: 명령에 할당된 연결이 보류 중인 로컬 트랜잭션에 연결되어 있는 경우 ExecuteNonQuery을(를) 사용하려면 트랜잭션이 있어야 합니다. 명령의 Transaction 속성이 초기화되지 않았습니다.
22:36:34:243-[SCH][SC] S/C #902 작업:9002(TYP:2) → 이송 명령 발행 (From:902/0300502 To:105/)
22:36:34:352-[SCH][SC] S/C #902 발행 실패: 명령에 할당된 연결이 보류 중인 로컬 트랜잭션에 연결되어 있는 경우 ExecuteNonQuery을(를) 사용하려면 트랜잭션이 있어야 합니다. 명령의 Transaction 속성이 초기화되지 않았습니다.
22:36:34:460-[SCH][CV] CV TRACK:102 작업:9001(TYP:1) → CV 명령 발행 (DEST:115)
22:36:34:569-[SCH][CV] CV TRACK:102 발행 실패: 명령에 할당된 연결이 보류 중인 로컬 트랜잭션에 연결되어 있는 경우 ExecuteNonQuery을(를) 사용하려면 트랜잭션이 있어야 합니다. 명령의 Transaction 속성이 초기화되지 않았습니다.
22:36:34:680-[SCH][SC] S/C #902 작업:9002(TYP:2) → 이송 명령 발행 (From:902/0300502 To:105/)
22:36:34:791-[SCH][SC] S/C #902 발행 실패: 명령에 할당된 연결이 보류 중인 로컬 트랜잭션에 연결되어 있는 경우 ExecuteNonQuery을(를) 사용하려면 트랜잭션이 있어야 합니다. 명령의 Transaction 속성이 초기화되지 않았습니다.
22:36:34:899-[SCH][CV] CV TRACK:102 작업:9001(TYP:1) → CV 명령 발행 (DEST:115)
22:36:35:010-[SCH][CV] CV TRACK:102 발행 실패: 명령에 할당된 연결이 보류 중인 로컬 트랜잭션에 연결되어 있는 경우 ExecuteNonQuery을(를) 사용하려면 트랜잭션이 있어야 합니다. 명령의 Transaction 속성이 초기화되지 않았습니다.
22:36:35:119-[SCH][SC] S/C #902 작업:9002(TYP:2) → 이송 명령 발행 (From:902/0300502 To:105/)
22:36:35:231-[SCH][SC] S/C #902 발행 실패: 명령에 할당된 연결이 보류 중인 로컬 트랜잭션에 연결되어 있는 경우 ExecuteNonQuery을(를) 사용하려면 트랜잭션이 있어야 합니다. 명령의 Transaction 속성이 초기화되지 않았습니다.
22:36:35:447-[SCH][CV] CV TRACK:102 작업:9001(TYP:1) → CV 명령 발행 (DEST:115)
22:36:35:559-[SCH][CV] CV TRACK:102 발행 실패: 명령에 할당된 연결이 보류 중인 로컬 트랜잭션에 연결되어 있는 경우 ExecuteNonQuery을(를) 사용하려면 트랜잭션이 있어야 합니다. 명령의 Transaction 속성이 초기화되지 않았습니다.
22:36:35:667-[SCH][SC] S/C #902 작업:9002(TYP:2) → 이송 명령 발행 (From:902/0300502 To:105/)
22:36:35:778-[SCH][SC] S/C #902 발행 실패: 명령에 할당된 연결이 보류 중인 로컬 트랜잭션에 연결되어 있는 경우 ExecuteNonQuery을(를) 사용하려면 트랜잭션이 있어야 합니다. 명령의 Transaction 속성이 초기화되지 않았습니다.
22:36:35:888-[SCH][CV] CV TRACK:102 작업:9001(TYP:1) → CV 명령 발행 (DEST:115)
22:36:35:995-[SCH][CV] CV TRACK:102 발행 실패: 명령에 할당된 연결이 보류 중인 로컬 트랜잭션에 연결되어 있는 경우 ExecuteNonQuery을(를) 사용하려면 트랜잭션이 있어야 합니다. 명령의 Transaction 속성이 초기화되지 않았습니다.
22:36:36:105-[SCH][SC] S/C #902 작업:9002(TYP:2) → 이송 명령 발행 (From:902/0300502 To:105/)
22:36:36:218-[SCH][SC] S/C #902 발행 실패: 명령에 할당된 연결이 보류 중인 로컬 트랜잭션에 연결되어 있는 경우 ExecuteNonQuery을(를) 사용하려면 트랜잭션이 있어야 합니다. 명령의 Transaction 속성이 초기화되지 않았습니다.
22:36:36:433-[SCH][CV] CV TRACK:102 작업:9001(TYP:1) → CV 명령 발행 (DEST:115)
22:36:36:545-[SCH][CV] CV TRACK:102 발행 실패: 명령에 할당된 연결이 보류 중인 로컬 트랜잭션에 연결되어 있는 경우 ExecuteNonQuery을(를) 사용하려면 트랜잭션이 있어야 합니다. 명령의 Transaction 속성이 초기화되지 않았습니다.
22:36:36:656-[SCH][SC] S/C #902 작업:9002(TYP:2) → 이송 명령 발행 (From:902/0300502 To:105/)
22:36:36:766-[SCH][SC] S/C #902 발행 실패: 명령에 할당된 연결이 보류 중인 로컬 트랜잭션에 연결되어 있는 경우 ExecuteNonQuery을(를) 사용하려면 트랜잭션이 있어야 합니다. 명령의 Transaction 속성이 초기화되지 않았습니다.
22:36:36:873-[SCH][CV] CV TRACK:102 작업:9001(TYP:1) → CV 명령 발행 (DEST:115)
22:36:36:981-[SCH][CV] CV TRACK:102 발행 실패: 명령에 할당된 연결이 보류 중인 로컬 트랜잭션에 연결되어 있는 경우 ExecuteNonQuery을(를) 사용하려면 트랜잭션이 있어야 합니다. 명령의 Transaction 속성이 초기화되지 않았습니다.
22:36:37:091-[SCH][SC] S/C #902 작업:9002(TYP:2) → 이송 명령 발행 (From:902/0300502 To:105/)
22:36:37:200-[SCH][SC] S/C #902 발행 실패: 명령에 할당된 연결이 보류 중인 로컬 트랜잭션에 연결되어 있는 경우 ExecuteNonQuery을(를) 사용하려면 트랜잭션이 있어야 합니다. 명령의 Transaction 속성이 초기화되지 않았습니다.
22:36:37:309-[SCH][CV] CV TRACK:102 작업:9001(TYP:1) → CV 명령 발행 (DEST:115)
22:36:37:418-[SCH][CV] CV TRACK:102 발행 실패: 명령에 할당된 연결이 보류 중인 로컬 트랜잭션에 연결되어 있는 경우 ExecuteNonQuery을(를) 사용하려면 트랜잭션이 있어야 합니다. 명령의 Transaction 속성이 초기화되지 않았습니다.
22:36:37:528-[SCH][SC] S/C #902 작업:9002(TYP:2) → 이송 명령 발행 (From:902/0300502 To:105/)
22:36:37:639-[SCH][SC] S/C #902 발행 실패: 명령에 할당된 연결이 보류 중인 로컬 트랜잭션에 연결되어 있는 경우 ExecuteNonQuery을(를) 사용하려면 트랜잭션이 있어야 합니다. 명령의 Transaction 속성이 초기화되지 않았습니다.
22:36:37:858-[SCH][CV] CV TRACK:102 작업:9001(TYP:1) → CV 명령 발행 (DEST:115)
22:36:37:966-[SCH][CV] CV TRACK:102 발행 실패: 명령에 할당된 연결이 보류 중인 로컬 트랜잭션에 연결되어 있는 경우 ExecuteNonQuery을(를) 사용하려면 트랜잭션이 있어야 합니다. 명령의 Transaction 속성이 초기화되지 않았습니다.
22:36:38:076-[SCH][SC] S/C #902 작업:9002(TYP:2) → 이송 명령 발행 (From:902/0300502 To:105/)
22:36:38:185-[SCH][SC] S/C #902 발행 실패: 명령에 할당된 연결이 보류 중인 로컬 트랜잭션에 연결되어 있는 경우 ExecuteNonQuery을(를) 사용하려면 트랜잭션이 있어야 합니다. 명령의 Transaction 속성이 초기화되지 않았습니다.
22:36:38:293-[SCH][CV] CV TRACK:102 작업:9001(TYP:1) → CV 명령 발행 (DEST:115)
22:36:38:404-[SCH][CV] CV TRACK:102 발행 실패: 명령에 할당된 연결이 보류 중인 로컬 트랜잭션에 연결되어 있는 경우 ExecuteNonQuery을(를) 사용하려면 트랜잭션이 있어야 합니다. 명령의 Transaction 속성이 초기화되지 않았습니다.
22:36:38:512-[SCH][SC] S/C #902 작업:9002(TYP:2) → 이송 명령 발행 (From:902/0300502 To:105/)
22:36:38:623-[SCH][SC] S/C #902 발행 실패: 명령에 할당된 연결이 보류 중인 로컬 트랜잭션에 연결되어 있는 경우 ExecuteNonQuery을(를) 사용하려면 트랜잭션이 있어야 합니다. 명령의 Transaction 속성이 초기화되지 않았습니다.
22:36:38:732-[SCH][CV] CV TRACK:102 작업:9001(TYP:1) → CV 명령 발행 (DEST:115)
22:36:38:842-[SCH][CV] CV TRACK:102 발행 실패: 명령에 할당된 연결이 보류 중인 로컬 트랜잭션에 연결되어 있는 경우 ExecuteNonQuery을(를) 사용하려면 트랜잭션이 있어야 합니다. 명령의 Transaction 속성이 초기화되지 않았습니다.
22:36:38:951-[SCH][SC] S/C #902 작업:9002(TYP:2) → 이송 명령 발행 (From:902/0300502 To:105/)
22:36:39:060-[SCH][SC] S/C #902 발행 실패: 명령에 할당된 연결이 보류 중인 로컬 트랜잭션에 연결되어 있는 경우 ExecuteNonQuery을(를) 사용하려면 트랜잭션이 있어야 합니다. 명령의 Transaction 속성이 초기화되지 않았습니다.
22:36:39:278-[SCH][CV] CV TRACK:102 작업:9001(TYP:1) → CV 명령 발행 (DEST:115)
22:36:39:388-[SCH][CV] CV TRACK:102 발행 실패: 명령에 할당된 연결이 보류 중인 로컬 트랜잭션에 연결되어 있는 경우 ExecuteNonQuery을(를) 사용하려면 트랜잭션이 있어야 합니다. 명령의 Transaction 속성이 초기화되지 않았습니다.
22:36:39:497-[SCH][SC] S/C #902 작업:9002(TYP:2) → 이송 명령 발행 (From:902/0300502 To:105/)
22:36:39:606-[SCH][SC] S/C #902 발행 실패: 명령에 할당된 연결이 보류 중인 로컬 트랜잭션에 연결되어 있는 경우 ExecuteNonQuery을(를) 사용하려면 트랜잭션이 있어야 합니다. 명령의 Transaction 속성이 초기화되지 않았습니다.
22:36:39:714-[SCH][CV] CV TRACK:102 작업:9001(TYP:1) → CV 명령 발행 (DEST:115)
22:36:39:823-[SCH][CV] CV TRACK:102 발행 실패: 명령에 할당된 연결이 보류 중인 로컬 트랜잭션에 연결되어 있는 경우 ExecuteNonQuery을(를) 사용하려면 트랜잭션이 있어야 합니다. 명령의 Transaction 속성이 초기화되지 않았습니다.
22:36:39:933-[SCH][SC] S/C #902 작업:9002(TYP:2) → 이송 명령 발행 (From:902/0300502 To:105/)
22:36:40:043-[SCH][SC] S/C #902 발행 실패: 명령에 할당된 연결이 보류 중인 로컬 트랜잭션에 연결되어 있는 경우 ExecuteNonQuery을(를) 사용하려면 트랜잭션이 있어야 합니다. 명령의 Transaction 속성이 초기화되지 않았습니다.
22:36:40:153-[SCH][CV] CV TRACK:102 작업:9001(TYP:1) → CV 명령 발행 (DEST:115)
22:36:40:260-[SCH][CV] CV TRACK:102 발행 실패: 명령에 할당된 연결이 보류 중인 로컬 트랜잭션에 연결되어 있는 경우 ExecuteNonQuery을(를) 사용하려면 트랜잭션이 있어야 합니다. 명령의 Transaction 속성이 초기화되지 않았습니다.
22:36:40:369-[SCH][SC] S/C #902 작업:9002(TYP:2) → 이송 명령 발행 (From:902/0300502 To:105/)
22:36:40:480-[SCH][SC] S/C #902 발행 실패: 명령에 할당된 연결이 보류 중인 로컬 트랜잭션에 연결되어 있는 경우 ExecuteNonQuery을(를) 사용하려면 트랜잭션이 있어야 합니다. 명령의 Transaction 속성이 초기화되지 않았습니다.
22:36:40:701-[SCH][CV] CV TRACK:102 작업:9001(TYP:1) → CV 명령 발행 (DEST:115)
22:36:40:812-[SCH][CV] CV TRACK:102 발행 실패: 명령에 할당된 연결이 보류 중인 로컬 트랜잭션에 연결되어 있는 경우 ExecuteNonQuery을(를) 사용하려면 트랜잭션이 있어야 합니다. 명령의 Transaction 속성이 초기화되지 않았습니다.
22:36:40:922-[SCH][SC] S/C #902 작업:9002(TYP:2) → 이송 명령 발행 (From:902/0300502 To:105/)
22:36:41:033-[SCH][SC] S/C #902 발행 실패: 명령에 할당된 연결이 보류 중인 로컬 트랜잭션에 연결되어 있는 경우 ExecuteNonQuery을(를) 사용하려면 트랜잭션이 있어야 합니다. 명령의 Transaction 속성이 초기화되지 않았습니다.
22:36:41:141-[SCH][CV] CV TRACK:102 작업:9001(TYP:1) → CV 명령 발행 (DEST:115)
22:36:41:252-[SCH][CV] CV TRACK:102 발행 실패: 명령에 할당된 연결이 보류 중인 로컬 트랜잭션에 연결되어 있는 경우 ExecuteNonQuery을(를) 사용하려면 트랜잭션이 있어야 합니다. 명령의 Transaction 속성이 초기화되지 않았습니다.
22:36:41:363-[SCH][SC] S/C #902 작업:9002(TYP:2) → 이송 명령 발행 (From:902/0300502 To:105/)
22:36:41:472-[SCH][SC] S/C #902 발행 실패: 명령에 할당된 연결이 보류 중인 로컬 트랜잭션에 연결되어 있는 경우 ExecuteNonQuery을(를) 사용하려면 트랜잭션이 있어야 합니다. 명령의 Transaction 속성이 초기화되지 않았습니다.
22:36:41:582-[SCH][CV] CV TRACK:102 작업:9001(TYP:1) → CV 명령 발행 (DEST:115)
22:36:41:690-[SCH][CV] CV TRACK:102 발행 실패: 명령에 할당된 연결이 보류 중인 로컬 트랜잭션에 연결되어 있는 경우 ExecuteNonQuery을(를) 사용하려면 트랜잭션이 있어야 합니다. 명령의 Transaction 속성이 초기화되지 않았습니다.
22:36:41:802-[SCH][SC] S/C #902 작업:9002(TYP:2) → 이송 명령 발행 (From:902/0300502 To:105/)
22:36:41:912-[SCH][SC] S/C #902 발행 실패: 명령에 할당된 연결이 보류 중인 로컬 트랜잭션에 연결되어 있는 경우 ExecuteNonQuery을(를) 사용하려면 트랜잭션이 있어야 합니다. 명령의 Transaction 속성이 초기화되지 않았습니다.
22:36:42:129-[SCH][CV] CV TRACK:102 작업:9001(TYP:1) → CV 명령 발행 (DEST:115)
22:36:42:239-[SCH][CV] CV TRACK:102 발행 실패: 명령에 할당된 연결이 보류 중인 로컬 트랜잭션에 연결되어 있는 경우 ExecuteNonQuery을(를) 사용하려면 트랜잭션이 있어야 합니다. 명령의 Transaction 속성이 초기화되지 않았습니다.
22:36:42:348-[SCH][SC] S/C #902 작업:9002(TYP:2) → 이송 명령 발행 (From:902/0300502 To:105/)
22:36:42:457-[SCH][SC] S/C #902 발행 실패: 명령에 할당된 연결이 보류 중인 로컬 트랜잭션에 연결되어 있는 경우 ExecuteNonQuery을(를) 사용하려면 트랜잭션이 있어야 합니다. 명령의 Transaction 속성이 초기화되지 않았습니다.
22:36:42:565-[SCH][CV] CV TRACK:102 작업:9001(TYP:1) → CV 명령 발행 (DEST:115)
22:36:42:675-[SCH][CV] CV TRACK:102 발행 실패: 명령에 할당된 연결이 보류 중인 로컬 트랜잭션에 연결되어 있는 경우 ExecuteNonQuery을(를) 사용하려면 트랜잭션이 있어야 합니다. 명령의 Transaction 속성이 초기화되지 않았습니다.
22:36:42:785-[SCH][SC] S/C #902 작업:9002(TYP:2) → 이송 명령 발행 (From:902/0300502 To:105/)
22:36:42:897-[SCH][SC] S/C #902 발행 실패: 명령에 할당된 연결이 보류 중인 로컬 트랜잭션에 연결되어 있는 경우 ExecuteNonQuery을(를) 사용하려면 트랜잭션이 있어야 합니다. 명령의 Transaction 속성이 초기화되지 않았습니다.
22:36:43:114-[SCH][CV] CV TRACK:102 작업:9001(TYP:1) → CV 명령 발행 (DEST:115)
22:36:43:224-[SCH][CV] CV TRACK:102 발행 실패: 명령에 할당된 연결이 보류 중인 로컬 트랜잭션에 연결되어 있는 경우 ExecuteNonQuery을(를) 사용하려면 트랜잭션이 있어야 합니다. 명령의 Transaction 속성이 초기화되지 않았습니다.
22:36:43:334-[SCH][SC] S/C #902 작업:9002(TYP:2) → 이송 명령 발행 (From:902/0300502 To:105/)
22:36:43:443-[SCH][SC] S/C #902 발행 실패: 명령에 할당된 연결이 보류 중인 로컬 트랜잭션에 연결되어 있는 경우 ExecuteNonQuery을(를) 사용하려면 트랜잭션이 있어야 합니다. 명령의 Transaction 속성이 초기화되지 않았습니다.
22:36:43:550-[SCH][CV] CV TRACK:102 작업:9001(TYP:1) → CV 명령 발행 (DEST:115)
22:36:43:660-[SCH][CV] CV TRACK:102 발행 실패: 명령에 할당된 연결이 보류 중인 로컬 트랜잭션에 연결되어 있는 경우 ExecuteNonQuery을(를) 사용하려면 트랜잭션이 있어야 합니다. 명령의 Transaction 속성이 초기화되지 않았습니다.
22:36:43:769-[SCH][SC] S/C #902 작업:9002(TYP:2) → 이송 명령 발행 (From:902/0300502 To:105/)
22:36:43:879-[SCH][SC] S/C #902 발행 실패: 명령에 할당된 연결이 보류 중인 로컬 트랜잭션에 연결되어 있는 경우 ExecuteNonQuery을(를) 사용하려면 트랜잭션이 있어야 합니다. 명령의 Transaction 속성이 초기화되지 않았습니다.
22:36:44:095-[SCH][CV] CV TRACK:102 작업:9001(TYP:1) → CV 명령 발행 (DEST:115)
22:36:44:204-[SCH][CV] CV TRACK:102 발행 실패: 명령에 할당된 연결이 보류 중인 로컬 트랜잭션에 연결되어 있는 경우 ExecuteNonQuery을(를) 사용하려면 트랜잭션이 있어야 합니다. 명령의 Transaction 속성이 초기화되지 않았습니다.
22:36:44:314-[SCH][SC] S/C #902 작업:9002(TYP:2) → 이송 명령 발행 (From:902/0300502 To:105/)
22:36:44:423-[SCH][SC] S/C #902 발행 실패: 명령에 할당된 연결이 보류 중인 로컬 트랜잭션에 연결되어 있는 경우 ExecuteNonQuery을(를) 사용하려면 트랜잭션이 있어야 합니다. 명령의 Transaction 속성이 초기화되지 않았습니다.
22:36:44:533-[SCH][CV] CV TRACK:102 작업:9001(TYP:1) → CV 명령 발행 (DEST:115)
22:36:44:641-[SCH][CV] CV TRACK:102 발행 실패: 명령에 할당된 연결이 보류 중인 로컬 트랜잭션에 연결되어 있는 경우 ExecuteNonQuery을(를) 사용하려면 트랜잭션이 있어야 합니다. 명령의 Transaction 속성이 초기화되지 않았습니다.
22:36:44:751-[SCH][SC] S/C #902 작업:9002(TYP:2) → 이송 명령 발행 (From:902/0300502 To:105/)
22:36:44:861-[SCH][SC] S/C #902 발행 실패: 명령에 할당된 연결이 보류 중인 로컬 트랜잭션에 연결되어 있는 경우 ExecuteNonQuery을(를) 사용하려면 트랜잭션이 있어야 합니다. 명령의 Transaction 속성이 초기화되지 않았습니다.
22:36:44:969-[SCH][CV] CV TRACK:102 작업:9001(TYP:1) → CV 명령 발행 (DEST:115)
22:36:45:079-[SCH][CV] CV TRACK:102 발행 실패: 명령에 할당된 연결이 보류 중인 로컬 트랜잭션에 연결되어 있는 경우 ExecuteNonQuery을(를) 사용하려면 트랜잭션이 있어야 합니다. 명령의 Transaction 속성이 초기화되지 않았습니다.
22:36:45:188-[SCH][SC] S/C #902 작업:9002(TYP:2) → 이송 명령 발행 (From:902/0300502 To:105/)
22:36:45:295-[SCH][SC] S/C #902 발행 실패: 명령에 할당된 연결이 보류 중인 로컬 트랜잭션에 연결되어 있는 경우 ExecuteNonQuery을(를) 사용하려면 트랜잭션이 있어야 합니다. 명령의 Transaction 속성이 초기화되지 않았습니다.
22:36:45:407-[SCH][CV] CV TRACK:102 작업:9001(TYP:1) → CV 명령 발행 (DEST:115)
22:36:45:516-[SCH][CV] CV TRACK:102 발행 실패: 명령에 할당된 연결이 보류 중인 로컬 트랜잭션에 연결되어 있는 경우 ExecuteNonQuery을(를) 사용하려면 트랜잭션이 있어야 합니다. 명령의 Transaction 속성이 초기화되지 않았습니다.
22:36:45:626-[SCH][SC] S/C #902 작업:9002(TYP:2) → 이송 명령 발행 (From:902/0300502 To:105/)
22:36:45:736-[SCH][SC] S/C #902 발행 실패: 명령에 할당된 연결이 보류 중인 로컬 트랜잭션에 연결되어 있는 경우 ExecuteNonQuery을(를) 사용하려면 트랜잭션이 있어야 합니다. 명령의 Transaction 속성이 초기화되지 않았습니다.
22:36:45:956-[SCH][CV] CV TRACK:102 작업:9001(TYP:1) → CV 명령 발행 (DEST:115)
22:36:46:065-[SCH][CV] CV TRACK:102 발행 실패: 명령에 할당된 연결이 보류 중인 로컬 트랜잭션에 연결되어 있는 경우 ExecuteNonQuery을(를) 사용하려면 트랜잭션이 있어야 합니다. 명령의 Transaction 속성이 초기화되지 않았습니다.
22:36:46:173-[SCH][SC] S/C #902 작업:9002(TYP:2) → 이송 명령 발행 (From:902/0300502 To:105/)
22:36:46:285-[SCH][SC] S/C #902 발행 실패: 명령에 할당된 연결이 보류 중인 로컬 트랜잭션에 연결되어 있는 경우 ExecuteNonQuery을(를) 사용하려면 트랜잭션이 있어야 합니다. 명령의 Transaction 속성이 초기화되지 않았습니다.
22:36:46:392-[SCH][CV] CV TRACK:102 작업:9001(TYP:1) → CV 명령 발행 (DEST:115)
22:36:46:503-[SCH][CV] CV TRACK:102 발행 실패: 명령에 할당된 연결이 보류 중인 로컬 트랜잭션에 연결되어 있는 경우 ExecuteNonQuery을(를) 사용하려면 트랜잭션이 있어야 합니다. 명령의 Transaction 속성이 초기화되지 않았습니다.
22:36:46:613-[SCH][SC] S/C #902 작업:9002(TYP:2) → 이송 명령 발행 (From:902/0300502 To:105/)
22:36:46:724-[SCH][SC] S/C #902 발행 실패: 명령에 할당된 연결이 보류 중인 로컬 트랜잭션에 연결되어 있는 경우 ExecuteNonQuery을(를) 사용하려면 트랜잭션이 있어야 합니다. 명령의 Transaction 속성이 초기화되지 않았습니다.
22:36:46:833-[SCH][CV] CV TRACK:102 작업:9001(TYP:1) → CV 명령 발행 (DEST:115)
22:36:46:941-[SCH][CV] CV TRACK:102 발행 실패: 명령에 할당된 연결이 보류 중인 로컬 트랜잭션에 연결되어 있는 경우 ExecuteNonQuery을(를) 사용하려면 트랜잭션이 있어야 합니다. 명령의 Transaction 속성이 초기화되지 않았습니다.
22:36:47:049-[SCH][SC] S/C #902 작업:9002(TYP:2) → 이송 명령 발행 (From:902/0300502 To:105/)
22:36:47:159-[SCH][SC] S/C #902 발행 실패: 명령에 할당된 연결이 보류 중인 로컬 트랜잭션에 연결되어 있는 경우 ExecuteNonQuery을(를) 사용하려면 트랜잭션이 있어야 합니다. 명령의 Transaction 속성이 초기화되지 않았습니다.
22:36:47:378-[SCH][CV] CV TRACK:102 작업:9001(TYP:1) → CV 명령 발행 (DEST:115)
22:36:47:488-[SCH][CV] CV TRACK:102 발행 실패: 명령에 할당된 연결이 보류 중인 로컬 트랜잭션에 연결되어 있는 경우 ExecuteNonQuery을(를) 사용하려면 트랜잭션이 있어야 합니다. 명령의 Transaction 속성이 초기화되지 않았습니다.
22:36:47:600-[SCH][SC] S/C #902 작업:9002(TYP:2) → 이송 명령 발행 (From:902/0300502 To:105/)
22:36:47:709-[SCH][SC] S/C #902 발행 실패: 명령에 할당된 연결이 보류 중인 로컬 트랜잭션에 연결되어 있는 경우 ExecuteNonQuery을(를) 사용하려면 트랜잭션이 있어야 합니다. 명령의 Transaction 속성이 초기화되지 않았습니다.
22:36:47:817-[SCH][CV] CV TRACK:102 작업:9001(TYP:1) → CV 명령 발행 (DEST:115)
22:36:47:926-[SCH][CV] CV TRACK:102 발행 실패: 명령에 할당된 연결이 보류 중인 로컬 트랜잭션에 연결되어 있는 경우 ExecuteNonQuery을(를) 사용하려면 트랜잭션이 있어야 합니다. 명령의 Transaction 속성이 초기화되지 않았습니다.
22:36:48:035-[SCH][SC] S/C #902 작업:9002(TYP:2) → 이송 명령 발행 (From:902/0300502 To:105/)
22:36:48:144-[SCH][SC] S/C #902 발행 실패: 명령에 할당된 연결이 보류 중인 로컬 트랜잭션에 연결되어 있는 경우 ExecuteNonQuery을(를) 사용하려면 트랜잭션이 있어야 합니다. 명령의 Transaction 속성이 초기화되지 않았습니다.
22:36:48:362-[SCH][CV] CV TRACK:102 작업:9001(TYP:1) → CV 명령 발행 (DEST:115)
22:36:48:469-[SCH][CV] CV TRACK:102 발행 실패: 명령에 할당된 연결이 보류 중인 로컬 트랜잭션에 연결되어 있는 경우 ExecuteNonQuery을(를) 사용하려면 트랜잭션이 있어야 합니다. 명령의 Transaction 속성이 초기화되지 않았습니다.
22:36:48:579-[SCH][SC] S/C #902 작업:9002(TYP:2) → 이송 명령 발행 (From:902/0300502 To:105/)
22:36:48:688-[SCH][SC] S/C #902 발행 실패: 명령에 할당된 연결이 보류 중인 로컬 트랜잭션에 연결되어 있는 경우 ExecuteNonQuery을(를) 사용하려면 트랜잭션이 있어야 합니다. 명령의 Transaction 속성이 초기화되지 않았습니다.
22:36:48:799-[SCH][CV] CV TRACK:102 작업:9001(TYP:1) → CV 명령 발행 (DEST:115)
22:36:48:908-[SCH][CV] CV TRACK:102 발행 실패: 명령에 할당된 연결이 보류 중인 로컬 트랜잭션에 연결되어 있는 경우 ExecuteNonQuery을(를) 사용하려면 트랜잭션이 있어야 합니다. 명령의 Transaction 속성이 초기화되지 않았습니다.
22:36:49:017-[SCH][SC] S/C #902 작업:9002(TYP:2) → 이송 명령 발행 (From:902/0300502 To:105/)
22:36:49:126-[SCH][SC] S/C #902 발행 실패: 명령에 할당된 연결이 보류 중인 로컬 트랜잭션에 연결되어 있는 경우 ExecuteNonQuery을(를) 사용하려면 트랜잭션이 있어야 합니다. 명령의 Transaction 속성이 초기화되지 않았습니다.
22:36:49:344-[SCH][CV] CV TRACK:102 작업:9001(TYP:1) → CV 명령 발행 (DEST:115)
22:36:49:453-[SCH][CV] CV TRACK:102 발행 실패: 명령에 할당된 연결이 보류 중인 로컬 트랜잭션에 연결되어 있는 경우 ExecuteNonQuery을(를) 사용하려면 트랜잭션이 있어야 합니다. 명령의 Transaction 속성이 초기화되지 않았습니다.
22:36:49:562-[SCH][SC] S/C #902 작업:9002(TYP:2) → 이송 명령 발행 (From:902/0300502 To:105/)
22:36:49:672-[SCH][SC] S/C #902 발행 실패: 명령에 할당된 연결이 보류 중인 로컬 트랜잭션에 연결되어 있는 경우 ExecuteNonQuery을(를) 사용하려면 트랜잭션이 있어야 합니다. 명령의 Transaction 속성이 초기화되지 않았습니다.
22:36:49:783-[SCH][CV] CV TRACK:102 작업:9001(TYP:1) → CV 명령 발행 (DEST:115)
22:36:49:893-[SCH][CV] CV TRACK:102 발행 실패: 명령에 할당된 연결이 보류 중인 로컬 트랜잭션에 연결되어 있는 경우 ExecuteNonQuery을(를) 사용하려면 트랜잭션이 있어야 합니다. 명령의 Transaction 속성이 초기화되지 않았습니다.
22:36:50:005-[SCH][SC] S/C #902 작업:9002(TYP:2) → 이송 명령 발행 (From:902/0300502 To:105/)
22:36:50:116-[SCH][SC] S/C #902 발행 실패: 명령에 할당된 연결이 보류 중인 로컬 트랜잭션에 연결되어 있는 경우 ExecuteNonQuery을(를) 사용하려면 트랜잭션이 있어야 합니다. 명령의 Transaction 속성이 초기화되지 않았습니다.
22:36:50:225-[SCH][CV] CV TRACK:102 작업:9001(TYP:1) → CV 명령 발행 (DEST:115)
22:36:50:334-[SCH][CV] CV TRACK:102 발행 실패: 명령에 할당된 연결이 보류 중인 로컬 트랜잭션에 연결되어 있는 경우 ExecuteNonQuery을(를) 사용하려면 트랜잭션이 있어야 합니다. 명령의 Transaction 속성이 초기화되지 않았습니다.
22:36:50:443-[SCH][SC] S/C #902 작업:9002(TYP:2) → 이송 명령 발행 (From:902/0300502 To:105/)
22:36:50:554-[SCH][SC] S/C #902 발행 실패: 명령에 할당된 연결이 보류 중인 로컬 트랜잭션에 연결되어 있는 경우 ExecuteNonQuery을(를) 사용하려면 트랜잭션이 있어야 합니다. 명령의 Transaction 속성이 초기화되지 않았습니다.
22:36:50:773-[SCH][CV] CV TRACK:102 작업:9001(TYP:1) → CV 명령 발행 (DEST:115)
22:36:50:884-[SCH][CV] CV TRACK:102 발행 실패: 명령에 할당된 연결이 보류 중인 로컬 트랜잭션에 연결되어 있는 경우 ExecuteNonQuery을(를) 사용하려면 트랜잭션이 있어야 합니다. 명령의 Transaction 속성이 초기화되지 않았습니다.
22:36:50:993-[SCH][SC] S/C #902 작업:9002(TYP:2) → 이송 명령 발행 (From:902/0300502 To:105/)
22:36:51:104-[SCH][SC] S/C #902 발행 실패: 명령에 할당된 연결이 보류 중인 로컬 트랜잭션에 연결되어 있는 경우 ExecuteNonQuery을(를) 사용하려면 트랜잭션이 있어야 합니다. 명령의 Transaction 속성이 초기화되지 않았습니다.
22:36:51:212-[SCH][CV] CV TRACK:102 작업:9001(TYP:1) → CV 명령 발행 (DEST:115)
22:36:51:322-[SCH][CV] CV TRACK:102 발행 실패: 명령에 할당된 연결이 보류 중인 로컬 트랜잭션에 연결되어 있는 경우 ExecuteNonQuery을(를) 사용하려면 트랜잭션이 있어야 합니다. 명령의 Transaction 속성이 초기화되지 않았습니다.
22:36:51:433-[SCH][SC] S/C #902 작업:9002(TYP:2) → 이송 명령 발행 (From:902/0300502 To:105/)
22:36:51:542-[SCH][SC] S/C #902 발행 실패: 명령에 할당된 연결이 보류 중인 로컬 트랜잭션에 연결되어 있는 경우 ExecuteNonQuery을(를) 사용하려면 트랜잭션이 있어야 합니다. 명령의 Transaction 속성이 초기화되지 않았습니다.
22:36:51:651-[SCH][CV] CV TRACK:102 작업:9001(TYP:1) → CV 명령 발행 (DEST:115)
22:36:51:761-[SCH][CV] CV TRACK:102 발행 실패: 명령에 할당된 연결이 보류 중인 로컬 트랜잭션에 연결되어 있는 경우 ExecuteNonQuery을(를) 사용하려면 트랜잭션이 있어야 합니다. 명령의 Transaction 속성이 초기화되지 않았습니다.
22:36:51:872-[SCH][SC] S/C #902 작업:9002(TYP:2) → 이송 명령 발행 (From:902/0300502 To:105/)
22:36:51:982-[SCH][SC] S/C #902 발행 실패: 명령에 할당된 연결이 보류 중인 로컬 트랜잭션에 연결되어 있는 경우 ExecuteNonQuery을(를) 사용하려면 트랜잭션이 있어야 합니다. 명령의 Transaction 속성이 초기화되지 않았습니다.
22:36:52:197-[SCH][CV] CV TRACK:102 작업:9001(TYP:1) → CV 명령 발행 (DEST:115)
22:36:52:306-[SCH][CV] CV TRACK:102 발행 실패: 명령에 할당된 연결이 보류 중인 로컬 트랜잭션에 연결되어 있는 경우 ExecuteNonQuery을(를) 사용하려면 트랜잭션이 있어야 합니다. 명령의 Transaction 속성이 초기화되지 않았습니다.
22:36:52:418-[SCH][SC] S/C #902 작업:9002(TYP:2) → 이송 명령 발행 (From:902/0300502 To:105/)
22:36:52:525-[SCH][SC] S/C #902 발행 실패: 명령에 할당된 연결이 보류 중인 로컬 트랜잭션에 연결되어 있는 경우 ExecuteNonQuery을(를) 사용하려면 트랜잭션이 있어야 합니다. 명령의 Transaction 속성이 초기화되지 않았습니다.
22:36:52:637-[SCH][CV] CV TRACK:102 작업:9001(TYP:1) → CV 명령 발행 (DEST:115)
22:36:52:743-[SCH][CV] CV TRACK:102 발행 실패: 명령에 할당된 연결이 보류 중인 로컬 트랜잭션에 연결되어 있는 경우 ExecuteNonQuery을(를) 사용하려면 트랜잭션이 있어야 합니다. 명령의 Transaction 속성이 초기화되지 않았습니다.
22:36:52:852-[SCH][SC] S/C #902 작업:9002(TYP:2) → 이송 명령 발행 (From:902/0300502 To:105/)
22:36:52:960-[SCH][SC] S/C #902 발행 실패: 명령에 할당된 연결이 보류 중인 로컬 트랜잭션에 연결되어 있는 경우 ExecuteNonQuery을(를) 사용하려면 트랜잭션이 있어야 합니다. 명령의 Transaction 속성이 초기화되지 않았습니다.
22:36:53:179-[SCH][CV] CV TRACK:102 작업:9001(TYP:1) → CV 명령 발행 (DEST:115)
22:36:53:288-[SCH][CV] CV TRACK:102 발행 실패: 명령에 할당된 연결이 보류 중인 로컬 트랜잭션에 연결되어 있는 경우 ExecuteNonQuery을(를) 사용하려면 트랜잭션이 있어야 합니다. 명령의 Transaction 속성이 초기화되지 않았습니다.
22:36:53:396-[SCH][SC] S/C #902 작업:9002(TYP:2) → 이송 명령 발행 (From:902/0300502 To:105/)
22:36:53:505-[SCH][SC] S/C #902 발행 실패: 명령에 할당된 연결이 보류 중인 로컬 트랜잭션에 연결되어 있는 경우 ExecuteNonQuery을(를) 사용하려면 트랜잭션이 있어야 합니다. 명령의 Transaction 속성이 초기화되지 않았습니다.
22:36:53:945-[SCH][CV] CV TRACK:102 작업:9001(TYP:1) → CV 명령 발행 (DEST:115)
22:36:54:055-[SCH][CV] CV TRACK:102 발행 실패: 명령에 할당된 연결이 보류 중인 로컬 트랜잭션에 연결되어 있는 경우 ExecuteNonQuery을(를) 사용하려면 트랜잭션이 있어야 합니다. 명령의 Transaction 속성이 초기화되지 않았습니다.
22:36:54:163-[SCH][SC] S/C #902 작업:9002(TYP:2) → 이송 명령 발행 (From:902/0300502 To:105/)
22:36:54:271-[SCH][SC] S/C #902 발행 실패: 명령에 할당된 연결이 보류 중인 로컬 트랜잭션에 연결되어 있는 경우 ExecuteNonQuery을(를) 사용하려면 트랜잭션이 있어야 합니다. 명령의 Transaction 속성이 초기화되지 않았습니다.
22:36:54:707-[SCH][CV] CV TRACK:102 작업:9001(TYP:1) → CV 명령 발행 (DEST:115)
22:36:54:816-[SCH][CV] CV TRACK:102 발행 실패: 명령에 할당된 연결이 보류 중인 로컬 트랜잭션에 연결되어 있는 경우 ExecuteNonQuery을(를) 사용하려면 트랜잭션이 있어야 합니다. 명령의 Transaction 속성이 초기화되지 않았습니다.
22:36:54:926-[SCH][SC] S/C #902 작업:9002(TYP:2) → 이송 명령 발행 (From:902/0300502 To:105/)
22:36:55:038-[SCH][SC] S/C #902 발행 실패: 명령에 할당된 연결이 보류 중인 로컬 트랜잭션에 연결되어 있는 경우 ExecuteNonQuery을(를) 사용하려면 트랜잭션이 있어야 합니다. 명령의 Transaction 속성이 초기화되지 않았습니다.
22:36:55:475-[SCH][CV] CV TRACK:102 작업:9001(TYP:1) → CV 명령 발행 (DEST:115)
22:36:55:584-[SCH][CV] CV TRACK:102 발행 실패: 명령에 할당된 연결이 보류 중인 로컬 트랜잭션에 연결되어 있는 경우 ExecuteNonQuery을(를) 사용하려면 트랜잭션이 있어야 합니다. 명령의 Transaction 속성이 초기화되지 않았습니다.
22:36:55:693-[SCH][SC] S/C #902 작업:9002(TYP:2) → 이송 명령 발행 (From:902/0300502 To:105/)
22:36:55:801-[SCH][SC] S/C #902 발행 실패: 명령에 할당된 연결이 보류 중인 로컬 트랜잭션에 연결되어 있는 경우 ExecuteNonQuery을(를) 사용하려면 트랜잭션이 있어야 합니다. 명령의 Transaction 속성이 초기화되지 않았습니다.
22:37:28:742-[SCH][CV] CV TRACK:102 작업:9001(TYP:1) → CV 명령 발행 (DEST:115)
22:37:28:849-[SCH][CV] CV TRACK:102 명령 발행 완료, 작업 9001 상태 '11'
22:37:28:959-[SCH][SC] S/C #902 작업:9002(TYP:2) → 이송 명령 발행 (From:902/0300502 To:105/)
22:37:29:068-[SCH][SC] S/C #902 명령 발행 완료, 작업 9002 상태 '21'
22:38:00:215-[SCH][SC] 작업 9002 S/C 반출 완료 → 출고HS 124 CV 반송 대기('10')
22:38:30:213-[SCH][CV] CV TRACK:124 작업:9002(TYP:2) → CV 명령 발행 (DEST:102)
22:38:30:323-[SCH][CV] CV TRACK:124 명령 발행 완료, 작업 9002 상태 '11'
22:38:30:431-[SCH][CV] 작업 9001 CV 레그 완료 → S/C #901 적입 대기('20')
22:38:30:542-[SCH][SC] S/C #901 작업:9001(TYP:1) → 이송 명령 발행 (From:901/ To:115/0100101)
22:38:30:651-[SCH][SC] S/C #901 명령 발행 완료, 작업 9001 상태 '21'
22:39:01:495-[SCH][CV] 작업 9002 CV 반송 완료 → 상태 '19'
22:39:01:604-[SCH][SC] 작업 9001 S/C 이송 완료 → 상태 '29'
23:23:32:549-[SCH][NEW] 입고 작업 9003 접수 : 입고대 102 → HS 214 → S/C #903 (LOC:0500101)
23:23:32:655-[SCH][CV] CV TRACK:102 작업:9003(TYP:1) → CV 명령 발행 (DEST:214)
23:23:32:763-[SCH][CV] CV TRACK:102 명령 발행 완료, 작업 9003 상태 '11'
