06:47:03:949;ERR;[GetEmptyPltRequest] .. Failed to establish a connection to '10.117.3.174'.
  SELECT  * 
   FROM  HOST_EMPTY_PLT 
  WHERE  WH_TYP = @WH_TYP
    AND  KIND   = @KIND
    AND  STN    = @STN
    AND (STATUS = 'Q' OR LUGG_NO <> '0')
  ORDER  BY     UPD_DT
06:47:19:020;ERR;[GetEmptyPltRequest] .. Failed to establish a connection to '10.117.3.174'.
  SELECT  * 
   FROM  HOST_EMPTY_PLT 
  WHERE  WH_TYP = @WH_TYP
    AND  KIND   = @KIND
    AND  STN    = @STN
    AND (STATUS = 'Q' OR LUGG_NO <> '0')
  ORDER  BY     UPD_DT
06:47:34:162;ERR;[GetEmptyPltRequest] .. Failed to establish a connection to '10.117.3.174'.
  SELECT  * 
   FROM  HOST_EMPTY_PLT 
  WHERE  WH_TYP = @WH_TYP
    AND  KIND   = @KIND
    AND  STN    = @STN
    AND (STATUS = 'Q' OR LUGG_NO <> '0')
  ORDER  BY     UPD_DT
06:47:49:234;ERR;[GetEmptyPltRequest] .. Failed to establish a connection to '10.117.3.174'.
  SELECT  * 
   FROM  HOST_EMPTY_PLT 
  WHERE  WH_TYP = @WH_TYP
    AND  KIND   = @KIND
    AND  STN    = @STN
    AND (STATUS = 'Q' OR LUGG_NO <> '0')
  ORDER  BY     UPD_DT
06:47:49:236;IMP;이상 발생.DB Logout...
06:47:49:239;IMP;통신 쓰레드를 종료합니다.
06:47:53:283;IMP;DB 로그인 중...
06:47:53:290;IMP;DB 로그인 성공.
06:47:55:294;IMP;통신이 연결되었습니다.
06:49:41:308;ERR;[GetEmptyPltRequest] .. Failed to establish a connection to '10.117.3.174'.
  SELECT  * 
   FROM  HOST_EMPTY_PLT 
  WHERE  WH_TYP = @WH_TYP
    AND  KIND   = @KIND
    AND  STN    = @STN
    AND (STATUS = 'Q' OR LUGG_NO <> '0')
  ORDER  BY     UPD_DT
06:49:56:563;ERR;[GetEmptyPltRequest] .. Failed to establish a connection to '10.117.3.174'.
  SELECT  * 
   FROM  HOST_EMPTY_PLT 
  WHERE  WH_TYP = @WH_TYP
    AND  KIND   = @KIND
    AND  STN    = @STN
    AND (STATUS = 'Q' OR LUGG_NO <> '0')
  ORDER  BY     UPD_DT
06:50:11:836;ERR;[GetEmptyPltRequest] .. Failed to establish a connection to '10.117.3.174'.
  SELECT  * 
   FROM  HOST_EMPTY_PLT 
  WHERE  WH_TYP = @WH_TYP
    AND  KIND   = @KIND
    AND  STN    = @STN
    AND (STATUS = 'Q' OR LUGG_NO <> '0')
  ORDER  BY     UPD_DT
06:50:26:951;ERR;[GetEmptyPltRequest] .. Failed to establish a connection to '10.117.3.174'.
  SELECT  * 
   FROM  HOST_EMPTY_PLT 
  WHERE  WH_TYP = @WH_TYP
    AND  KIND   = @KIND
    AND  STN    = @STN
    AND (STATUS = 'Q' OR LUGG_NO <> '0')
  ORDER  BY     UPD_DT
06:50:26:954;IMP;이상 발생.DB Logout...
06:50:26:956;IMP;통신 쓰레드를 종료합니다.
06:50:30:981;IMP;DB 로그인 중...
06:50:30:989;IMP;DB 로그인 성공.
06:50:32:992;IMP;통신이 연결되었습니다.
06:52:19:241;ERR;[GetEmptyPltRequest] .. Failed to establish a connection to '10.117.3.174'.
  SELECT  * 
   FROM  HOST_EMPTY_PLT 
  WHERE  WH_TYP = @WH_TYP
    AND  KIND   = @KIND
    AND  STN    = @STN
    AND (STATUS = 'Q' OR LUGG_NO <> '0')
  ORDER  BY     UPD_DT
06:52:34:308;ERR;[GetEmptyPltRequest] .. Failed to establish a connection to '10.117.3.174'.
  SELECT  * 
   FROM  HOST_EMPTY_PLT 
  WHERE  WH_TYP = @WH_TYP
    AND  KIND   = @KIND
    AND  STN    = @STN
    AND (STATUS = 'Q' OR LUGG_NO <> '0')
  ORDER  BY     UPD_DT
10:38:34:759;ERR;[GetEmptyPltRequest] .. Failed to establish a connection to '10.117.3.174'.
  SELECT  * 
   FROM  HOST_EMPTY_PLT 
  WHERE  WH_TYP = @WH_TYP
    AND  KIND   = @KIND
    AND  STN    = @STN
    AND (STATUS = 'Q' OR LUGG_NO <> '0')
  ORDER  BY     UPD_DT
10:38:35:094;ERR;[GetEmptyPltRequest] .. Failed to establish a connection to '10.117.3.174'.
  SELECT  * 
   FROM  HOST_EMPTY_PLT 
  WHERE  WH_TYP = @WH_TYP
    AND  KIND   = @KIND
    AND  STN    = @STN
    AND (STATUS = 'Q' OR LUGG_NO <> '0')
  ORDER  BY     UPD_DT
10:38:35:307;IMP;이상 발생.DB Logout...
10:38:35:457;IMP;통신 쓰레드를 종료합니다.
10:38:39:691;IMP;DB 로그인 중...
10:38:39:697;IMP;DB 로그인 성공.
10:38:41:701;IMP;통신이 연결되었습니다.
10:38:42:198;ERR;[GetEmptyPltRequest] .. Failed to establish a connection to '10.117.3.174'.
  SELECT  * 
   FROM  HOST_EMPTY_PLT 
  WHERE  WH_TYP = @WH_TYP
    AND  KIND   = @KIND
    AND  STN    = @STN
    AND (STATUS = 'Q' OR LUGG_NO <> '0')
  ORDER  BY     UPD_DT
10:38:42:282;ERR;[GetEmptyPltRequest] .. Failed to establish a connection to '10.117.3.174'.
  SELECT  * 
   FROM  HOST_EMPTY_PLT 
  WHERE  WH_TYP = @WH_TYP
    AND  KIND   = @KIND
    AND  STN    = @STN
    AND (STATUS = 'Q' OR LUGG_NO <> '0')
  ORDER  BY     UPD_DT
10:38:42:352;ERR;[GetEmptyPltRequest] .. Failed to establish a connection to '10.117.3.174'.
  SELECT  * 
   FROM  HOST_EMPTY_PLT 
  WHERE  WH_TYP = @WH_TYP
    AND  KIND   = @KIND
    AND  STN    = @STN
    AND (STATUS = 'Q' OR LUGG_NO <> '0')
  ORDER  BY     UPD_DT
10:38:42:424;ERR;[GetEmptyPltRequest] .. Failed to establish a connection to '10.117.3.174'.
  SELECT  * 
   FROM  HOST_EMPTY_PLT 
  WHERE  WH_TYP = @WH_TYP
    AND  KIND   = @KIND
    AND  STN    = @STN
    AND (STATUS = 'Q' OR LUGG_NO <> '0')
  ORDER  BY     UPD_DT
10:38:42:428;IMP;이상 발생.DB Logout...
10:38:42:430;IMP;통신 쓰레드를 종료합니다.
10:38:46:454;IMP;DB 로그인 중...
10:38:46:459;IMP;DB 로그인 성공.
10:38:48:462;IMP;통신이 연결되었습니다.
10:38:48:852;ERR;[GetEmptyPltRequest] .. Failed to establish a connection to '10.117.3.174'.
  SELECT  * 
   FROM  HOST_EMPTY_PLT 
  WHERE  WH_TYP = @WH_TYP
    AND  KIND   = @KIND
    AND  STN    = @STN
    AND (STATUS = 'Q' OR LUGG_NO <> '0')
  ORDER  BY     UPD_DT
10:38:48:905;ERR;[GetEmptyPltRequest] .. Failed to establish a connection to '10.117.3.174'.
  SELECT  * 
   FROM  HOST_EMPTY_PLT 
  WHERE  WH_TYP = @WH_TYP
    AND  KIND   = @KIND
    AND  STN    = @STN
    AND (STATUS = 'Q' OR LUGG_NO <> '0')
  ORDER  BY     UPD_DT
10:38:48:959;ERR;[GetEmptyPltRequest] .. Failed to establish a connection to '10.117.3.174'.
  SELECT  * 
   FROM  HOST_EMPTY_PLT 
  WHERE  WH_TYP = @WH_TYP
    AND  KIND   = @KIND
    AND  STN    = @STN
    AND (STATUS = 'Q' OR LUGG_NO <> '0')
  ORDER  BY     UPD_DT
10:38:49:014;ERR;[GetEmptyPltRequest] .. Failed to establish a connection to '10.117.3.174'.
  SELECT  * 
   FROM  HOST_EMPTY_PLT 
  WHERE  WH_TYP = @WH_TYP
    AND  KIND   = @KIND
    AND  STN    = @STN
    AND (STATUS = 'Q' OR LUGG_NO <> '0')
  ORDER  BY     UPD_DT
10:38:49:016;IMP;이상 발생.DB Logout...
10:38:49:017;IMP;통신 쓰레드를 종료합니다.
10:38:53:042;IMP;DB 로그인 중...
10:38:53:047;IMP;DB 로그인 성공.
10:38:55:050;IMP;통신이 연결되었습니다.
10:38:55:874;ERR;[GetEmptyPltRequest] .. Failed to establish a connection to '10.117.3.174'.
  SELECT  * 
   FROM  HOST_EMPTY_PLT 
  WHERE  WH_TYP = @WH_TYP
    AND  KIND   = @KIND
    AND  STN    = @STN
    AND (STATUS = 'Q' OR LUGG_NO <> '0')
  ORDER  BY     UPD_DT
10:38:55:951;ERR;[GetEmptyPltRequest] .. Failed to establish a connection to '10.117.3.174'.
  SELECT  * 
   FROM  HOST_EMPTY_PLT 
  WHERE  WH_TYP = @WH_TYP
    AND  KIND   = @KIND
    AND  STN    = @STN
    AND (STATUS = 'Q' OR LUGG_NO <> '0')
  ORDER  BY     UPD_DT
10:38:56:022;ERR;[GetEmptyPltRequest] .. Failed to establish a connection to '10.117.3.174'.
  SELECT  * 
   FROM  HOST_EMPTY_PLT 
  WHERE  WH_TYP = @WH_TYP
    AND  KIND   = @KIND
    AND  STN    = @STN
    AND (STATUS = 'Q' OR LUGG_NO <> '0')
  ORDER  BY     UPD_DT
10:38:56:089;ERR;[GetEmptyPltRequest] .. Failed to establish a connection to '10.117.3.174'.
  SELECT  * 
   FROM  HOST_EMPTY_PLT 
  WHERE  WH_TYP = @WH_TYP
    AND  KIND   = @KIND
    AND  STN    = @STN
    AND (STATUS = 'Q' OR LUGG_NO <> '0')
  ORDER  BY     UPD_DT
10:38:56:091;IMP;이상 발생.DB Logout...
10:38:56:093;IMP;통신 쓰레드를 종료합니다.
10:39:00:126;IMP;DB 로그인 중...
10:39:00:130;IMP;DB 로그인 성공.
10:39:02:132;IMP;통신이 연결되었습니다.
10:39:02:508;ERR;[GetEmptyPltRequest] .. Failed to establish a connection to '10.117.3.174'.
  SELECT  * 
   FROM  HOST_EMPTY_PLT 
  WHERE  WH_TYP = @WH_TYP
    AND  KIND   = @KIND
    AND  STN    = @STN
    AND (STATUS = 'Q' OR LUGG_NO <> '0')
  ORDER  BY     UPD_DT
10:39:02:559;ERR;[GetEmptyPltRequest] .. Failed to establish a connection to '10.117.3.174'.
  SELECT  * 
   FROM  HOST_EMPTY_PLT 
  WHERE  WH_TYP = @WH_TYP
    AND  KIND   = @KIND
    AND  STN    = @STN
    AND (STATUS = 'Q' OR LUGG_NO <> '0')
  ORDER  BY     UPD_DT
10:39:02:609;ERR;[GetEmptyPltRequest] .. Failed to establish a connection to '10.117.3.174'.
  SELECT  * 
   FROM  HOST_EMPTY_PLT 
  WHERE  WH_TYP = @WH_TYP
    AND  KIND   = @KIND
    AND  STN    = @STN
    AND (STATUS = 'Q' OR LUGG_NO <> '0')
  ORDER  BY     UPD_DT
10:39:02:672;ERR;[GetEmptyPltRequest] .. Failed to establish a connection to '10.117.3.174'.
  SELECT  * 
   FROM  HOST_EMPTY_PLT 
  WHERE  WH_TYP = @WH_TYP
    AND  KIND   = @KIND
    AND  STN    = @STN
    AND (STATUS = 'Q' OR LUGG_NO <> '0')
  ORDER  BY     UPD_DT
10:39:02:679;IMP;이상 발생.DB Logout...
10:39:02:682;IMP;통신 쓰레드를 종료합니다.
10:39:06:730;IMP;DB 로그인 중...
10:39:06:734;IMP;DB 로그인 성공.
10:39:08:737;IMP;통신이 연결되었습니다.
10:39:09:118;ERR;[GetEmptyPltRequest] .. Failed to establish a connection to '10.117.3.174'.
  SELECT  * 
   FROM  HOST_EMPTY_PLT 
  WHERE  WH_TYP = @WH_TYP
    AND  KIND   = @KIND
    AND  STN    = @STN
    AND (STATUS = 'Q' OR LUGG_NO <> '0')
  ORDER  BY     UPD_DT
10:39:09:165;ERR;[GetEmptyPltRequest] .. Failed to establish a connection to '10.117.3.174'.
  SELECT  * 
   FROM  HOST_EMPTY_PLT 
  WHERE  WH_TYP = @WH_TYP
    AND  KIND   = @KIND
    AND  STN    = @STN
    AND (STATUS = 'Q' OR LUGG_NO <> '0')
  ORDER  BY     UPD_DT
10:39:09:217;ERR;[GetEmptyPltRequest] .. Failed to establish a connection to '10.117.3.174'.
  SELECT  * 
   FROM  HOST_EMPTY_PLT 
  WHERE  WH_TYP = @WH_TYP
    AND  KIND   = @KIND
    AND  STN    = @STN
    AND (STATUS = 'Q' OR LUGG_NO <> '0')
  ORDER  BY     UPD_DT
10:39:09:268;ERR;[GetEmptyPltRequest] .. Failed to establish a connection to '10.117.3.174'.
  SELECT  * 
   FROM  HOST_EMPTY_PLT 
  WHERE  WH_TYP = @WH_TYP
    AND  KIND   = @KIND
    AND  STN    = @STN
    AND (STATUS = 'Q' OR LUGG_NO <> '0')
  ORDER  BY     UPD_DT
10:39:09:270;IMP;이상 발생.DB Logout...
10:39:09:271;IMP;통신 쓰레드를 종료합니다.
10:39:13:294;IMP;DB 로그인 중...
10:39:13:298;IMP;DB 로그인 성공.
10:39:15:301;IMP;통신이 연결되었습니다.
10:39:15:698;ERR;[GetEmptyPltRequest] .. Failed to establish a connection to '10.117.3.174'.
  SELECT  * 
   FROM  HOST_EMPTY_PLT 
  WHERE  WH_TYP = @WH_TYP
    AND  KIND   = @KIND
    AND  STN    = @STN
    AND (STATUS = 'Q' OR LUGG_NO <> '0')
  ORDER  BY     UPD_DT
10:39:15:751;ERR;[GetEmptyPltRequest] .. Failed to establish a connection to '10.117.3.174'.
  SELECT  * 
   FROM  HOST_EMPTY_PLT 
  WHERE  WH_TYP = @WH_TYP
    AND  KIND   = @KIND
    AND  STN    = @STN
    AND (STATUS = 'Q' OR LUGG_NO <> '0')
  ORDER  BY     UPD_DT
10:39:15:803;ERR;[GetEmptyPltRequest] .. Failed to establish a connection to '10.117.3.174'.
  SELECT  * 
   FROM  HOST_EMPTY_PLT 
  WHERE  WH_TYP = @WH_TYP
    AND  KIND   = @KIND
    AND  STN    = @STN
    AND (STATUS = 'Q' OR LUGG_NO <> '0')
  ORDER  BY     UPD_DT
10:39:15:854;ERR;[GetEmptyPltRequest] .. Failed to establish a connection to '10.117.3.174'.
  SELECT  * 
   FROM  HOST_EMPTY_PLT 
  WHERE  WH_TYP = @WH_TYP
    AND  KIND   = @KIND
    AND  STN    = @STN
    AND (STATUS = 'Q' OR LUGG_NO <> '0')
  ORDER  BY     UPD_DT
10:39:15:855;IMP;이상 발생.DB Logout...
10:39:15:856;IMP;통신 쓰레드를 종료합니다.
10:39:19:874;IMP;DB 로그인 중...
10:39:19:877;IMP;DB 로그인 성공.
10:39:21:880;IMP;통신이 연결되었습니다.
10:39:22:255;ERR;[GetEmptyPltRequest] .. Failed to establish a connection to '10.117.3.174'.
  SELECT  * 
   FROM  HOST_EMPTY_PLT 
  WHERE  WH_TYP = @WH_TYP
    AND  KIND   = @KIND
    AND  STN    = @STN
    AND (STATUS = 'Q' OR LUGG_NO <> '0')
  ORDER  BY     UPD_DT
10:39:22:311;ERR;[GetEmptyPltRequest] .. Failed to establish a connection to '10.117.3.174'.
  SELECT  * 
   FROM  HOST_EMPTY_PLT 
  WHERE  WH_TYP = @WH_TYP
    AND  KIND   = @KIND
    AND  STN    = @STN
    AND (STATUS = 'Q' OR LUGG_NO <> '0')
  ORDER  BY     UPD_DT
10:39:22:362;ERR;[GetEmptyPltRequest] .. Failed to establish a connection to '10.117.3.174'.
  SELECT  * 
   FROM  HOST_EMPTY_PLT 
  WHERE  WH_TYP = @WH_TYP
    AND  KIND   = @KIND
    AND  STN    = @STN
    AND (STATUS = 'Q' OR LUGG_NO <> '0')
  ORDER  BY     UPD_DT
10:39:22:414;ERR;[GetEmptyPltRequest] .. Failed to establish a connection to '10.117.3.174'.
  SELECT  * 
   FROM  HOST_EMPTY_PLT 
  WHERE  WH_TYP = @WH_TYP
    AND  KIND   = @KIND
    AND  STN    = @STN
    AND (STATUS = 'Q' OR LUGG_NO <> '0')
  ORDER  BY     UPD_DT
10:39:22:416;IMP;이상 발생.DB Logout...
10:39:22:418;IMP;통신 쓰레드를 종료합니다.
10:39:26:440;IMP;DB 로그인 중...
10:39:26:445;IMP;DB 로그인 성공.
10:39:28:449;IMP;통신이 연결되었습니다.
10:39:28:849;ERR;[GetEmptyPltRequest] .. Failed to establish a connection to '10.117.3.174'.
  SELECT  * 
   FROM  HOST_EMPTY_PLT 
  WHERE  WH_TYP = @WH_TYP
    AND  KIND   = @KIND
    AND  STN    = @STN
    AND (STATUS = 'Q' OR LUGG_NO <> '0')
  ORDER  BY     UPD_DT
10:39:28:901;ERR;[GetEmptyPltRequest] .. Failed to establish a connection to '10.117.3.174'.
  SELECT  * 
   FROM  HOST_EMPTY_PLT 
  WHERE  WH_TYP = @WH_TYP
    AND  KIND   = @KIND
    AND  STN    = @STN
    AND (STATUS = 'Q' OR LUGG_NO <> '0')
  ORDER  BY     UPD_DT
10:39:28:949;ERR;[GetEmptyPltRequest] .. Failed to establish a connection to '10.117.3.174'.
  SELECT  * 
   FROM  HOST_EMPTY_PLT 
  WHERE  WH_TYP = @WH_TYP
    AND  KIND   = @KIND
    AND  STN    = @STN
    AND (STATUS = 'Q' OR LUGG_NO <> '0')
  ORDER  BY     UPD_DT
10:39:29:001;ERR;[GetEmptyPltRequest] .. Failed to establish a connection to '10.117.3.174'.
  SELECT  * 
   FROM  HOST_EMPTY_PLT 
  WHERE  WH_TYP = @WH_TYP
    AND  KIND   = @KIND
    AND  STN    = @STN
    AND (STATUS = 'Q' OR LUGG_NO <> '0')
  ORDER  BY     UPD_DT
10:39:29:002;IMP;이상 발생.DB Logout...
10:39:29:004;IMP;통신 쓰레드를 종료합니다.
10:39:33:048;IMP;DB 로그인 중...
10:39:33:053;IMP;DB 로그인 성공.
10:39:35:054;IMP;통신이 연결되었습니다.
10:39:35:517;ERR;[GetEmptyPltRequest] .. Failed to establish a connection to '10.117.3.174'.
  SELECT  * 
   FROM  HOST_EMPTY_PLT 
  WHERE  WH_TYP = @WH_TYP
    AND  KIND   = @KIND
    AND  STN    = @STN
    AND (STATUS = 'Q' OR LUGG_NO <> '0')
  ORDER  BY     UPD_DT
10:39:35:570;ERR;[GetEmptyPltRequest] .. Failed to establish a connection to '10.117.3.174'.
  SELECT  * 
   FROM  HOST_EMPTY_PLT 
  WHERE  WH_TYP = @WH_TYP
    AND  KIND   = @KIND
    AND  STN    = @STN
    AND (STATUS = 'Q' OR LUGG_NO <> '0')
  ORDER  BY     UPD_DT
10:39:35:621;ERR;[GetEmptyPltRequest] .. Failed to establish a connection to '10.117.3.174'.
  SELECT  * 
   FROM  HOST_EMPTY_PLT 
  WHERE  WH_TYP = @WH_TYP
    AND  KIND   = @KIND
    AND  STN    = @STN
    AND (STATUS = 'Q' OR LUGG_NO <> '0')
  ORDER  BY     UPD_DT
10:39:35:679;ERR;[GetEmptyPltRequest] .. Failed to establish a connection to '10.117.3.174'.
  SELECT  * 
   FROM  HOST_EMPTY_PLT 
  WHERE  WH_TYP = @WH_TYP
    AND  KIND   = @KIND
    AND  STN    = @STN
    AND (STATUS = 'Q' OR LUGG_NO <> '0')
  ORDER  BY     UPD_DT
10:39:35:684;IMP;이상 발생.DB Logout...
10:39:35:688;IMP;통신 쓰레드를 종료합니다.
10:39:39:719;IMP;DB 로그인 중...
10:39:39:724;IMP;DB 로그인 성공.
10:39:41:726;IMP;통신이 연결되었습니다.
10:39:42:106;ERR;[GetEmptyPltRequest] .. Failed to establish a connection to '10.117.3.174'.
  SELECT  * 
   FROM  HOST_EMPTY_PLT 
  WHERE  WH_TYP = @WH_TYP
    AND  KIND   = @KIND
    AND  STN    = @STN
    AND (STATUS = 'Q' OR LUGG_NO <> '0')
  ORDER  BY     UPD_DT
10:39:42:163;ERR;[GetEmptyPltRequest] .. Failed to establish a connection to '10.117.3.174'.
  SELECT  * 
   FROM  HOST_EMPTY_PLT 
  WHERE  WH_TYP = @WH_TYP
    AND  KIND   = @KIND
    AND  STN    = @STN
    AND (STATUS = 'Q' OR LUGG_NO <> '0')
  ORDER  BY     UPD_DT
10:39:42:216;ERR;[GetEmptyPltRequest] .. Failed to establish a connection to '10.117.3.174'.
  SELECT  * 
   FROM  HOST_EMPTY_PLT 
  WHERE  WH_TYP = @WH_TYP
    AND  KIND   = @KIND
    AND  STN    = @STN
    AND (STATUS = 'Q' OR LUGG_NO <> '0')
  ORDER  BY     UPD_DT
10:39:42:304;ERR;[GetEmptyPltRequest] .. Failed to establish a connection to '10.117.3.174'.
  SELECT  * 
   FROM  HOST_EMPTY_PLT 
  WHERE  WH_TYP = @WH_TYP
    AND  KIND   = @KIND
    AND  STN    = @STN
    AND (STATUS = 'Q' OR LUGG_NO <> '0')
  ORDER  BY     UPD_DT
10:39:42:305;IMP;이상 발생.DB Logout...
10:39:42:306;IMP;통신 쓰레드를 종료합니다.
10:39:46:332;IMP;DB 로그인 중...
10:39:46:336;IMP;DB 로그인 성공.
10:39:48:340;IMP;통신이 연결되었습니다.
10:39:48:790;ERR;[GetEmptyPltRequest] .. Failed to establish a connection to '10.117.3.174'.
  SELECT  * 
   FROM  HOST_EMPTY_PLT 
  WHERE  WH_TYP = @WH_TYP
    AND  KIND   = @KIND
    AND  STN    = @STN
    AND (STATUS = 'Q' OR LUGG_NO <> '0')
  ORDER  BY     UPD_DT
10:39:48:843;ERR;[GetEmptyPltRequest] .. Failed to establish a connection to '10.117.3.174'.
  SELECT  * 
   FROM  HOST_EMPTY_PLT 
  WHERE  WH_TYP = @WH_TYP
    AND  KIND   = @KIND
    AND  STN    = @STN
    AND (STATUS = 'Q' OR LUGG_NO <> '0')
  ORDER  BY     UPD_DT
10:39:48:888;ERR;[GetEmptyPltRequest] .. Failed to establish a connection to '10.117.3.174'.
  SELECT  * 
   FROM  HOST_EMPTY_PLT 
  WHERE  WH_TYP = @WH_TYP
    AND  KIND   = @KIND
    AND  STN    = @STN
    AND (STATUS = 'Q' OR LUGG_NO <> '0')
  ORDER  BY     UPD_DT
10:39:48:936;ERR;[GetEmptyPltRequest] .. Failed to establish a connection to '10.117.3.174'.
  SELECT  * 
   FROM  HOST_EMPTY_PLT 
  WHERE  WH_TYP = @WH_TYP
    AND  KIND   = @KIND
    AND  STN    = @STN
    AND (STATUS = 'Q' OR LUGG_NO <> '0')
  ORDER  BY     UPD_DT
10:39:48:937;IMP;이상 발생.DB Logout...
10:39:48:938;IMP;통신 쓰레드를 종료합니다.
10:39:52:964;IMP;DB 로그인 중...
10:39:52:968;IMP;DB 로그인 성공.
10:39:54:972;IMP;통신이 연결되었습니다.
10:39:55:345;ERR;[GetEmptyPltRequest] .. Failed to establish a connection to '10.117.3.174'.
  SELECT  * 
   FROM  HOST_EMPTY_PLT 
  WHERE  WH_TYP = @WH_TYP
    AND  KIND   = @KIND
    AND  STN    = @STN
    AND (STATUS = 'Q' OR LUGG_NO <> '0')
  ORDER  BY     UPD_DT
10:39:55:396;ERR;[GetEmptyPltRequest] .. Failed to establish a connection to '10.117.3.174'.
  SELECT  * 
   FROM  HOST_EMPTY_PLT 
  WHERE  WH_TYP = @WH_TYP
    AND  KIND   = @KIND
    AND  STN    = @STN
    AND (STATUS = 'Q' OR LUGG_NO <> '0')
  ORDER  BY     UPD_DT
10:39:55:451;ERR;[GetEmptyPltRequest] .. Failed to establish a connection to '10.117.3.174'.
  SELECT  * 
   FROM  HOST_EMPTY_PLT 
  WHERE  WH_TYP = @WH_TYP
    AND  KIND   = @KIND
    AND  STN    = @STN
    AND (STATUS = 'Q' OR LUGG_NO <> '0')
  ORDER  BY     UPD_DT
10:39:55:504;ERR;[GetEmptyPltRequest] .. Failed to establish a connection to '10.117.3.174'.
  SELECT  * 
   FROM  HOST_EMPTY_PLT 
  WHERE  WH_TYP = @WH_TYP
    AND  KIND   = @KIND
    AND  STN    = @STN
    AND (STATUS = 'Q' OR LUGG_NO <> '0')
  ORDER  BY     UPD_DT
10:39:55:505;IMP;이상 발생.DB Logout...
10:39:55:506;IMP;통신 쓰레드를 종료합니다.
10:39:59:560;IMP;DB 로그인 중...
10:39:59:567;IMP;DB 로그인 성공.
10:40:01:568;IMP;통신이 연결되었습니다.
10:40:01:969;ERR;[GetEmptyPltRequest] .. Failed to establish a connection to '10.117.3.174'.
  SELECT  * 
   FROM  HOST_EMPTY_PLT 
  WHERE  WH_TYP = @WH_TYP
    AND  KIND   = @KIND
    AND  STN    = @STN
    AND (STATUS = 'Q' OR LUGG_NO <> '0')
  ORDER  BY     UPD_DT
10:40:02:034;ERR;[GetEmptyPltRequest] .. Failed to establish a connection to '10.117.3.174'.
  SELECT  * 
   FROM  HOST_EMPTY_PLT 
  WHERE  WH_TYP = @WH_TYP
    AND  KIND   = @KIND
    AND  STN    = @STN
    AND (STATUS = 'Q' OR LUGG_NO <> '0')
  ORDER  BY     UPD_DT
10:40:02:085;ERR;[GetEmptyPltRequest] .. Failed to establish a connection to '10.117.3.174'.
  SELECT  * 
   FROM  HOST_EMPTY_PLT 
  WHERE  WH_TYP = @WH_TYP
    AND  KIND   = @KIND
    AND  STN    = @STN
    AND (STATUS = 'Q' OR LUGG_NO <> '0')
  ORDER  BY     UPD_DT
10:40:02:132;ERR;[GetEmptyPltRequest] .. Failed to establish a connection to '10.117.3.174'.
  SELECT  * 
   FROM  HOST_EMPTY_PLT 
  WHERE  WH_TYP = @WH_TYP
    AND  KIND   = @KIND
    AND  STN    = @STN
    AND (STATUS = 'Q' OR LUGG_NO <> '0')
  ORDER  BY     UPD_DT
10:40:02:134;IMP;이상 발생.DB Logout...
10:40:02:136;IMP;통신 쓰레드를 종료합니다.
10:40:06:200;IMP;DB 로그인 중...
10:40:06:207;IMP;DB 로그인 성공.
10:40:08:210;IMP;통신이 연결되었습니다.
10:40:08:588;ERR;[GetEmptyPltRequest] .. Failed to establish a connection to '10.117.3.174'.
  SELECT  * 
   FROM  HOST_EMPTY_PLT 
  WHERE  WH_TYP = @WH_TYP
    AND  KIND   = @KIND
    AND  STN    = @STN
    AND (STATUS = 'Q' OR LUGG_NO <> '0')
  ORDER  BY     UPD_DT
10:40:08:640;ERR;[GetEmptyPltRequest] .. Failed to establish a connection to '10.117.3.174'.
  SELECT  * 
   FROM  HOST_EMPTY_PLT 
  WHERE  WH_TYP = @WH_TYP
    AND  KIND   = @KIND
    AND  STN    = @STN
    AND (STATUS = 'Q' OR LUGG_NO <> '0')
  ORDER  BY     UPD_DT
10:40:08:699;ERR;[GetEmptyPltRequest] .. Failed to establish a connection to '10.117.3.174'.
  SELECT  * 
   FROM  HOST_EMPTY_PLT 
  WHERE  WH_TYP = @WH_TYP
    AND  KIND   = @KIND
    AND  STN    = @STN
    AND (STATUS = 'Q' OR LUGG_NO <> '0')
  ORDER  BY     UPD_DT
10:40:08:753;ERR;[GetEmptyPltRequest] .. Failed to establish a connection to '10.117.3.174'.
  SELECT  * 
   FROM  HOST_EMPTY_PLT 
  WHERE  WH_TYP = @WH_TYP
    AND  KIND   = @KIND
    AND  STN    = @STN
    AND (STATUS = 'Q' OR LUGG_NO <> '0')
  ORDER  BY     UPD_DT
10:40:08:755;IMP;이상 발생.DB Logout...
10:40:08:756;IMP;통신 쓰레드를 종료합니다.
10:40:12:780;IMP;DB 로그인 중...
10:40:12:784;IMP;DB 로그인 성공.
10:40:14:790;IMP;통신이 연결되었습니다.
10:40:15:237;ERR;[GetEmptyPltRequest] .. Failed to establish a connection to '10.117.3.174'.
  SELECT  * 
   FROM  HOST_EMPTY_PLT 
  WHERE  WH_TYP = @WH_TYP
    AND  KIND   = @KIND
    AND  STN    = @STN
    AND (STATUS = 'Q' OR LUGG_NO <> '0')
  ORDER  BY     UPD_DT
10:40:15:298;ERR;[GetEmptyPltRequest] .. Failed to establish a connection to '10.117.3.174'.
  SELECT  * 
   FROM  HOST_EMPTY_PLT 
  WHERE  WH_TYP = @WH_TYP
    AND  KIND   = @KIND
    AND  STN    = @STN
    AND (STATUS = 'Q' OR LUGG_NO <> '0')
  ORDER  BY     UPD_DT
10:40:15:349;ERR;[GetEmptyPltRequest] .. Failed to establish a connection to '10.117.3.174'.
  SELECT  * 
   FROM  HOST_EMPTY_PLT 
  WHERE  WH_TYP = @WH_TYP
    AND  KIND   = @KIND
    AND  STN    = @STN
    AND (STATUS = 'Q' OR LUGG_NO <> '0')
  ORDER  BY     UPD_DT
10:40:15:401;ERR;[GetEmptyPltRequest] .. Failed to establish a connection to '10.117.3.174'.
  SELECT  * 
   FROM  HOST_EMPTY_PLT 
  WHERE  WH_TYP = @WH_TYP
    AND  KIND   = @KIND
    AND  STN    = @STN
    AND (STATUS = 'Q' OR LUGG_NO <> '0')
  ORDER  BY     UPD_DT
10:40:15:403;IMP;이상 발생.DB Logout...
10:40:15:404;IMP;통신 쓰레드를 종료합니다.
10:40:19:430;IMP;DB 로그인 중...
10:40:19:435;IMP;DB 로그인 성공.
10:40:21:439;IMP;통신이 연결되었습니다.
10:40:21:846;ERR;[GetEmptyPltRequest] .. Failed to establish a connection to '10.117.3.174'.
  SELECT  * 
   FROM  HOST_EMPTY_PLT 
  WHERE  WH_TYP = @WH_TYP
    AND  KIND   = @KIND
    AND  STN    = @STN
    AND (STATUS = 'Q' OR LUGG_NO <> '0')
  ORDER  BY     UPD_DT
10:40:21:901;ERR;[GetEmptyPltRequest] .. Failed to establish a connection to '10.117.3.174'.
  SELECT  * 
   FROM  HOST_EMPTY_PLT 
  WHERE  WH_TYP = @WH_TYP
    AND  KIND   = @KIND
    AND  STN    = @STN
    AND (STATUS = 'Q' OR LUGG_NO <> '0')
  ORDER  BY     UPD_DT
10:40:21:953;ERR;[GetEmptyPltRequest] .. Failed to establish a connection to '10.117.3.174'.
  SELECT  * 
   FROM  HOST_EMPTY_PLT 
  WHERE  WH_TYP = @WH_TYP
    AND  KIND   = @KIND
    AND  STN    = @STN
    AND (STATUS = 'Q' OR LUGG_NO <> '0')
  ORDER  BY     UPD_DT
10:40:22:005;ERR;[GetEmptyPltRequest] .. Failed to establish a connection to '10.117.3.174'.
  SELECT  * 
   FROM  HOST_EMPTY_PLT 
  WHERE  WH_TYP = @WH_TYP
    AND  KIND   = @KIND
    AND  STN    = @STN
    AND (STATUS = 'Q' OR LUGG_NO <> '0')
  ORDER  BY     UPD_DT
10:40:22:006;IMP;이상 발생.DB Logout...
10:40:22:007;IMP;통신 쓰레드를 종료합니다.
10:40:26:030;IMP;DB 로그인 중...
10:40:26:033;IMP;DB 로그인 성공.
10:40:28:038;IMP;통신이 연결되었습니다.
10:40:28:440;ERR;[GetEmptyPltRequest] .. Failed to establish a connection to '10.117.3.174'.
  SELECT  * 
   FROM  HOST_EMPTY_PLT 
  WHERE  WH_TYP = @WH_TYP
    AND  KIND   = @KIND
    AND  STN    = @STN
    AND (STATUS = 'Q' OR LUGG_NO <> '0')
  ORDER  BY     UPD_DT
10:40:28:494;ERR;[GetEmptyPltRequest] .. Failed to establish a connection to '10.117.3.174'.
  SELECT  * 
   FROM  HOST_EMPTY_PLT 
  WHERE  WH_TYP = @WH_TYP
    AND  KIND   = @KIND
    AND  STN    = @STN
    AND (STATUS = 'Q' OR LUGG_NO <> '0')
  ORDER  BY     UPD_DT
10:40:28:552;ERR;[GetEmptyPltRequest] .. Failed to establish a connection to '10.117.3.174'.
  SELECT  * 
   FROM  HOST_EMPTY_PLT 
  WHERE  WH_TYP = @WH_TYP
    AND  KIND   = @KIND
    AND  STN    = @STN
    AND (STATUS = 'Q' OR LUGG_NO <> '0')
  ORDER  BY     UPD_DT
10:40:28:606;ERR;[GetEmptyPltRequest] .. Failed to establish a connection to '10.117.3.174'.
  SELECT  * 
   FROM  HOST_EMPTY_PLT 
  WHERE  WH_TYP = @WH_TYP
    AND  KIND   = @KIND
    AND  STN    = @STN
    AND (STATUS = 'Q' OR LUGG_NO <> '0')
  ORDER  BY     UPD_DT
10:40:28:607;IMP;이상 발생.DB Logout...
10:40:28:608;IMP;통신 쓰레드를 종료합니다.
10:40:32:630;IMP;DB 로그인 중...
10:40:32:633;IMP;DB 로그인 성공.
10:40:34:636;IMP;통신이 연결되었습니다.
10:40:35:005;ERR;[GetEmptyPltRequest] .. Failed to establish a connection to '10.117.3.174'.
  SELECT  * 
   FROM  HOST_EMPTY_PLT 
  WHERE  WH_TYP = @WH_TYP
    AND  KIND   = @KIND
    AND  STN    = @STN
    AND (STATUS = 'Q' OR LUGG_NO <> '0')
  ORDER  BY     UPD_DT
10:40:35:061;ERR;[GetEmptyPltRequest] .. Failed to establish a connection to '10.117.3.174'.
  SELECT  * 
   FROM  HOST_EMPTY_PLT 
  WHERE  WH_TYP = @WH_TYP
    AND  KIND   = @KIND
    AND  STN    = @STN
    AND (STATUS = 'Q' OR LUGG_NO <> '0')
  ORDER  BY     UPD_DT
10:40:35:112;ERR;[GetEmptyPltRequest] .. Failed to establish a connection to '10.117.3.174'.
  SELECT  * 
   FROM  HOST_EMPTY_PLT 
  WHERE  WH_TYP = @WH_TYP
    AND  KIND   = @KIND
    AND  STN    = @STN
    AND (STATUS = 'Q' OR LUGG_NO <> '0')
  ORDER  BY     UPD_DT
10:40:35:164;ERR;[GetEmptyPltRequest] .. Failed to establish a connection to '10.117.3.174'.
  SELECT  * 
   FROM  HOST_EMPTY_PLT 
  WHERE  WH_TYP = @WH_TYP
    AND  KIND   = @KIND
    AND  STN    = @STN
    AND (STATUS = 'Q' OR LUGG_NO <> '0')
  ORDER  BY     UPD_DT
10:40:35:168;IMP;이상 발생.DB Logout...
10:40:35:170;IMP;통신 쓰레드를 종료합니다.
10:40:39:193;IMP;DB 로그인 중...
10:40:39:197;IMP;DB 로그인 성공.
10:40:41:200;IMP;통신이 연결되었습니다.
10:40:41:576;ERR;[GetEmptyPltRequest] .. Failed to establish a connection to '10.117.3.174'.
  SELECT  * 
   FROM  HOST_EMPTY_PLT 
  WHERE  WH_TYP = @WH_TYP
    AND  KIND   = @KIND
    AND  STN    = @STN
    AND (STATUS = 'Q' OR LUGG_NO <> '0')
  ORDER  BY     UPD_DT
10:40:41:629;ERR;[GetEmptyPltRequest] .. Failed to establish a connection to '10.117.3.174'.
  SELECT  * 
   FROM  HOST_EMPTY_PLT 
  WHERE  WH_TYP = @WH_TYP
    AND  KIND   = @KIND
    AND  STN    = @STN
    AND (STATUS = 'Q' OR LUGG_NO <> '0')
  ORDER  BY     UPD_DT
10:40:41:685;ERR;[GetEmptyPltRequest] .. Failed to establish a connection to '10.117.3.174'.
  SELECT  * 
   FROM  HOST_EMPTY_PLT 
  WHERE  WH_TYP = @WH_TYP
    AND  KIND   = @KIND
    AND  STN    = @STN
    AND (STATUS = 'Q' OR LUGG_NO <> '0')
  ORDER  BY     UPD_DT
10:40:41:743;ERR;[GetEmptyPltRequest] .. Failed to establish a connection to '10.117.3.174'.
  SELECT  * 
   FROM  HOST_EMPTY_PLT 
  WHERE  WH_TYP = @WH_TYP
    AND  KIND   = @KIND
    AND  STN    = @STN
    AND (STATUS = 'Q' OR LUGG_NO <> '0')
  ORDER  BY     UPD_DT
10:40:41:745;IMP;이상 발생.DB Logout...
10:40:41:747;IMP;통신 쓰레드를 종료합니다.
10:40:45:771;IMP;DB 로그인 중...
10:40:45:776;IMP;DB 로그인 성공.
10:40:47:779;IMP;통신이 연결되었습니다.
10:40:48:160;ERR;[GetEmptyPltRequest] .. Failed to establish a connection to '10.117.3.174'.
  SELECT  * 
   FROM  HOST_EMPTY_PLT 
  WHERE  WH_TYP = @WH_TYP
    AND  KIND   = @KIND
    AND  STN    = @STN
    AND (STATUS = 'Q' OR LUGG_NO <> '0')
  ORDER  BY     UPD_DT
10:40:48:215;ERR;[GetEmptyPltRequest] .. Failed to establish a connection to '10.117.3.174'.
  SELECT  * 
   FROM  HOST_EMPTY_PLT 
  WHERE  WH_TYP = @WH_TYP
    AND  KIND   = @KIND
    AND  STN    = @STN
    AND (STATUS = 'Q' OR LUGG_NO <> '0')
  ORDER  BY     UPD_DT
10:40:48:269;ERR;[GetEmptyPltRequest] .. Failed to establish a connection to '10.117.3.174'.
  SELECT  * 
   FROM  HOST_EMPTY_PLT 
  WHERE  WH_TYP = @WH_TYP
    AND  KIND   = @KIND
    AND  STN    = @STN
    AND (STATUS = 'Q' OR LUGG_NO <> '0')
  ORDER  BY     UPD_DT
10:40:48:326;ERR;[GetEmptyPltRequest] .. Failed to establish a connection to '10.117.3.174'.
  SELECT  * 
   FROM  HOST_EMPTY_PLT 
  WHERE  WH_TYP = @WH_TYP
    AND  KIND   = @KIND
    AND  STN    = @STN
    AND (STATUS = 'Q' OR LUGG_NO <> '0')
  ORDER  BY     UPD_DT
10:40:48:329;IMP;이상 발생.DB Logout...
10:40:48:330;IMP;통신 쓰레드를 종료합니다.
10:40:52:353;IMP;DB 로그인 중...
10:40:52:357;IMP;DB 로그인 성공.
10:40:54:359;IMP;통신이 연결되었습니다.
10:40:54:750;ERR;[GetEmptyPltRequest] .. Failed to establish a connection to '10.117.3.174'.
  SELECT  * 
   FROM  HOST_EMPTY_PLT 
  WHERE  WH_TYP = @WH_TYP
    AND  KIND   = @KIND
    AND  STN    = @STN
    AND (STATUS = 'Q' OR LUGG_NO <> '0')
  ORDER  BY     UPD_DT
10:40:54:808;ERR;[GetEmptyPltRequest] .. Failed to establish a connection to '10.117.3.174'.
  SELECT  * 
   FROM  HOST_EMPTY_PLT 
  WHERE  WH_TYP = @WH_TYP
    AND  KIND   = @KIND
    AND  STN    = @STN
    AND (STATUS = 'Q' OR LUGG_NO <> '0')
  ORDER  BY     UPD_DT
10:40:54:861;ERR;[GetEmptyPltRequest] .. Failed to establish a connection to '10.117.3.174'.
  SELECT  * 
   FROM  HOST_EMPTY_PLT 
  WHERE  WH_TYP = @WH_TYP
    AND  KIND   = @KIND
    AND  STN    = @STN
    AND (STATUS = 'Q' OR LUGG_NO <> '0')
  ORDER  BY     UPD_DT
10:40:54:915;ERR;[GetEmptyPltRequest] .. Failed to establish a connection to '10.117.3.174'.
  SELECT  * 
   FROM  HOST_EMPTY_PLT 
  WHERE  WH_TYP = @WH_TYP
    AND  KIND   = @KIND
    AND  STN    = @STN
    AND (STATUS = 'Q' OR LUGG_NO <> '0')
  ORDER  BY     UPD_DT
10:40:54:916;IMP;이상 발생.DB Logout...
10:40:54:918;IMP;통신 쓰레드를 종료합니다.
10:40:58:955;IMP;DB 로그인 중...
10:40:58:966;IMP;DB 로그인 성공.
10:41:00:969;IMP;통신이 연결되었습니다.
10:41:01:341;ERR;[GetEmptyPltRequest] .. Failed to establish a connection to '10.117.3.174'.
  SELECT  * 
   FROM  HOST_EMPTY_PLT 
  WHERE  WH_TYP = @WH_TYP
    AND  KIND   = @KIND
    AND  STN    = @STN
    AND (STATUS = 'Q' OR LUGG_NO <> '0')
  ORDER  BY     UPD_DT
10:41:01:394;ERR;[GetEmptyPltRequest] .. Failed to establish a connection to '10.117.3.174'.
  SELECT  * 
   FROM  HOST_EMPTY_PLT 
  WHERE  WH_TYP = @WH_TYP
    AND  KIND   = @KIND
    AND  STN    = @STN
    AND (STATUS = 'Q' OR LUGG_NO <> '0')
  ORDER  BY     UPD_DT
10:41:01:445;ERR;[GetEmptyPltRequest] .. Failed to establish a connection to '10.117.3.174'.
  SELECT  * 
   FROM  HOST_EMPTY_PLT 
  WHERE  WH_TYP = @WH_TYP
    AND  KIND   = @KIND
    AND  STN    = @STN
    AND (STATUS = 'Q' OR LUGG_NO <> '0')
  ORDER  BY     UPD_DT
10:41:01:496;ERR;[GetEmptyPltRequest] .. Failed to establish a connection to '10.117.3.174'.
  SELECT  * 
   FROM  HOST_EMPTY_PLT 
  WHERE  WH_TYP = @WH_TYP
    AND  KIND   = @KIND
    AND  STN    = @STN
    AND (STATUS = 'Q' OR LUGG_NO <> '0')
  ORDER  BY     UPD_DT
10:41:01:497;IMP;이상 발생.DB Logout...
10:41:01:497;IMP;통신 쓰레드를 종료합니다.
10:41:05:528;IMP;DB 로그인 중...
10:41:05:532;IMP;DB 로그인 성공.
10:41:07:534;IMP;통신이 연결되었습니다.
10:42:52:953;ERR;[GetEmptyPltRequest] .. Failed to establish a connection to '10.117.3.174'.
  SELECT  * 
   FROM  HOST_EMPTY_PLT 
  WHERE  WH_TYP = @WH_TYP
    AND  KIND   = @KIND
    AND  STN    = @STN
    AND (STATUS = 'Q' OR LUGG_NO <> '0')
  ORDER  BY     UPD_DT
10:43:08:013;ERR;[GetEmptyPltRequest] .. Failed to establish a connection to '10.117.3.174'.
  SELECT  * 
   FROM  HOST_EMPTY_PLT 
  WHERE  WH_TYP = @WH_TYP
    AND  KIND   = @KIND
    AND  STN    = @STN
    AND (STATUS = 'Q' OR LUGG_NO <> '0')
  ORDER  BY     UPD_DT
10:43:23:075;ERR;[GetEmptyPltRequest] .. Failed to establish a connection to '10.117.3.174'.
  SELECT  * 
   FROM  HOST_EMPTY_PLT 
  WHERE  WH_TYP = @WH_TYP
    AND  KIND   = @KIND
    AND  STN    = @STN
    AND (STATUS = 'Q' OR LUGG_NO <> '0')
  ORDER  BY     UPD_DT
10:43:38:131;ERR;[GetEmptyPltRequest] .. Failed to establish a connection to '10.117.3.174'.
  SELECT  * 
   FROM  HOST_EMPTY_PLT 
  WHERE  WH_TYP = @WH_TYP
    AND  KIND   = @KIND
    AND  STN    = @STN
    AND (STATUS = 'Q' OR LUGG_NO <> '0')
  ORDER  BY     UPD_DT
10:43:38:133;IMP;이상 발생.DB Logout...
10:43:38:134;IMP;통신 쓰레드를 종료합니다.
10:43:42:159;IMP;DB 로그인 중...
10:43:42:163;IMP;DB 로그인 성공.
10:43:44:165;IMP;통신이 연결되었습니다.
10:45:29:536;ERR;[GetEmptyPltRequest] .. Failed to establish a connection to '10.117.3.174'.
  SELECT  * 
   FROM  HOST_EMPTY_PLT 
  WHERE  WH_TYP = @WH_TYP
    AND  KIND   = @KIND
    AND  STN    = @STN
    AND (STATUS = 'Q' OR LUGG_NO <> '0')
  ORDER  BY     UPD_DT
10:45:44:589;ERR;[GetEmptyPltRequest] .. Failed to establish a connection to '10.117.3.174'.
  SELECT  * 
   FROM  HOST_EMPTY_PLT 
  WHERE  WH_TYP = @WH_TYP
    AND  KIND   = @KIND
    AND  STN    = @STN
    AND (STATUS = 'Q' OR LUGG_NO <> '0')
  ORDER  BY     UPD_DT
10:45:59:639;ERR;[GetEmptyPltRequest] .. Failed to establish a connection to '10.117.3.174'.
  SELECT  * 
   FROM  HOST_EMPTY_PLT 
  WHERE  WH_TYP = @WH_TYP
    AND  KIND   = @KIND
    AND  STN    = @STN
    AND (STATUS = 'Q' OR LUGG_NO <> '0')
  ORDER  BY     UPD_DT
10:46:14:685;ERR;[GetEmptyPltRequest] .. Failed to establish a connection to '10.117.3.174'.
  SELECT  * 
   FROM  HOST_EMPTY_PLT 
  WHERE  WH_TYP = @WH_TYP
    AND  KIND   = @KIND
    AND  STN    = @STN
    AND (STATUS = 'Q' OR LUGG_NO <> '0')
  ORDER  BY     UPD_DT
10:46:14:688;IMP;이상 발생.DB Logout...
10:46:14:689;IMP;통신 쓰레드를 종료합니다.
10:46:18:709;IMP;DB 로그인 중...
10:46:18:714;IMP;DB 로그인 성공.
10:46:20:716;IMP;통신이 연결되었습니다.
10:48:05:973;ERR;[GetEmptyPltRequest] .. Failed to establish a connection to '10.117.3.174'.
  SELECT  * 
   FROM  HOST_EMPTY_PLT 
  WHERE  WH_TYP = @WH_TYP
    AND  KIND   = @KIND
    AND  STN    = @STN
    AND (STATUS = 'Q' OR LUGG_NO <> '0')
  ORDER  BY     UPD_DT
10:48:21:006;ERR;[GetEmptyPltRequest] .. Failed to establish a connection to '10.117.3.174'.
  SELECT  * 
   FROM  HOST_EMPTY_PLT 
  WHERE  WH_TYP = @WH_TYP
    AND  KIND   = @KIND
    AND  STN    = @STN
    AND (STATUS = 'Q' OR LUGG_NO <> '0')
  ORDER  BY     UPD_DT
10:48:36:041;ERR;[GetEmptyPltRequest] .. Failed to establish a connection to '10.117.3.174'.
  SELECT  * 
   FROM  HOST_EMPTY_PLT 
  WHERE  WH_TYP = @WH_TYP
    AND  KIND   = @KIND
    AND  STN    = @STN
    AND (STATUS = 'Q' OR LUGG_NO <> '0')
  ORDER  BY     UPD_DT
10:48:51:077;ERR;[GetEmptyPltRequest] .. Failed to establish a connection to '10.117.3.174'.
  SELECT  * 
   FROM  HOST_EMPTY_PLT 
  WHERE  WH_TYP = @WH_TYP
    AND  KIND   = @KIND
    AND  STN    = @STN
    AND (STATUS = 'Q' OR LUGG_NO <> '0')
  ORDER  BY     UPD_DT
10:48:51:079;IMP;이상 발생.DB Logout...
10:48:51:081;IMP;통신 쓰레드를 종료합니다.
10:48:55:102;IMP;DB 로그인 중...
10:48:55:107;IMP;DB 로그인 성공.
10:48:57:108;IMP;통신이 연결되었습니다.
10:50:42:385;ERR;[GetEmptyPltRequest] .. Failed to establish a connection to '10.117.3.174'.
  SELECT  * 
   FROM  HOST_EMPTY_PLT 
  WHERE  WH_TYP = @WH_TYP
    AND  KIND   = @KIND
    AND  STN    = @STN
    AND (STATUS = 'Q' OR LUGG_NO <> '0')
  ORDER  BY     UPD_DT
10:50:57:426;ERR;[GetEmptyPltRequest] .. Failed to establish a connection to '10.117.3.174'.
  SELECT  * 
   FROM  HOST_EMPTY_PLT 
  WHERE  WH_TYP = @WH_TYP
    AND  KIND   = @KIND
    AND  STN    = @STN
    AND (STATUS = 'Q' OR LUGG_NO <> '0')
  ORDER  BY     UPD_DT
10:51:12:465;ERR;[GetEmptyPltRequest] .. Failed to establish a connection to '10.117.3.174'.
  SELECT  * 
   FROM  HOST_EMPTY_PLT 
  WHERE  WH_TYP = @WH_TYP
    AND  KIND   = @KIND
    AND  STN    = @STN
    AND (STATUS = 'Q' OR LUGG_NO <> '0')
  ORDER  BY     UPD_DT
10:51:27:520;ERR;[GetEmptyPltRequest] .. Failed to establish a connection to '10.117.3.174'.
  SELECT  * 
   FROM  HOST_EMPTY_PLT 
  WHERE  WH_TYP = @WH_TYP
    AND  KIND   = @KIND
    AND  STN    = @STN
    AND (STATUS = 'Q' OR LUGG_NO <> '0')
  ORDER  BY     UPD_DT
10:51:27:522;IMP;이상 발생.DB Logout...
10:51:27:524;IMP;통신 쓰레드를 종료합니다.
10:51:31:548;IMP;DB 로그인 중...
10:51:31:552;IMP;DB 로그인 성공.
10:51:33:556;IMP;통신이 연결되었습니다.
10:53:18:924;ERR;[GetEmptyPltRequest] .. Failed to establish a connection to '10.117.3.174'.
  SELECT  * 
   FROM  HOST_EMPTY_PLT 
  WHERE  WH_TYP = @WH_TYP
    AND  KIND   = @KIND
    AND  STN    = @STN
    AND (STATUS = 'Q' OR LUGG_NO <> '0')
  ORDER  BY     UPD_DT
10:53:33:974;ERR;[GetEmptyPltRequest] .. Failed to establish a connection to '10.117.3.174'.
  SELECT  * 
   FROM  HOST_EMPTY_PLT 
  WHERE  WH_TYP = @WH_TYP
    AND  KIND   = @KIND
    AND  STN    = @STN
    AND (STATUS = 'Q' OR LUGG_NO <> '0')
  ORDER  BY     UPD_DT
10:53:49:023;ERR;[GetEmptyPltRequest] .. Failed to establish a connection to '10.117.3.174'.
  SELECT  * 
   FROM  HOST_EMPTY_PLT 
  WHERE  WH_TYP = @WH_TYP
    AND  KIND   = @KIND
    AND  STN    = @STN
    AND (STATUS = 'Q' OR LUGG_NO <> '0')
  ORDER  BY     UPD_DT
10:54:04:097;ERR;[GetEmptyPltRequest] .. Failed to establish a connection to '10.117.3.174'.
  SELECT  * 
   FROM  HOST_EMPTY_PLT 
  WHERE  WH_TYP = @WH_TYP
    AND  KIND   = @KIND
    AND  STN    = @STN
    AND (STATUS = 'Q' OR LUGG_NO <> '0')
  ORDER  BY     UPD_DT
10:54:04:098;IMP;이상 발생.DB Logout...
10:54:04:099;IMP;통신 쓰레드를 종료합니다.
10:54:08:122;IMP;DB 로그인 중...
10:54:08:126;IMP;DB 로그인 성공.
10:54:10:129;IMP;통신이 연결되었습니다.
10:55:55:508;ERR;[GetEmptyPltRequest] .. Failed to establish a connection to '10.117.3.174'.
  SELECT  * 
   FROM  HOST_EMPTY_PLT 
  WHERE  WH_TYP = @WH_TYP
    AND  KIND   = @KIND
    AND  STN    = @STN
    AND (STATUS = 'Q' OR LUGG_NO <> '0')
  ORDER  BY     UPD_DT
10:56:10:559;ERR;[GetEmptyPltRequest] .. Failed to establish a connection to '10.117.3.174'.
  SELECT  * 
   FROM  HOST_EMPTY_PLT 
  WHERE  WH_TYP = @WH_TYP
    AND  KIND   = @KIND
    AND  STN    = @STN
    AND (STATUS = 'Q' OR LUGG_NO <> '0')
  ORDER  BY     UPD_DT
10:56:25:607;ERR;[GetEmptyPltRequest] .. Failed to establish a connection to '10.117.3.174'.
  SELECT  * 
   FROM  HOST_EMPTY_PLT 
  WHERE  WH_TYP = @WH_TYP
    AND  KIND   = @KIND
    AND  STN    = @STN
    AND (STATUS = 'Q' OR LUGG_NO <> '0')
  ORDER  BY     UPD_DT
10:56:40:661;ERR;[GetEmptyPltRequest] .. Failed to establish a connection to '10.117.3.174'.
  SELECT  * 
   FROM  HOST_EMPTY_PLT 
  WHERE  WH_TYP = @WH_TYP
    AND  KIND   = @KIND
    AND  STN    = @STN
    AND (STATUS = 'Q' OR LUGG_NO <> '0')
  ORDER  BY     UPD_DT
10:56:40:663;IMP;이상 발생.DB Logout...
10:56:40:664;IMP;통신 쓰레드를 종료합니다.
10:56:44:687;IMP;DB 로그인 중...
10:56:44:691;IMP;DB 로그인 성공.
10:56:46:693;IMP;통신이 연결되었습니다.
10:58:32:078;ERR;[GetEmptyPltRequest] .. Failed to establish a connection to '10.117.3.174'.
  SELECT  * 
   FROM  HOST_EMPTY_PLT 
  WHERE  WH_TYP = @WH_TYP
    AND  KIND   = @KIND
    AND  STN    = @STN
    AND (STATUS = 'Q' OR LUGG_NO <> '0')
  ORDER  BY     UPD_DT
10:58:47:126;ERR;[GetEmptyPltRequest] .. Failed to establish a connection to '10.117.3.174'.
  SELECT  * 
   FROM  HOST_EMPTY_PLT 
  WHERE  WH_TYP = @WH_TYP
    AND  KIND   = @KIND
    AND  STN    = @STN
    AND (STATUS = 'Q' OR LUGG_NO <> '0')
  ORDER  BY     UPD_DT
10:59:02:180;ERR;[GetEmptyPltRequest] .. Failed to establish a connection to '10.117.3.174'.
  SELECT  * 
   FROM  HOST_EMPTY_PLT 
  WHERE  WH_TYP = @WH_TYP
    AND  KIND   = @KIND
    AND  STN    = @STN
    AND (STATUS = 'Q' OR LUGG_NO <> '0')
  ORDER  BY     UPD_DT
10:59:17:240;ERR;[GetEmptyPltRequest] .. Failed to establish a connection to '10.117.3.174'.
  SELECT  * 
   FROM  HOST_EMPTY_PLT 
  WHERE  WH_TYP = @WH_TYP
    AND  KIND   = @KIND
    AND  STN    = @STN
    AND (STATUS = 'Q' OR LUGG_NO <> '0')
  ORDER  BY     UPD_DT
10:59:17:242;IMP;이상 발생.DB Logout...
10:59:17:243;IMP;통신 쓰레드를 종료합니다.
10:59:21:266;IMP;DB 로그인 중...
10:59:21:272;IMP;DB 로그인 성공.
10:59:23:274;IMP;통신이 연결되었습니다.
11:01:08:640;ERR;[GetEmptyPltRequest] .. Failed to establish a connection to '10.117.3.174'.
  SELECT  * 
   FROM  HOST_EMPTY_PLT 
  WHERE  WH_TYP = @WH_TYP
    AND  KIND   = @KIND
    AND  STN    = @STN
    AND (STATUS = 'Q' OR LUGG_NO <> '0')
  ORDER  BY     UPD_DT
11:01:23:697;ERR;[GetEmptyPltRequest] .. Failed to establish a connection to '10.117.3.174'.
  SELECT  * 
   FROM  HOST_EMPTY_PLT 
  WHERE  WH_TYP = @WH_TYP
    AND  KIND   = @KIND
    AND  STN    = @STN
    AND (STATUS = 'Q' OR LUGG_NO <> '0')
  ORDER  BY     UPD_DT
11:01:38:748;ERR;[GetEmptyPltRequest] .. Failed to establish a connection to '10.117.3.174'.
  SELECT  * 
   FROM  HOST_EMPTY_PLT 
  WHERE  WH_TYP = @WH_TYP
    AND  KIND   = @KIND
    AND  STN    = @STN
    AND (STATUS = 'Q' OR LUGG_NO <> '0')
  ORDER  BY     UPD_DT
11:01:53:802;ERR;[GetEmptyPltRequest] .. Failed to establish a connection to '10.117.3.174'.
  SELECT  * 
   FROM  HOST_EMPTY_PLT 
  WHERE  WH_TYP = @WH_TYP
    AND  KIND   = @KIND
    AND  STN    = @STN
    AND (STATUS = 'Q' OR LUGG_NO <> '0')
  ORDER  BY     UPD_DT
11:01:53:804;IMP;이상 발생.DB Logout...
11:01:53:806;IMP;통신 쓰레드를 종료합니다.
11:01:57:841;IMP;DB 로그인 중...
11:01:57:846;IMP;DB 로그인 성공.
11:01:59:850;IMP;통신이 연결되었습니다.
11:03:45:255;ERR;[GetEmptyPltRequest] .. Failed to establish a connection to '10.117.3.174'.
  SELECT  * 
   FROM  HOST_EMPTY_PLT 
  WHERE  WH_TYP = @WH_TYP
    AND  KIND   = @KIND
    AND  STN    = @STN
    AND (STATUS = 'Q' OR LUGG_NO <> '0')
  ORDER  BY     UPD_DT
11:04:00:315;ERR;[GetEmptyPltRequest] .. Failed to establish a connection to '10.117.3.174'.
  SELECT  * 
   FROM  HOST_EMPTY_PLT 
  WHERE  WH_TYP = @WH_TYP
    AND  KIND   = @KIND
    AND  STN    = @STN
    AND (STATUS = 'Q' OR LUGG_NO <> '0')
  ORDER  BY     UPD_DT
11:04:15:373;ERR;[GetEmptyPltRequest] .. Failed to establish a connection to '10.117.3.174'.
  SELECT  * 
   FROM  HOST_EMPTY_PLT 
  WHERE  WH_TYP = @WH_TYP
    AND  KIND   = @KIND
    AND  STN    = @STN
    AND (STATUS = 'Q' OR LUGG_NO <> '0')
  ORDER  BY     UPD_DT
11:04:30:432;ERR;[GetEmptyPltRequest] .. Failed to establish a connection to '10.117.3.174'.
  SELECT  * 
   FROM  HOST_EMPTY_PLT 
  WHERE  WH_TYP = @WH_TYP
    AND  KIND   = @KIND
    AND  STN    = @STN
    AND (STATUS = 'Q' OR LUGG_NO <> '0')
  ORDER  BY     UPD_DT
11:04:30:436;IMP;이상 발생.DB Logout...
11:04:30:439;IMP;통신 쓰레드를 종료합니다.
11:04:34:463;IMP;DB 로그인 중...
11:04:34:469;IMP;DB 로그인 성공.
11:04:36:473;IMP;통신이 연결되었습니다.
11:06:21:881;ERR;[GetEmptyPltRequest] .. Failed to establish a connection to '10.117.3.174'.
  SELECT  * 
   FROM  HOST_EMPTY_PLT 
  WHERE  WH_TYP = @WH_TYP
    AND  KIND   = @KIND
    AND  STN    = @STN
    AND (STATUS = 'Q' OR LUGG_NO <> '0')
  ORDER  BY     UPD_DT
11:06:36:936;ERR;[GetEmptyPltRequest] .. Failed to establish a connection to '10.117.3.174'.
  SELECT  * 
   FROM  HOST_EMPTY_PLT 
  WHERE  WH_TYP = @WH_TYP
    AND  KIND   = @KIND
    AND  STN    = @STN
    AND (STATUS = 'Q' OR LUGG_NO <> '0')
  ORDER  BY     UPD_DT
11:06:51:998;ERR;[GetEmptyPltRequest] .. Failed to establish a connection to '10.117.3.174'.
  SELECT  * 
   FROM  HOST_EMPTY_PLT 
  WHERE  WH_TYP = @WH_TYP
    AND  KIND   = @KIND
    AND  STN    = @STN
    AND (STATUS = 'Q' OR LUGG_NO <> '0')
  ORDER  BY     UPD_DT
11:07:07:076;ERR;[GetEmptyPltRequest] .. Failed to establish a connection to '10.117.3.174'.
  SELECT  * 
   FROM  HOST_EMPTY_PLT 
  WHERE  WH_TYP = @WH_TYP
    AND  KIND   = @KIND
    AND  STN    = @STN
    AND (STATUS = 'Q' OR LUGG_NO <> '0')
  ORDER  BY     UPD_DT
11:07:07:079;IMP;이상 발생.DB Logout...
11:07:07:086;IMP;통신 쓰레드를 종료합니다.
11:07:11:112;IMP;DB 로그인 중...
11:07:11:118;IMP;DB 로그인 성공.
11:07:13:122;IMP;통신이 연결되었습니다.
11:08:58:615;ERR;[GetEmptyPltRequest] .. Failed to establish a connection to '10.117.3.174'.
  SELECT  * 
   FROM  HOST_EMPTY_PLT 
  WHERE  WH_TYP = @WH_TYP
    AND  KIND   = @KIND
    AND  STN    = @STN
    AND (STATUS = 'Q' OR LUGG_NO <> '0')
  ORDER  BY     UPD_DT
11:09:13:686;ERR;[GetEmptyPltRequest] .. Failed to establish a connection to '10.117.3.174'.
  SELECT  * 
   FROM  HOST_EMPTY_PLT 
  WHERE  WH_TYP = @WH_TYP
    AND  KIND   = @KIND
    AND  STN    = @STN
    AND (STATUS = 'Q' OR LUGG_NO <> '0')
  ORDER  BY     UPD_DT
11:09:28:747;ERR;[GetEmptyPltRequest] .. Failed to establish a connection to '10.117.3.174'.
  SELECT  * 
   FROM  HOST_EMPTY_PLT 
  WHERE  WH_TYP = @WH_TYP
    AND  KIND   = @KIND
    AND  STN    = @STN
    AND (STATUS = 'Q' OR LUGG_NO <> '0')
  ORDER  BY     UPD_DT
11:09:43:822;ERR;[GetEmptyPltRequest] .. Failed to establish a connection to '10.117.3.174'.
  SELECT  * 
   FROM  HOST_EMPTY_PLT 
  WHERE  WH_TYP = @WH_TYP
    AND  KIND   = @KIND
    AND  STN    = @STN
    AND (STATUS = 'Q' OR LUGG_NO <> '0')
  ORDER  BY     UPD_DT
11:09:43:823;IMP;이상 발생.DB Logout...
11:09:43:824;IMP;통신 쓰레드를 종료합니다.
11:09:47:868;IMP;DB 로그인 중...
11:09:47:872;IMP;DB 로그인 성공.
11:09:49:874;IMP;통신이 연결되었습니다.
11:11:35:431;ERR;[GetEmptyPltRequest] .. Failed to establish a connection to '10.117.3.174'.
  SELECT  * 
   FROM  HOST_EMPTY_PLT 
  WHERE  WH_TYP = @WH_TYP
    AND  KIND   = @KIND
    AND  STN    = @STN
    AND (STATUS = 'Q' OR LUGG_NO <> '0')
  ORDER  BY     UPD_DT
11:11:50:492;ERR;[GetEmptyPltRequest] .. Failed to establish a connection to '10.117.3.174'.
  SELECT  * 
   FROM  HOST_EMPTY_PLT 
  WHERE  WH_TYP = @WH_TYP
    AND  KIND   = @KIND
    AND  STN    = @STN
    AND (STATUS = 'Q' OR LUGG_NO <> '0')
  ORDER  BY     UPD_DT
11:12:05:560;ERR;[GetEmptyPltRequest] .. Failed to establish a connection to '10.117.3.174'.
  SELECT  * 
   FROM  HOST_EMPTY_PLT 
  WHERE  WH_TYP = @WH_TYP
    AND  KIND   = @KIND
    AND  STN    = @STN
    AND (STATUS = 'Q' OR LUGG_NO <> '0')
  ORDER  BY     UPD_DT
11:12:20:646;ERR;[GetEmptyPltRequest] .. Failed to establish a connection to '10.117.3.174'.
  SELECT  * 
   FROM  HOST_EMPTY_PLT 
  WHERE  WH_TYP = @WH_TYP
    AND  KIND   = @KIND
    AND  STN    = @STN
    AND (STATUS = 'Q' OR LUGG_NO <> '0')
  ORDER  BY     UPD_DT
11:12:20:648;IMP;이상 발생.DB Logout...
11:12:20:651;IMP;통신 쓰레드를 종료합니다.
11:12:24:674;IMP;DB 로그인 중...
11:12:24:679;IMP;DB 로그인 성공.
11:12:26:682;IMP;통신이 연결되었습니다.
11:14:12:157;ERR;[GetEmptyPltRequest] .. Failed to establish a connection to '10.117.3.174'.
  SELECT  * 
   FROM  HOST_EMPTY_PLT 
  WHERE  WH_TYP = @WH_TYP
    AND  KIND   = @KIND
    AND  STN    = @STN
    AND (STATUS = 'Q' OR LUGG_NO <> '0')
  ORDER  BY     UPD_DT
11:14:27:222;ERR;[GetEmptyPltRequest] .. Failed to establish a connection to '10.117.3.174'.
  SELECT  * 
   FROM  HOST_EMPTY_PLT 
  WHERE  WH_TYP = @WH_TYP
    AND  KIND   = @KIND
    AND  STN    = @STN
    AND (STATUS = 'Q' OR LUGG_NO <> '0')
  ORDER  BY     UPD_DT
11:14:42:290;ERR;[GetEmptyPltRequest] .. Failed to establish a connection to '10.117.3.174'.
  SELECT  * 
   FROM  HOST_EMPTY_PLT 
  WHERE  WH_TYP = @WH_TYP
    AND  KIND   = @KIND
    AND  STN    = @STN
    AND (STATUS = 'Q' OR LUGG_NO <> '0')
  ORDER  BY     UPD_DT
11:14:57:360;ERR;[GetEmptyPltRequest] .. Failed to establish a connection to '10.117.3.174'.
  SELECT  * 
   FROM  HOST_EMPTY_PLT 
  WHERE  WH_TYP = @WH_TYP
    AND  KIND   = @KIND
    AND  STN    = @STN
    AND (STATUS = 'Q' OR LUGG_NO <> '0')
  ORDER  BY     UPD_DT
11:14:57:364;IMP;이상 발생.DB Logout...
11:14:57:367;IMP;통신 쓰레드를 종료합니다.
11:15:01:392;IMP;DB 로그인 중...
11:15:01:398;IMP;DB 로그인 성공.
11:15:03:401;IMP;통신이 연결되었습니다.
11:16:48:929;ERR;[GetEmptyPltRequest] .. Failed to establish a connection to '10.117.3.174'.
  SELECT  * 
   FROM  HOST_EMPTY_PLT 
  WHERE  WH_TYP = @WH_TYP
    AND  KIND   = @KIND
    AND  STN    = @STN
    AND (STATUS = 'Q' OR LUGG_NO <> '0')
  ORDER  BY     UPD_DT
11:17:04:015;ERR;[GetEmptyPltRequest] .. Failed to establish a connection to '10.117.3.174'.
  SELECT  * 
   FROM  HOST_EMPTY_PLT 
  WHERE  WH_TYP = @WH_TYP
    AND  KIND   = @KIND
    AND  STN    = @STN
    AND (STATUS = 'Q' OR LUGG_NO <> '0')
  ORDER  BY     UPD_DT
11:17:19:085;ERR;[GetEmptyPltRequest] .. Failed to establish a connection to '10.117.3.174'.
  SELECT  * 
   FROM  HOST_EMPTY_PLT 
  WHERE  WH_TYP = @WH_TYP
    AND  KIND   = @KIND
    AND  STN    = @STN
    AND (STATUS = 'Q' OR LUGG_NO <> '0')
  ORDER  BY     UPD_DT
11:17:34:149;ERR;[GetEmptyPltRequest] .. Failed to establish a connection to '10.117.3.174'.
  SELECT  * 
   FROM  HOST_EMPTY_PLT 
  WHERE  WH_TYP = @WH_TYP
    AND  KIND   = @KIND
    AND  STN    = @STN
    AND (STATUS = 'Q' OR LUGG_NO <> '0')
  ORDER  BY     UPD_DT
11:17:34:151;IMP;이상 발생.DB Logout...
11:17:34:153;IMP;통신 쓰레드를 종료합니다.
11:17:38:177;IMP;DB 로그인 중...
11:17:38:183;IMP;DB 로그인 성공.
11:17:40:187;IMP;통신이 연결되었습니다.
11:19:25:650;ERR;[GetEmptyPltRequest] .. Failed to establish a connection to '10.117.3.174'.
  SELECT  * 
   FROM  HOST_EMPTY_PLT 
  WHERE  WH_TYP = @WH_TYP
    AND  KIND   = @KIND
    AND  STN    = @STN
    AND (STATUS = 'Q' OR LUGG_NO <> '0')
  ORDER  BY     UPD_DT
11:19:40:718;ERR;[GetEmptyPltRequest] .. Failed to establish a connection to '10.117.3.174'.
  SELECT  * 
   FROM  HOST_EMPTY_PLT 
  WHERE  WH_TYP = @WH_TYP
    AND  KIND   = @KIND
    AND  STN    = @STN
    AND (STATUS = 'Q' OR LUGG_NO <> '0')
  ORDER  BY     UPD_DT
11:19:55:800;ERR;[GetEmptyPltRequest] .. Failed to establish a connection to '10.117.3.174'.
  SELECT  * 
   FROM  HOST_EMPTY_PLT 
  WHERE  WH_TYP = @WH_TYP
    AND  KIND   = @KIND
    AND  STN    = @STN
    AND (STATUS = 'Q' OR LUGG_NO <> '0')
  ORDER  BY     UPD_DT
11:20:10:870;ERR;[GetEmptyPltRequest] .. Failed to establish a connection to '10.117.3.174'.
  SELECT  * 
   FROM  HOST_EMPTY_PLT 
  WHERE  WH_TYP = @WH_TYP
    AND  KIND   = @KIND
    AND  STN    = @STN
    AND (STATUS = 'Q' OR LUGG_NO <> '0')
  ORDER  BY     UPD_DT
11:20:10:873;IMP;이상 발생.DB Logout...
11:20:10:875;IMP;통신 쓰레드를 종료합니다.
11:20:14:900;IMP;DB 로그인 중...
11:20:14:906;IMP;DB 로그인 성공.
11:20:16:911;IMP;통신이 연결되었습니다.
11:22:02:376;ERR;[GetEmptyPltRequest] .. Failed to establish a connection to '10.117.3.174'.
  SELECT  * 
   FROM  HOST_EMPTY_PLT 
  WHERE  WH_TYP = @WH_TYP
    AND  KIND   = @KIND
    AND  STN    = @STN
    AND (STATUS = 'Q' OR LUGG_NO <> '0')
  ORDER  BY     UPD_DT
11:22:17:439;ERR;[GetEmptyPltRequest] .. Failed to establish a connection to '10.117.3.174'.
  SELECT  * 
   FROM  HOST_EMPTY_PLT 
  WHERE  WH_TYP = @WH_TYP
    AND  KIND   = @KIND
    AND  STN    = @STN
    AND (STATUS = 'Q' OR LUGG_NO <> '0')
  ORDER  BY     UPD_DT
11:22:32:503;ERR;[GetEmptyPltRequest] .. Failed to establish a connection to '10.117.3.174'.
  SELECT  * 
   FROM  HOST_EMPTY_PLT 
  WHERE  WH_TYP = @WH_TYP
    AND  KIND   = @KIND
    AND  STN    = @STN
    AND (STATUS = 'Q' OR LUGG_NO <> '0')
  ORDER  BY     UPD_DT
11:22:47:568;ERR;[GetEmptyPltRequest] .. Failed to establish a connection to '10.117.3.174'.
  SELECT  * 
   FROM  HOST_EMPTY_PLT 
  WHERE  WH_TYP = @WH_TYP
    AND  KIND   = @KIND
    AND  STN    = @STN
    AND (STATUS = 'Q' OR LUGG_NO <> '0')
  ORDER  BY     UPD_DT
11:22:47:571;IMP;이상 발생.DB Logout...
11:22:47:574;IMP;통신 쓰레드를 종료합니다.
11:22:51:620;IMP;DB 로그인 중...
11:22:51:624;IMP;DB 로그인 성공.
11:22:53:627;IMP;통신이 연결되었습니다.
11:24:39:087;ERR;[GetEmptyPltRequest] .. Failed to establish a connection to '10.117.3.174'.
  SELECT  * 
   FROM  HOST_EMPTY_PLT 
  WHERE  WH_TYP = @WH_TYP
    AND  KIND   = @KIND
    AND  STN    = @STN
    AND (STATUS = 'Q' OR LUGG_NO <> '0')
  ORDER  BY     UPD_DT
11:24:54:151;ERR;[GetEmptyPltRequest] .. Failed to establish a connection to '10.117.3.174'.
  SELECT  * 
   FROM  HOST_EMPTY_PLT 
  WHERE  WH_TYP = @WH_TYP
    AND  KIND   = @KIND
    AND  STN    = @STN
    AND (STATUS = 'Q' OR LUGG_NO <> '0')
  ORDER  BY     UPD_DT
11:25:09:216;ERR;[GetEmptyPltRequest] .. Failed to establish a connection to '10.117.3.174'.
  SELECT  * 
   FROM  HOST_EMPTY_PLT 
  WHERE  WH_TYP = @WH_TYP
    AND  KIND   = @KIND
    AND  STN    = @STN
    AND (STATUS = 'Q' OR LUGG_NO <> '0')
  ORDER  BY     UPD_DT
11:25:24:293;ERR;[GetEmptyPltRequest] .. Failed to establish a connection to '10.117.3.174'.
  SELECT  * 
   FROM  HOST_EMPTY_PLT 
  WHERE  WH_TYP = @WH_TYP
    AND  KIND   = @KIND
    AND  STN    = @STN
    AND (STATUS = 'Q' OR LUGG_NO <> '0')
  ORDER  BY     UPD_DT
11:25:24:294;IMP;이상 발생.DB Logout...
11:25:24:295;IMP;통신 쓰레드를 종료합니다.
11:25:28:319;IMP;DB 로그인 중...
11:25:28:324;IMP;DB 로그인 성공.
11:25:30:326;IMP;통신이 연결되었습니다.
14:33:50:954;ERR;[GetEmptyPltRequest] .. Failed to establish a connection to '10.117.3.174'.
  SELECT  * 
   FROM  HOST_EMPTY_PLT 
  WHERE  WH_TYP = @WH_TYP
    AND  KIND   = @KIND
    AND  STN    = @STN
    AND (STATUS = 'Q' OR LUGG_NO <> '0')
  ORDER  BY     UPD_DT
14:33:52:474;ERR;[GetEmptyPltRequest] .. Failed to establish a connection to '10.117.3.174'.
  SELECT  * 
   FROM  HOST_EMPTY_PLT 
  WHERE  WH_TYP = @WH_TYP
    AND  KIND   = @KIND
    AND  STN    = @STN
    AND (STATUS = 'Q' OR LUGG_NO <> '0')
  ORDER  BY     UPD_DT
14:33:53:206;ERR;[GetEmptyPltRequest] .. Failed to establish a connection to '10.117.3.174'.
  SELECT  * 
   FROM  HOST_EMPTY_PLT 
  WHERE  WH_TYP = @WH_TYP
    AND  KIND   = @KIND
    AND  STN    = @STN
    AND (STATUS = 'Q' OR LUGG_NO <> '0')
  ORDER  BY     UPD_DT
14:33:53:606;ERR;[GetEmptyPltRequest] .. Failed to establish a connection to '10.117.3.174'.
  SELECT  * 
   FROM  HOST_EMPTY_PLT 
  WHERE  WH_TYP = @WH_TYP
    AND  KIND   = @KIND
    AND  STN    = @STN
    AND (STATUS = 'Q' OR LUGG_NO <> '0')
  ORDER  BY     UPD_DT
14:33:53:632;IMP;이상 발생.DB Logout...
14:33:53:634;IMP;통신 쓰레드를 종료합니다.
14:33:57:786;IMP;DB 로그인 중...
14:33:57:794;IMP;DB 로그인 성공.
14:33:59:802;IMP;통신이 연결되었습니다.
14:35:45:625;ERR;[GetEmptyPltRequest] .. Failed to establish a connection to '10.117.3.174'.
  SELECT  * 
   FROM  HOST_EMPTY_PLT 
  WHERE  WH_TYP = @WH_TYP
    AND  KIND   = @KIND
    AND  STN    = @STN
    AND (STATUS = 'Q' OR LUGG_NO <> '0')
  ORDER  BY     UPD_DT
14:36:00:751;ERR;[GetEmptyPltRequest] .. Failed to establish a connection to '10.117.3.174'.
  SELECT  * 
   FROM  HOST_EMPTY_PLT 
  WHERE  WH_TYP = @WH_TYP
    AND  KIND   = @KIND
    AND  STN    = @STN
    AND (STATUS = 'Q' OR LUGG_NO <> '0')
  ORDER  BY     UPD_DT
14:36:16:028;ERR;[GetEmptyPltRequest] .. Failed to establish a connection to '10.117.3.174'.
  SELECT  * 
   FROM  HOST_EMPTY_PLT 
  WHERE  WH_TYP = @WH_TYP
    AND  KIND   = @KIND
    AND  STN    = @STN
    AND (STATUS = 'Q' OR LUGG_NO <> '0')
  ORDER  BY     UPD_DT
14:36:31:290;ERR;[GetEmptyPltRequest] .. Failed to establish a connection to '10.117.3.174'.
  SELECT  * 
   FROM  HOST_EMPTY_PLT 
  WHERE  WH_TYP = @WH_TYP
    AND  KIND   = @KIND
    AND  STN    = @STN
    AND (STATUS = 'Q' OR LUGG_NO <> '0')
  ORDER  BY     UPD_DT
14:36:31:302;IMP;이상 발생.DB Logout...
14:36:31:309;IMP;통신 쓰레드를 종료합니다.
14:36:35:345;IMP;DB 로그인 중...
14:36:35:357;IMP;DB 로그인 성공.
14:36:37:362;IMP;통신이 연결되었습니다.
14:38:23:193;ERR;[GetEmptyPltRequest] .. Failed to establish a connection to '10.117.3.174'.
  SELECT  * 
   FROM  HOST_EMPTY_PLT 
  WHERE  WH_TYP = @WH_TYP
    AND  KIND   = @KIND
    AND  STN    = @STN
    AND (STATUS = 'Q' OR LUGG_NO <> '0')
  ORDER  BY     UPD_DT
14:38:38:289;ERR;[GetEmptyPltRequest] .. Failed to establish a connection to '10.117.3.174'.
  SELECT  * 
   FROM  HOST_EMPTY_PLT 
  WHERE  WH_TYP = @WH_TYP
    AND  KIND   = @KIND
    AND  STN    = @STN
    AND (STATUS = 'Q' OR LUGG_NO <> '0')
  ORDER  BY     UPD_DT
14:38:53:391;ERR;[GetEmptyPltRequest] .. Failed to establish a connection to '10.117.3.174'.
  SELECT  * 
   FROM  HOST_EMPTY_PLT 
  WHERE  WH_TYP = @WH_TYP
    AND  KIND   = @KIND
    AND  STN    = @STN
    AND (STATUS = 'Q' OR LUGG_NO <> '0')
  ORDER  BY     UPD_DT
14:39:08:483;ERR;[GetEmptyPltRequest] .. Failed to establish a connection to '10.117.3.174'.
  SELECT  * 
   FROM  HOST_EMPTY_PLT 
  WHERE  WH_TYP = @WH_TYP
    AND  KIND   = @KIND
    AND  STN    = @STN
    AND (STATUS = 'Q' OR LUGG_NO <> '0')
  ORDER  BY     UPD_DT
14:39:08:487;IMP;이상 발생.DB Logout...
14:39:08:492;IMP;통신 쓰레드를 종료합니다.
14:39:12:518;IMP;DB 로그인 중...
14:39:12:530;IMP;DB 로그인 성공.
14:39:14:539;IMP;통신이 연결되었습니다.
14:41:00:920;ERR;[GetEmptyPltRequest] .. Failed to establish a connection to '10.117.3.174'.
  SELECT  * 
   FROM  HOST_EMPTY_PLT 
  WHERE  WH_TYP = @WH_TYP
    AND  KIND   = @KIND
    AND  STN    = @STN
    AND (STATUS = 'Q' OR LUGG_NO <> '0')
  ORDER  BY     UPD_DT
14:41:16:127;ERR;[GetEmptyPltRequest] .. Failed to establish a connection to '10.117.3.174'.
  SELECT  * 
   FROM  HOST_EMPTY_PLT 
  WHERE  WH_TYP = @WH_TYP
    AND  KIND   = @KIND
    AND  STN    = @STN
    AND (STATUS = 'Q' OR LUGG_NO <> '0')
  ORDER  BY     UPD_DT
14:41:31:284;ERR;[GetEmptyPltRequest] .. Failed to establish a connection to '10.117.3.174'.
  SELECT  * 
   FROM  HOST_EMPTY_PLT 
  WHERE  WH_TYP = @WH_TYP
    AND  KIND   = @KIND
    AND  STN    = @STN
    AND (STATUS = 'Q' OR LUGG_NO <> '0')
  ORDER  BY     UPD_DT
14:41:46:531;ERR;[GetEmptyPltRequest] .. Failed to establish a connection to '10.117.3.174'.
  SELECT  * 
   FROM  HOST_EMPTY_PLT 
  WHERE  WH_TYP = @WH_TYP
    AND  KIND   = @KIND
    AND  STN    = @STN
    AND (STATUS = 'Q' OR LUGG_NO <> '0')
  ORDER  BY     UPD_DT
14:41:46:536;IMP;이상 발생.DB Logout...
14:41:46:540;IMP;통신 쓰레드를 종료합니다.
14:41:50:574;IMP;DB 로그인 중...
14:41:50:587;IMP;DB 로그인 성공.
14:41:52:600;IMP;통신이 연결되었습니다.
14:43:38:801;ERR;[GetEmptyPltRequest] .. Failed to establish a connection to '10.117.3.174'.
  SELECT  * 
   FROM  HOST_EMPTY_PLT 
  WHERE  WH_TYP = @WH_TYP
    AND  KIND   = @KIND
    AND  STN    = @STN
    AND (STATUS = 'Q' OR LUGG_NO <> '0')
  ORDER  BY     UPD_DT
14:43:53:972;ERR;[GetEmptyPltRequest] .. Failed to establish a connection to '10.117.3.174'.
  SELECT  * 
   FROM  HOST_EMPTY_PLT 
  WHERE  WH_TYP = @WH_TYP
    AND  KIND   = @KIND
    AND  STN    = @STN
    AND (STATUS = 'Q' OR LUGG_NO <> '0')
  ORDER  BY     UPD_DT
14:44:09:103;ERR;[GetEmptyPltRequest] .. Failed to establish a connection to '10.117.3.174'.
  SELECT  * 
   FROM  HOST_EMPTY_PLT 
  WHERE  WH_TYP = @WH_TYP
    AND  KIND   = @KIND
    AND  STN    = @STN
    AND (STATUS = 'Q' OR LUGG_NO <> '0')
  ORDER  BY     UPD_DT
14:44:24:416;ERR;[GetEmptyPltRequest] .. Failed to establish a connection to '10.117.3.174'.
  SELECT  * 
   FROM  HOST_EMPTY_PLT 
  WHERE  WH_TYP = @WH_TYP
    AND  KIND   = @KIND
    AND  STN    = @STN
    AND (STATUS = 'Q' OR LUGG_NO <> '0')
  ORDER  BY     UPD_DT
14:44:24:422;IMP;이상 발생.DB Logout...
14:44:24:426;IMP;통신 쓰레드를 종료합니다.
14:44:28:454;IMP;DB 로그인 중...
14:44:28:474;IMP;DB 로그인 성공.
14:44:30:485;IMP;통신이 연결되었습니다.
14:46:16:545;ERR;[GetEmptyPltRequest] .. Failed to establish a connection to '10.117.3.174'.
  SELECT  * 
   FROM  HOST_EMPTY_PLT 
  WHERE  WH_TYP = @WH_TYP
    AND  KIND   = @KIND
    AND  STN    = @STN
    AND (STATUS = 'Q' OR LUGG_NO <> '0')
  ORDER  BY     UPD_DT
14:46:31:786;ERR;[GetEmptyPltRequest] .. Failed to establish a connection to '10.117.3.174'.
  SELECT  * 
   FROM  HOST_EMPTY_PLT 
  WHERE  WH_TYP = @WH_TYP
    AND  KIND   = @KIND
    AND  STN    = @STN
    AND (STATUS = 'Q' OR LUGG_NO <> '0')
  ORDER  BY     UPD_DT
14:46:46:998;ERR;[GetEmptyPltRequest] .. Failed to establish a connection to '10.117.3.174'.
  SELECT  * 
   FROM  HOST_EMPTY_PLT 
  WHERE  WH_TYP = @WH_TYP
    AND  KIND   = @KIND
    AND  STN    = @STN
    AND (STATUS = 'Q' OR LUGG_NO <> '0')
  ORDER  BY     UPD_DT
14:47:02:137;ERR;[GetEmptyPltRequest] .. Failed to establish a connection to '10.117.3.174'.
  SELECT  * 
   FROM  HOST_EMPTY_PLT 
  WHERE  WH_TYP = @WH_TYP
    AND  KIND   = @KIND
    AND  STN    = @STN
    AND (STATUS = 'Q' OR LUGG_NO <> '0')
  ORDER  BY     UPD_DT
14:47:02:138;IMP;이상 발생.DB Logout...
14:47:02:140;IMP;통신 쓰레드를 종료합니다.
14:47:06:173;IMP;DB 로그인 중...
14:47:06:181;IMP;DB 로그인 성공.
14:47:08:186;IMP;통신이 연결되었습니다.
14:48:54:255;ERR;[GetEmptyPltRequest] .. Failed to establish a connection to '10.117.3.174'.
  SELECT  * 
   FROM  HOST_EMPTY_PLT 
  WHERE  WH_TYP = @WH_TYP
    AND  KIND   = @KIND
    AND  STN    = @STN
    AND (STATUS = 'Q' OR LUGG_NO <> '0')
  ORDER  BY     UPD_DT
14:49:09:383;ERR;[GetEmptyPltRequest] .. Failed to establish a connection to '10.117.3.174'.
  SELECT  * 
   FROM  HOST_EMPTY_PLT 
  WHERE  WH_TYP = @WH_TYP
    AND  KIND   = @KIND
    AND  STN    = @STN
    AND (STATUS = 'Q' OR LUGG_NO <> '0')
  ORDER  BY     UPD_DT
14:49:24:476;ERR;[GetEmptyPltRequest] .. Failed to establish a connection to '10.117.3.174'.
  SELECT  * 
   FROM  HOST_EMPTY_PLT 
  WHERE  WH_TYP = @WH_TYP
    AND  KIND   = @KIND
    AND  STN    = @STN
    AND (STATUS = 'Q' OR LUGG_NO <> '0')
  ORDER  BY     UPD_DT
14:49:39:590;ERR;[GetEmptyPltRequest] .. Failed to establish a connection to '10.117.3.174'.
  SELECT  * 
   FROM  HOST_EMPTY_PLT 
  WHERE  WH_TYP = @WH_TYP
    AND  KIND   = @KIND
    AND  STN    = @STN
    AND (STATUS = 'Q' OR LUGG_NO <> '0')
  ORDER  BY     UPD_DT
14:49:39:593;IMP;이상 발생.DB Logout...
14:49:39:595;IMP;통신 쓰레드를 종료합니다.
14:49:43:620;IMP;DB 로그인 중...
14:49:43:635;IMP;DB 로그인 성공.
14:49:45:645;IMP;통신이 연결되었습니다.
14:51:31:947;ERR;[GetEmptyPltRequest] .. Failed to establish a connection to '10.117.3.174'.
  SELECT  * 
   FROM  HOST_EMPTY_PLT 
  WHERE  WH_TYP = @WH_TYP
    AND  KIND   = @KIND
    AND  STN    = @STN
    AND (STATUS = 'Q' OR LUGG_NO <> '0')
  ORDER  BY     UPD_DT
14:51:47:075;ERR;[GetEmptyPltRequest] .. Failed to establish a connection to '10.117.3.174'.
  SELECT  * 
   FROM  HOST_EMPTY_PLT 
  WHERE  WH_TYP = @WH_TYP
    AND  KIND   = @KIND
    AND  STN    = @STN
    AND (STATUS = 'Q' OR LUGG_NO <> '0')
  ORDER  BY     UPD_DT
14:52:02:202;ERR;[GetEmptyPltRequest] .. Failed to establish a connection to '10.117.3.174'.
  SELECT  * 
   FROM  HOST_EMPTY_PLT 
  WHERE  WH_TYP = @WH_TYP
    AND  KIND   = @KIND
    AND  STN    = @STN
    AND (STATUS = 'Q' OR LUGG_NO <> '0')
  ORDER  BY     UPD_DT
14:52:17:428;ERR;[GetEmptyPltRequest] .. Failed to establish a connection to '10.117.3.174'.
  SELECT  * 
   FROM  HOST_EMPTY_PLT 
  WHERE  WH_TYP = @WH_TYP
    AND  KIND   = @KIND
    AND  STN    = @STN
    AND (STATUS = 'Q' OR LUGG_NO <> '0')
  ORDER  BY     UPD_DT
14:52:17:432;IMP;이상 발생.DB Logout...
14:52:17:435;IMP;통신 쓰레드를 종료합니다.
14:52:21:463;IMP;DB 로그인 중...
14:52:21:483;IMP;DB 로그인 성공.
14:52:23:494;IMP;통신이 연결되었습니다.
14:54:09:882;ERR;[GetEmptyPltRequest] .. Failed to establish a connection to '10.117.3.174'.
  SELECT  * 
   FROM  HOST_EMPTY_PLT 
  WHERE  WH_TYP = @WH_TYP
    AND  KIND   = @KIND
    AND  STN    = @STN
    AND (STATUS = 'Q' OR LUGG_NO <> '0')
  ORDER  BY     UPD_DT
14:54:25:019;ERR;[GetEmptyPltRequest] .. Failed to establish a connection to '10.117.3.174'.
  SELECT  * 
   FROM  HOST_EMPTY_PLT 
  WHERE  WH_TYP = @WH_TYP
    AND  KIND   = @KIND
    AND  STN    = @STN
    AND (STATUS = 'Q' OR LUGG_NO <> '0')
  ORDER  BY     UPD_DT
14:54:40:158;ERR;[GetEmptyPltRequest] .. Failed to establish a connection to '10.117.3.174'.
  SELECT  * 
   FROM  HOST_EMPTY_PLT 
  WHERE  WH_TYP = @WH_TYP
    AND  KIND   = @KIND
    AND  STN    = @STN
    AND (STATUS = 'Q' OR LUGG_NO <> '0')
  ORDER  BY     UPD_DT
14:54:55:299;ERR;[GetEmptyPltRequest] .. Failed to establish a connection to '10.117.3.174'.
  SELECT  * 
   FROM  HOST_EMPTY_PLT 
  WHERE  WH_TYP = @WH_TYP
    AND  KIND   = @KIND
    AND  STN    = @STN
    AND (STATUS = 'Q' OR LUGG_NO <> '0')
  ORDER  BY     UPD_DT
14:54:55:305;IMP;이상 발생.DB Logout...
14:54:55:311;IMP;통신 쓰레드를 종료합니다.
14:54:59:338;IMP;DB 로그인 중...
14:54:59:350;IMP;DB 로그인 성공.
14:55:01:358;IMP;통신이 연결되었습니다.
14:56:47:451;ERR;[GetEmptyPltRequest] .. Failed to establish a connection to '10.117.3.174'.
  SELECT  * 
   FROM  HOST_EMPTY_PLT 
  WHERE  WH_TYP = @WH_TYP
    AND  KIND   = @KIND
    AND  STN    = @STN
    AND (STATUS = 'Q' OR LUGG_NO <> '0')
  ORDER  BY     UPD_DT
14:57:02:590;ERR;[GetEmptyPltRequest] .. Failed to establish a connection to '10.117.3.174'.
  SELECT  * 
   FROM  HOST_EMPTY_PLT 
  WHERE  WH_TYP = @WH_TYP
    AND  KIND   = @KIND
    AND  STN    = @STN
    AND (STATUS = 'Q' OR LUGG_NO <> '0')
  ORDER  BY     UPD_DT
14:57:17:755;ERR;[GetEmptyPltRequest] .. Failed to establish a connection to '10.117.3.174'.
  SELECT  * 
   FROM  HOST_EMPTY_PLT 
  WHERE  WH_TYP = @WH_TYP
    AND  KIND   = @KIND
    AND  STN    = @STN
    AND (STATUS = 'Q' OR LUGG_NO <> '0')
  ORDER  BY     UPD_DT
14:57:32:948;ERR;[GetEmptyPltRequest] .. Failed to establish a connection to '10.117.3.174'.
  SELECT  * 
   FROM  HOST_EMPTY_PLT 
  WHERE  WH_TYP = @WH_TYP
    AND  KIND   = @KIND
    AND  STN    = @STN
    AND (STATUS = 'Q' OR LUGG_NO <> '0')
  ORDER  BY     UPD_DT
14:57:32:951;IMP;이상 발생.DB Logout...
14:57:32:955;IMP;통신 쓰레드를 종료합니다.
14:57:36:981;IMP;DB 로그인 중...
14:57:37:000;IMP;DB 로그인 성공.
14:57:39:009;IMP;통신이 연결되었습니다.
14:59:25:262;ERR;[GetEmptyPltRequest] .. Failed to establish a connection to '10.117.3.174'.
  SELECT  * 
   FROM  HOST_EMPTY_PLT 
  WHERE  WH_TYP = @WH_TYP
    AND  KIND   = @KIND
    AND  STN    = @STN
    AND (STATUS = 'Q' OR LUGG_NO <> '0')
  ORDER  BY     UPD_DT
14:59:40:484;ERR;[GetEmptyPltRequest] .. Failed to establish a connection to '10.117.3.174'.
  SELECT  * 
   FROM  HOST_EMPTY_PLT 
  WHERE  WH_TYP = @WH_TYP
    AND  KIND   = @KIND
    AND  STN    = @STN
    AND (STATUS = 'Q' OR LUGG_NO <> '0')
  ORDER  BY     UPD_DT
14:59:55:725;ERR;[GetEmptyPltRequest] .. Failed to establish a connection to '10.117.3.174'.
  SELECT  * 
   FROM  HOST_EMPTY_PLT 
  WHERE  WH_TYP = @WH_TYP
    AND  KIND   = @KIND
    AND  STN    = @STN
    AND (STATUS = 'Q' OR LUGG_NO <> '0')
  ORDER  BY     UPD_DT
15:00:10:852;ERR;[GetEmptyPltRequest] .. Failed to establish a connection to '10.117.3.174'.
  SELECT  * 
   FROM  HOST_EMPTY_PLT 
  WHERE  WH_TYP = @WH_TYP
    AND  KIND   = @KIND
    AND  STN    = @STN
    AND (STATUS = 'Q' OR LUGG_NO <> '0')
  ORDER  BY     UPD_DT
15:00:10:855;IMP;이상 발생.DB Logout...
15:00:10:857;IMP;통신 쓰레드를 종료합니다.
15:00:14:884;IMP;DB 로그인 중...
15:00:14:898;IMP;DB 로그인 성공.
15:00:16:904;IMP;통신이 연결되었습니다.
21:00:56:146;ERR;[GetEmptyPltRequest] .. Failed to establish a connection to '10.117.3.174'.
  SELECT  * 
   FROM  HOST_EMPTY_PLT 
  WHERE  WH_TYP = @WH_TYP
    AND  KIND   = @KIND
    AND  STN    = @STN
    AND (STATUS = 'Q' OR LUGG_NO <> '0')
  ORDER  BY     UPD_DT
21:01:11:381;ERR;[GetEmptyPltRequest] .. Failed to establish a connection to '10.117.3.174'.
  SELECT  * 
   FROM  HOST_EMPTY_PLT 
  WHERE  WH_TYP = @WH_TYP
    AND  KIND   = @KIND
    AND  STN    = @STN
    AND (STATUS = 'Q' OR LUGG_NO <> '0')
  ORDER  BY     UPD_DT
21:01:26:474;ERR;[GetEmptyPltRequest] .. Failed to establish a connection to '10.117.3.174'.
  SELECT  * 
   FROM  HOST_EMPTY_PLT 
  WHERE  WH_TYP = @WH_TYP
    AND  KIND   = @KIND
    AND  STN    = @STN
    AND (STATUS = 'Q' OR LUGG_NO <> '0')
  ORDER  BY     UPD_DT
21:01:41:539;ERR;[GetEmptyPltRequest] .. Failed to establish a connection to '10.117.3.174'.
  SELECT  * 
   FROM  HOST_EMPTY_PLT 
  WHERE  WH_TYP = @WH_TYP
    AND  KIND   = @KIND
    AND  STN    = @STN
    AND (STATUS = 'Q' OR LUGG_NO <> '0')
  ORDER  BY     UPD_DT
21:01:41:540;IMP;이상 발생.DB Logout...
21:01:41:541;IMP;통신 쓰레드를 종료합니다.
21:01:45:568;IMP;DB 로그인 중...
21:01:45:573;IMP;DB 로그인 성공.
21:01:47:576;IMP;통신이 연결되었습니다.
21:03:33:673;ERR;[GetEmptyPltRequest] .. Failed to establish a connection to '10.117.3.174'.
  SELECT  * 
   FROM  HOST_EMPTY_PLT 
  WHERE  WH_TYP = @WH_TYP
    AND  KIND   = @KIND
    AND  STN    = @STN
    AND (STATUS = 'Q' OR LUGG_NO <> '0')
  ORDER  BY     UPD_DT
21:03:48:786;ERR;[GetEmptyPltRequest] .. Failed to establish a connection to '10.117.3.174'.
  SELECT  * 
   FROM  HOST_EMPTY_PLT 
  WHERE  WH_TYP = @WH_TYP
    AND  KIND   = @KIND
    AND  STN    = @STN
    AND (STATUS = 'Q' OR LUGG_NO <> '0')
  ORDER  BY     UPD_DT
21:04:03:927;ERR;[GetEmptyPltRequest] .. Failed to establish a connection to '10.117.3.174'.
  SELECT  * 
   FROM  HOST_EMPTY_PLT 
  WHERE  WH_TYP = @WH_TYP
    AND  KIND   = @KIND
    AND  STN    = @STN
    AND (STATUS = 'Q' OR LUGG_NO <> '0')
  ORDER  BY     UPD_DT
21:04:19:078;ERR;[GetEmptyPltRequest] .. Failed to establish a connection to '10.117.3.174'.
  SELECT  * 
   FROM  HOST_EMPTY_PLT 
  WHERE  WH_TYP = @WH_TYP
    AND  KIND   = @KIND
    AND  STN    = @STN
    AND (STATUS = 'Q' OR LUGG_NO <> '0')
  ORDER  BY     UPD_DT
21:04:19:091;IMP;이상 발생.DB Logout...
21:04:19:099;IMP;통신 쓰레드를 종료합니다.
21:04:23:132;IMP;DB 로그인 중...
21:04:23:202;IMP;DB 로그인 성공.
21:04:25:217;IMP;통신이 연결되었습니다.
21:06:11:576;ERR;[GetEmptyPltRequest] .. Failed to establish a connection to '10.117.3.174'.
  SELECT  * 
   FROM  HOST_EMPTY_PLT 
  WHERE  WH_TYP = @WH_TYP
    AND  KIND   = @KIND
    AND  STN    = @STN
    AND (STATUS = 'Q' OR LUGG_NO <> '0')
  ORDER  BY     UPD_DT
21:06:26:835;ERR;[GetEmptyPltRequest] .. Failed to establish a connection to '10.117.3.174'.
  SELECT  * 
   FROM  HOST_EMPTY_PLT 
  WHERE  WH_TYP = @WH_TYP
    AND  KIND   = @KIND
    AND  STN    = @STN
    AND (STATUS = 'Q' OR LUGG_NO <> '0')
  ORDER  BY     UPD_DT
21:06:42:092;ERR;[GetEmptyPltRequest] .. Failed to establish a connection to '10.117.3.174'.
  SELECT  * 
   FROM  HOST_EMPTY_PLT 
  WHERE  WH_TYP = @WH_TYP
    AND  KIND   = @KIND
    AND  STN    = @STN
    AND (STATUS = 'Q' OR LUGG_NO <> '0')
  ORDER  BY     UPD_DT
21:06:57:293;ERR;[GetEmptyPltRequest] .. Failed to establish a connection to '10.117.3.174'.
  SELECT  * 
   FROM  HOST_EMPTY_PLT 
  WHERE  WH_TYP = @WH_TYP
    AND  KIND   = @KIND
    AND  STN    = @STN
    AND (STATUS = 'Q' OR LUGG_NO <> '0')
  ORDER  BY     UPD_DT
21:06:57:297;IMP;이상 발생.DB Logout...
21:06:57:300;IMP;통신 쓰레드를 종료합니다.
21:07:01:326;IMP;DB 로그인 중...
21:07:01:338;IMP;DB 로그인 성공.
21:07:03:349;IMP;통신이 연결되었습니다.
21:08:49:523;ERR;[GetEmptyPltRequest] .. Failed to establish a connection to '10.117.3.174'.
  SELECT  * 
   FROM  HOST_EMPTY_PLT 
  WHERE  WH_TYP = @WH_TYP
    AND  KIND   = @KIND
    AND  STN    = @STN
    AND (STATUS = 'Q' OR LUGG_NO <> '0')
  ORDER  BY     UPD_DT
21:09:04:750;ERR;[GetEmptyPltRequest] .. Failed to establish a connection to '10.117.3.174'.
  SELECT  * 
   FROM  HOST_EMPTY_PLT 
  WHERE  WH_TYP = @WH_TYP
    AND  KIND   = @KIND
    AND  STN    = @STN
    AND (STATUS = 'Q' OR LUGG_NO <> '0')
  ORDER  BY     UPD_DT
21:09:19:972;ERR;[GetEmptyPltRequest] .. Failed to establish a connection to '10.117.3.174'.
  SELECT  * 
   FROM  HOST_EMPTY_PLT 
  WHERE  WH_TYP = @WH_TYP
    AND  KIND   = @KIND
    AND  STN    = @STN
    AND (STATUS = 'Q' OR LUGG_NO <> '0')
  ORDER  BY     UPD_DT
21:09:35:100;ERR;[GetEmptyPltRequest] .. Failed to establish a connection to '10.117.3.174'.
  SELECT  * 
   FROM  HOST_EMPTY_PLT 
  WHERE  WH_TYP = @WH_TYP
    AND  KIND   = @KIND
    AND  STN    = @STN
    AND (STATUS = 'Q' OR LUGG_NO <> '0')
  ORDER  BY     UPD_DT
21:09:35:103;IMP;이상 발생.DB Logout...
21:09:35:106;IMP;통신 쓰레드를 종료합니다.
21:09:39:146;IMP;DB 로그인 중...
21:09:39:165;IMP;DB 로그인 성공.
21:09:41:178;IMP;통신이 연결되었습니다.
21:11:27:484;ERR;[GetEmptyPltRequest] .. Failed to establish a connection to '10.117.3.174'.
  SELECT  * 
   FROM  HOST_EMPTY_PLT 
  WHERE  WH_TYP = @WH_TYP
    AND  KIND   = @KIND
    AND  STN    = @STN
    AND (STATUS = 'Q' OR LUGG_NO <> '0')
  ORDER  BY     UPD_DT
21:11:42:642;ERR;[GetEmptyPltRequest] .. Failed to establish a connection to '10.117.3.174'.
  SELECT  * 
   FROM  HOST_EMPTY_PLT 
  WHERE  WH_TYP = @WH_TYP
    AND  KIND   = @KIND
    AND  STN    = @STN
    AND (STATUS = 'Q' OR LUGG_NO <> '0')
  ORDER  BY     UPD_DT
21:11:57:739;ERR;[GetEmptyPltRequest] .. Failed to establish a connection to '10.117.3.174'.
  SELECT  * 
   FROM  HOST_EMPTY_PLT 
  WHERE  WH_TYP = @WH_TYP
    AND  KIND   = @KIND
    AND  STN    = @STN
    AND (STATUS = 'Q' OR LUGG_NO <> '0')
  ORDER  BY     UPD_DT
21:12:12:992;ERR;[GetEmptyPltRequest] .. Failed to establish a connection to '10.117.3.174'.
  SELECT  * 
   FROM  HOST_EMPTY_PLT 
  WHERE  WH_TYP = @WH_TYP
    AND  KIND   = @KIND
    AND  STN    = @STN
    AND (STATUS = 'Q' OR LUGG_NO <> '0')
  ORDER  BY     UPD_DT
21:12:13:007;IMP;이상 발생.DB Logout...
21:12:13:016;IMP;통신 쓰레드를 종료합니다.
21:12:17:114;IMP;DB 로그인 중...
21:12:17:124;IMP;DB 로그인 성공.
21:12:19:130;IMP;통신이 연결되었습니다.
21:14:05:217;ERR;[GetEmptyPltRequest] .. Failed to establish a connection to '10.117.3.174'.
  SELECT  * 
   FROM  HOST_EMPTY_PLT 
  WHERE  WH_TYP = @WH_TYP
    AND  KIND   = @KIND
    AND  STN    = @STN
    AND (STATUS = 'Q' OR LUGG_NO <> '0')
  ORDER  BY     UPD_DT
21:14:20:310;ERR;[GetEmptyPltRequest] .. Failed to establish a connection to '10.117.3.174'.
  SELECT  * 
   FROM  HOST_EMPTY_PLT 
  WHERE  WH_TYP = @WH_TYP
    AND  KIND   = @KIND
    AND  STN    = @STN
    AND (STATUS = 'Q' OR LUGG_NO <> '0')
  ORDER  BY     UPD_DT
21:14:35:430;ERR;[GetEmptyPltRequest] .. Failed to establish a connection to '10.117.3.174'.
  SELECT  * 
   FROM  HOST_EMPTY_PLT 
  WHERE  WH_TYP = @WH_TYP
    AND  KIND   = @KIND
    AND  STN    = @STN
    AND (STATUS = 'Q' OR LUGG_NO <> '0')
  ORDER  BY     UPD_DT
21:14:50:541;ERR;[GetEmptyPltRequest] .. Failed to establish a connection to '10.117.3.174'.
  SELECT  * 
   FROM  HOST_EMPTY_PLT 
  WHERE  WH_TYP = @WH_TYP
    AND  KIND   = @KIND
    AND  STN    = @STN
    AND (STATUS = 'Q' OR LUGG_NO <> '0')
  ORDER  BY     UPD_DT
21:14:50:543;IMP;이상 발생.DB Logout...
21:14:50:546;IMP;통신 쓰레드를 종료합니다.
21:14:54:567;IMP;DB 로그인 중...
21:14:54:576;IMP;DB 로그인 성공.
21:14:56:580;IMP;통신이 연결되었습니다.
21:16:42:513;ERR;[GetEmptyPltRequest] .. Failed to establish a connection to '10.117.3.174'.
  SELECT  * 
   FROM  HOST_EMPTY_PLT 
  WHERE  WH_TYP = @WH_TYP
    AND  KIND   = @KIND
    AND  STN    = @STN
    AND (STATUS = 'Q' OR LUGG_NO <> '0')
  ORDER  BY     UPD_DT
21:16:57:631;ERR;[GetEmptyPltRequest] .. Failed to establish a connection to '10.117.3.174'.
  SELECT  * 
   FROM  HOST_EMPTY_PLT 
  WHERE  WH_TYP = @WH_TYP
    AND  KIND   = @KIND
    AND  STN    = @STN
    AND (STATUS = 'Q' OR LUGG_NO <> '0')
  ORDER  BY     UPD_DT
21:17:12:716;ERR;[GetEmptyPltRequest] .. Failed to establish a connection to '10.117.3.174'.
  SELECT  * 
   FROM  HOST_EMPTY_PLT 
  WHERE  WH_TYP = @WH_TYP
    AND  KIND   = @KIND
    AND  STN    = @STN
    AND (STATUS = 'Q' OR LUGG_NO <> '0')
  ORDER  BY     UPD_DT
21:17:27:941;ERR;[GetEmptyPltRequest] .. Failed to establish a connection to '10.117.3.174'.
  SELECT  * 
   FROM  HOST_EMPTY_PLT 
  WHERE  WH_TYP = @WH_TYP
    AND  KIND   = @KIND
    AND  STN    = @STN
    AND (STATUS = 'Q' OR LUGG_NO <> '0')
  ORDER  BY     UPD_DT
21:17:27:944;IMP;이상 발생.DB Logout...
21:17:27:949;IMP;통신 쓰레드를 종료합니다.
21:17:31:983;IMP;DB 로그인 중...
21:17:31:998;IMP;DB 로그인 성공.
21:17:34:003;IMP;통신이 연결되었습니다.
21:19:20:420;ERR;[GetEmptyPltRequest] .. Failed to establish a connection to '10.117.3.174'.
  SELECT  * 
   FROM  HOST_EMPTY_PLT 
  WHERE  WH_TYP = @WH_TYP
    AND  KIND   = @KIND
    AND  STN    = @STN
    AND (STATUS = 'Q' OR LUGG_NO <> '0')
  ORDER  BY     UPD_DT
21:19:35:545;ERR;[GetEmptyPltRequest] .. Failed to establish a connection to '10.117.3.174'.
  SELECT  * 
   FROM  HOST_EMPTY_PLT 
  WHERE  WH_TYP = @WH_TYP
    AND  KIND   = @KIND
    AND  STN    = @STN
    AND (STATUS = 'Q' OR LUGG_NO <> '0')
  ORDER  BY     UPD_DT
21:19:50:704;ERR;[GetEmptyPltRequest] .. Failed to establish a connection to '10.117.3.174'.
  SELECT  * 
   FROM  HOST_EMPTY_PLT 
  WHERE  WH_TYP = @WH_TYP
    AND  KIND   = @KIND
    AND  STN    = @STN
    AND (STATUS = 'Q' OR LUGG_NO <> '0')
  ORDER  BY     UPD_DT
21:20:05:927;ERR;[GetEmptyPltRequest] .. Failed to establish a connection to '10.117.3.174'.
  SELECT  * 
   FROM  HOST_EMPTY_PLT 
  WHERE  WH_TYP = @WH_TYP
    AND  KIND   = @KIND
    AND  STN    = @STN
    AND (STATUS = 'Q' OR LUGG_NO <> '0')
  ORDER  BY     UPD_DT
21:20:05:938;IMP;이상 발생.DB Logout...
21:20:05:946;IMP;통신 쓰레드를 종료합니다.
21:20:09:981;IMP;DB 로그인 중...
21:20:10:012;IMP;DB 로그인 성공.
21:20:12:035;IMP;통신이 연결되었습니다.
21:21:58:539;ERR;[GetEmptyPltRequest] .. Failed to establish a connection to '10.117.3.174'.
  SELECT  * 
   FROM  HOST_EMPTY_PLT 
  WHERE  WH_TYP = @WH_TYP
    AND  KIND   = @KIND
    AND  STN    = @STN
    AND (STATUS = 'Q' OR LUGG_NO <> '0')
  ORDER  BY     UPD_DT
21:22:13:777;ERR;[GetEmptyPltRequest] .. Failed to establish a connection to '10.117.3.174'.
  SELECT  * 
   FROM  HOST_EMPTY_PLT 
  WHERE  WH_TYP = @WH_TYP
    AND  KIND   = @KIND
    AND  STN    = @STN
    AND (STATUS = 'Q' OR LUGG_NO <> '0')
  ORDER  BY     UPD_DT
21:22:29:029;ERR;[GetEmptyPltRequest] .. Failed to establish a connection to '10.117.3.174'.
  SELECT  * 
   FROM  HOST_EMPTY_PLT 
  WHERE  WH_TYP = @WH_TYP
    AND  KIND   = @KIND
    AND  STN    = @STN
    AND (STATUS = 'Q' OR LUGG_NO <> '0')
  ORDER  BY     UPD_DT
21:22:44:216;ERR;[GetEmptyPltRequest] .. Failed to establish a connection to '10.117.3.174'.
  SELECT  * 
   FROM  HOST_EMPTY_PLT 
  WHERE  WH_TYP = @WH_TYP
    AND  KIND   = @KIND
    AND  STN    = @STN
    AND (STATUS = 'Q' OR LUGG_NO <> '0')
  ORDER  BY     UPD_DT
21:22:44:221;IMP;이상 발생.DB Logout...
21:22:44:224;IMP;통신 쓰레드를 종료합니다.
21:22:48:254;IMP;DB 로그인 중...
21:22:48:280;IMP;DB 로그인 성공.
21:22:50:300;IMP;통신이 연결되었습니다.
21:24:36:502;ERR;[GetEmptyPltRequest] .. Failed to establish a connection to '10.117.3.174'.
  SELECT  * 
   FROM  HOST_EMPTY_PLT 
  WHERE  WH_TYP = @WH_TYP
    AND  KIND   = @KIND
    AND  STN    = @STN
    AND (STATUS = 'Q' OR LUGG_NO <> '0')
  ORDER  BY     UPD_DT
21:24:51:599;ERR;[GetEmptyPltRequest] .. Failed to establish a connection to '10.117.3.174'.
  SELECT  * 
   FROM  HOST_EMPTY_PLT 
  WHERE  WH_TYP = @WH_TYP
    AND  KIND   = @KIND
    AND  STN    = @STN
    AND (STATUS = 'Q' OR LUGG_NO <> '0')
  ORDER  BY     UPD_DT
21:25:06:848;ERR;[GetEmptyPltRequest] .. Failed to establish a connection to '10.117.3.174'.
  SELECT  * 
   FROM  HOST_EMPTY_PLT 
  WHERE  WH_TYP = @WH_TYP
    AND  KIND   = @KIND
    AND  STN    = @STN
    AND (STATUS = 'Q' OR LUGG_NO <> '0')
  ORDER  BY     UPD_DT
21:25:21:983;ERR;[GetEmptyPltRequest] .. Failed to establish a connection to '10.117.3.174'.
  SELECT  * 
   FROM  HOST_EMPTY_PLT 
  WHERE  WH_TYP = @WH_TYP
    AND  KIND   = @KIND
    AND  STN    = @STN
    AND (STATUS = 'Q' OR LUGG_NO <> '0')
  ORDER  BY     UPD_DT
21:25:21:988;IMP;이상 발생.DB Logout...
21:25:21:991;IMP;통신 쓰레드를 종료합니다.
21:25:26:015;IMP;DB 로그인 중...
21:25:26:028;IMP;DB 로그인 성공.
21:25:28:037;IMP;통신이 연결되었습니다.
21:27:14:335;ERR;[GetEmptyPltRequest] .. Failed to establish a connection to '10.117.3.174'.
  SELECT  * 
   FROM  HOST_EMPTY_PLT 
  WHERE  WH_TYP = @WH_TYP
    AND  KIND   = @KIND
    AND  STN    = @STN
    AND (STATUS = 'Q' OR LUGG_NO <> '0')
  ORDER  BY     UPD_DT
21:27:29:473;ERR;[GetEmptyPltRequest] .. Failed to establish a connection to '10.117.3.174'.
  SELECT  * 
   FROM  HOST_EMPTY_PLT 
  WHERE  WH_TYP = @WH_TYP
    AND  KIND   = @KIND
    AND  STN    = @STN
    AND (STATUS = 'Q' OR LUGG_NO <> '0')
  ORDER  BY     UPD_DT
21:27:44:703;ERR;[GetEmptyPltRequest] .. Failed to establish a connection to '10.117.3.174'.
  SELECT  * 
   FROM  HOST_EMPTY_PLT 
  WHERE  WH_TYP = @WH_TYP
    AND  KIND   = @KIND
    AND  STN    = @STN
    AND (STATUS = 'Q' OR LUGG_NO <> '0')
  ORDER  BY     UPD_DT
21:27:59:943;ERR;[GetEmptyPltRequest] .. Failed to establish a connection to '10.117.3.174'.
  SELECT  * 
   FROM  HOST_EMPTY_PLT 
  WHERE  WH_TYP = @WH_TYP
    AND  KIND   = @KIND
    AND  STN    = @STN
    AND (STATUS = 'Q' OR LUGG_NO <> '0')
  ORDER  BY     UPD_DT
21:27:59:944;IMP;이상 발생.DB Logout...
21:27:59:946;IMP;통신 쓰레드를 종료합니다.
21:28:03:970;IMP;DB 로그인 중...
21:28:04:002;IMP;DB 로그인 성공.
21:28:06:011;IMP;통신이 연결되었습니다.
21:29:52:104;ERR;[GetEmptyPltRequest] .. Failed to establish a connection to '10.117.3.174'.
  SELECT  * 
   FROM  HOST_EMPTY_PLT 
  WHERE  WH_TYP = @WH_TYP
    AND  KIND   = @KIND
    AND  STN    = @STN
    AND (STATUS = 'Q' OR LUGG_NO <> '0')
  ORDER  BY     UPD_DT
21:30:07:339;ERR;[GetEmptyPltRequest] .. Failed to establish a connection to '10.117.3.174'.
  SELECT  * 
   FROM  HOST_EMPTY_PLT 
  WHERE  WH_TYP = @WH_TYP
    AND  KIND   = @KIND
    AND  STN    = @STN
    AND (STATUS = 'Q' OR LUGG_NO <> '0')
  ORDER  BY     UPD_DT
21:30:22:444;ERR;[GetEmptyPltRequest] .. Failed to establish a connection to '10.117.3.174'.
  SELECT  * 
   FROM  HOST_EMPTY_PLT 
  WHERE  WH_TYP = @WH_TYP
    AND  KIND   = @KIND
    AND  STN    = @STN
    AND (STATUS = 'Q' OR LUGG_NO <> '0')
  ORDER  BY     UPD_DT
21:30:37:676;ERR;[GetEmptyPltRequest] .. Failed to establish a connection to '10.117.3.174'.
  SELECT  * 
   FROM  HOST_EMPTY_PLT 
  WHERE  WH_TYP = @WH_TYP
    AND  KIND   = @KIND
    AND  STN    = @STN
    AND (STATUS = 'Q' OR LUGG_NO <> '0')
  ORDER  BY     UPD_DT
21:30:37:680;IMP;이상 발생.DB Logout...
21:30:37:684;IMP;통신 쓰레드를 종료합니다.
21:30:41:713;IMP;DB 로그인 중...
21:30:41:723;IMP;DB 로그인 성공.
21:30:43:728;IMP;통신이 연결되었습니다.
21:32:29:815;ERR;[GetEmptyPltRequest] .. Failed to establish a connection to '10.117.3.174'.
  SELECT  * 
   FROM  HOST_EMPTY_PLT 
  WHERE  WH_TYP = @WH_TYP
    AND  KIND   = @KIND
    AND  STN    = @STN
    AND (STATUS = 'Q' OR LUGG_NO <> '0')
  ORDER  BY     UPD_DT
21:32:44:942;ERR;[GetEmptyPltRequest] .. Failed to establish a connection to '10.117.3.174'.
  SELECT  * 
   FROM  HOST_EMPTY_PLT 
  WHERE  WH_TYP = @WH_TYP
    AND  KIND   = @KIND
    AND  STN    = @STN
    AND (STATUS = 'Q' OR LUGG_NO <> '0')
  ORDER  BY     UPD_DT
21:33:00:177;ERR;[GetEmptyPltRequest] .. Failed to establish a connection to '10.117.3.174'.
  SELECT  * 
   FROM  HOST_EMPTY_PLT 
  WHERE  WH_TYP = @WH_TYP
    AND  KIND   = @KIND
    AND  STN    = @STN
    AND (STATUS = 'Q' OR LUGG_NO <> '0')
  ORDER  BY     UPD_DT
21:33:15:387;ERR;[GetEmptyPltRequest] .. Failed to establish a connection to '10.117.3.174'.
  SELECT  * 
   FROM  HOST_EMPTY_PLT 
  WHERE  WH_TYP = @WH_TYP
    AND  KIND   = @KIND
    AND  STN    = @STN
    AND (STATUS = 'Q' OR LUGG_NO <> '0')
  ORDER  BY     UPD_DT
21:33:15:392;IMP;이상 발생.DB Logout...
21:33:15:394;IMP;통신 쓰레드를 종료합니다.
21:33:19:419;IMP;DB 로그인 중...
21:33:19:474;IMP;DB 로그인 성공.
21:33:21:502;IMP;통신이 연결되었습니다.
21:35:08:081;ERR;[GetEmptyPltRequest] .. Failed to establish a connection to '10.117.3.174'.
  SELECT  * 
   FROM  HOST_EMPTY_PLT 
  WHERE  WH_TYP = @WH_TYP
    AND  KIND   = @KIND
    AND  STN    = @STN
    AND (STATUS = 'Q' OR LUGG_NO <> '0')
  ORDER  BY     UPD_DT
21:35:23:328;ERR;[GetEmptyPltRequest] .. Failed to establish a connection to '10.117.3.174'.
  SELECT  * 
   FROM  HOST_EMPTY_PLT 
  WHERE  WH_TYP = @WH_TYP
    AND  KIND   = @KIND
    AND  STN    = @STN
    AND (STATUS = 'Q' OR LUGG_NO <> '0')
  ORDER  BY     UPD_DT
21:35:38:433;ERR;[GetEmptyPltRequest] .. Failed to establish a connection to '10.117.3.174'.
  SELECT  * 
   FROM  HOST_EMPTY_PLT 
  WHERE  WH_TYP = @WH_TYP
    AND  KIND   = @KIND
    AND  STN    = @STN
    AND (STATUS = 'Q' OR LUGG_NO <> '0')
  ORDER  BY     UPD_DT
21:35:53:560;ERR;[GetEmptyPltRequest] .. Failed to establish a connection to '10.117.3.174'.
  SELECT  * 
   FROM  HOST_EMPTY_PLT 
  WHERE  WH_TYP = @WH_TYP
    AND  KIND   = @KIND
    AND  STN    = @STN
    AND (STATUS = 'Q' OR LUGG_NO <> '0')
  ORDER  BY     UPD_DT
21:35:53:567;IMP;이상 발생.DB Logout...
21:35:53:570;IMP;통신 쓰레드를 종료합니다.
21:35:57:610;IMP;DB 로그인 중...
21:35:57:625;IMP;DB 로그인 성공.
21:35:59:634;IMP;통신이 연결되었습니다.
21:37:45:870;ERR;[GetEmptyPltRequest] .. Failed to establish a connection to '10.117.3.174'.
  SELECT  * 
   FROM  HOST_EMPTY_PLT 
  WHERE  WH_TYP = @WH_TYP
    AND  KIND   = @KIND
    AND  STN    = @STN
    AND (STATUS = 'Q' OR LUGG_NO <> '0')
  ORDER  BY     UPD_DT
21:38:01:049;ERR;[GetEmptyPltRequest] .. Failed to establish a connection to '10.117.3.174'.
  SELECT  * 
   FROM  HOST_EMPTY_PLT 
  WHERE  WH_TYP = @WH_TYP
    AND  KIND   = @KIND
    AND  STN    = @STN
    AND (STATUS = 'Q' OR LUGG_NO <> '0')
  ORDER  BY     UPD_DT
21:38:16:238;ERR;[GetEmptyPltRequest] .. Failed to establish a connection to '10.117.3.174'.
  SELECT  * 
   FROM  HOST_EMPTY_PLT 
  WHERE  WH_TYP = @WH_TYP
    AND  KIND   = @KIND
    AND  STN    = @STN
    AND (STATUS = 'Q' OR LUGG_NO <> '0')
  ORDER  BY     UPD_DT
21:38:31:506;ERR;[GetEmptyPltRequest] .. Failed to establish a connection to '10.117.3.174'.
  SELECT  * 
   FROM  HOST_EMPTY_PLT 
  WHERE  WH_TYP = @WH_TYP
    AND  KIND   = @KIND
    AND  STN    = @STN
    AND (STATUS = 'Q' OR LUGG_NO <> '0')
  ORDER  BY     UPD_DT
21:38:31:521;IMP;이상 발생.DB Logout...
21:38:31:536;IMP;통신 쓰레드를 종료합니다.
21:38:35:570;IMP;DB 로그인 중...
21:38:35:596;IMP;DB 로그인 성공.
21:38:37:619;IMP;통신이 연결되었습니다.
21:40:24:020;ERR;[GetEmptyPltRequest] .. Failed to establish a connection to '10.117.3.174'.
  SELECT  * 
   FROM  HOST_EMPTY_PLT 
  WHERE  WH_TYP = @WH_TYP
    AND  KIND   = @KIND
    AND  STN    = @STN
    AND (STATUS = 'Q' OR LUGG_NO <> '0')
  ORDER  BY     UPD_DT
21:40:39:169;ERR;[GetEmptyPltRequest] .. Failed to establish a connection to '10.117.3.174'.
  SELECT  * 
   FROM  HOST_EMPTY_PLT 
  WHERE  WH_TYP = @WH_TYP
    AND  KIND   = @KIND
    AND  STN    = @STN
    AND (STATUS = 'Q' OR LUGG_NO <> '0')
  ORDER  BY     UPD_DT
21:40:54:393;ERR;[GetEmptyPltRequest] .. Failed to establish a connection to '10.117.3.174'.
  SELECT  * 
   FROM  HOST_EMPTY_PLT 
  WHERE  WH_TYP = @WH_TYP
    AND  KIND   = @KIND
    AND  STN    = @STN
    AND (STATUS = 'Q' OR LUGG_NO <> '0')
  ORDER  BY     UPD_DT
21:41:09:518;ERR;[GetEmptyPltRequest] .. Failed to establish a connection to '10.117.3.174'.
  SELECT  * 
   FROM  HOST_EMPTY_PLT 
  WHERE  WH_TYP = @WH_TYP
    AND  KIND   = @KIND
    AND  STN    = @STN
    AND (STATUS = 'Q' OR LUGG_NO <> '0')
  ORDER  BY     UPD_DT
21:41:09:522;IMP;이상 발생.DB Logout...
21:41:09:526;IMP;통신 쓰레드를 종료합니다.
21:41:13:549;IMP;DB 로그인 중...
21:41:13:576;IMP;DB 로그인 성공.
21:41:15:589;IMP;통신이 연결되었습니다.
21:43:01:857;ERR;[GetEmptyPltRequest] .. Failed to establish a connection to '10.117.3.174'.
  SELECT  * 
   FROM  HOST_EMPTY_PLT 
  WHERE  WH_TYP = @WH_TYP
    AND  KIND   = @KIND
    AND  STN    = @STN
    AND (STATUS = 'Q' OR LUGG_NO <> '0')
  ORDER  BY     UPD_DT
21:43:17:046;ERR;[GetEmptyPltRequest] .. Failed to establish a connection to '10.117.3.174'.
  SELECT  * 
   FROM  HOST_EMPTY_PLT 
  WHERE  WH_TYP = @WH_TYP
    AND  KIND   = @KIND
    AND  STN    = @STN
    AND (STATUS = 'Q' OR LUGG_NO <> '0')
  ORDER  BY     UPD_DT
21:43:32:271;ERR;[GetEmptyPltRequest] .. Failed to establish a connection to '10.117.3.174'.
  SELECT  * 
   FROM  HOST_EMPTY_PLT 
  WHERE  WH_TYP = @WH_TYP
    AND  KIND   = @KIND
    AND  STN    = @STN
    AND (STATUS = 'Q' OR LUGG_NO <> '0')
  ORDER  BY     UPD_DT
21:43:47:441;ERR;[GetEmptyPltRequest] .. Failed to establish a connection to '10.117.3.174'.
  SELECT  * 
   FROM  HOST_EMPTY_PLT 
  WHERE  WH_TYP = @WH_TYP
    AND  KIND   = @KIND
    AND  STN    = @STN
    AND (STATUS = 'Q' OR LUGG_NO <> '0')
  ORDER  BY     UPD_DT
21:43:47:444;IMP;이상 발생.DB Logout...
21:43:47:445;IMP;통신 쓰레드를 종료합니다.
21:43:51:468;IMP;DB 로그인 중...
21:43:51:485;IMP;DB 로그인 성공.
21:43:53:494;IMP;통신이 연결되었습니다.
21:45:39:669;ERR;[GetEmptyPltRequest] .. Failed to establish a connection to '10.117.3.174'.
  SELECT  * 
   FROM  HOST_EMPTY_PLT 
  WHERE  WH_TYP = @WH_TYP
    AND  KIND   = @KIND
    AND  STN    = @STN
    AND (STATUS = 'Q' OR LUGG_NO <> '0')
  ORDER  BY     UPD_DT
21:45:54:824;ERR;[GetEmptyPltRequest] .. Failed to establish a connection to '10.117.3.174'.
  SELECT  * 
   FROM  HOST_EMPTY_PLT 
  WHERE  WH_TYP = @WH_TYP
    AND  KIND   = @KIND
    AND  STN    = @STN
    AND (STATUS = 'Q' OR LUGG_NO <> '0')
  ORDER  BY     UPD_DT
21:46:10:058;ERR;[GetEmptyPltRequest] .. Failed to establish a connection to '10.117.3.174'.
  SELECT  * 
   FROM  HOST_EMPTY_PLT 
  WHERE  WH_TYP = @WH_TYP
    AND  KIND   = @KIND
    AND  STN    = @STN
    AND (STATUS = 'Q' OR LUGG_NO <> '0')
  ORDER  BY     UPD_DT
21:46:25:200;ERR;[GetEmptyPltRequest] .. Failed to establish a connection to '10.117.3.174'.
  SELECT  * 
   FROM  HOST_EMPTY_PLT 
  WHERE  WH_TYP = @WH_TYP
    AND  KIND   = @KIND
    AND  STN    = @STN
    AND (STATUS = 'Q' OR LUGG_NO <> '0')
  ORDER  BY     UPD_DT
21:46:25:205;IMP;이상 발생.DB Logout...
21:46:25:207;IMP;통신 쓰레드를 종료합니다.
21:46:29:233;IMP;DB 로그인 중...
21:46:29:239;IMP;DB 로그인 성공.
21:46:31:245;IMP;통신이 연결되었습니다.
21:48:17:598;ERR;[GetEmptyPltRequest] .. Failed to establish a connection to '10.117.3.174'.
  SELECT  * 
   FROM  HOST_EMPTY_PLT 
  WHERE  WH_TYP = @WH_TYP
    AND  KIND   = @KIND
    AND  STN    = @STN
    AND (STATUS = 'Q' OR LUGG_NO <> '0')
  ORDER  BY     UPD_DT
21:48:32:713;ERR;[GetEmptyPltRequest] .. Failed to establish a connection to '10.117.3.174'.
  SELECT  * 
   FROM  HOST_EMPTY_PLT 
  WHERE  WH_TYP = @WH_TYP
    AND  KIND   = @KIND
    AND  STN    = @STN
    AND (STATUS = 'Q' OR LUGG_NO <> '0')
  ORDER  BY     UPD_DT
21:48:47:822;ERR;[GetEmptyPltRequest] .. Failed to establish a connection to '10.117.3.174'.
  SELECT  * 
   FROM  HOST_EMPTY_PLT 
  WHERE  WH_TYP = @WH_TYP
    AND  KIND   = @KIND
    AND  STN    = @STN
    AND (STATUS = 'Q' OR LUGG_NO <> '0')
  ORDER  BY     UPD_DT
21:49:02:934;ERR;[GetEmptyPltRequest] .. Failed to establish a connection to '10.117.3.174'.
  SELECT  * 
   FROM  HOST_EMPTY_PLT 
  WHERE  WH_TYP = @WH_TYP
    AND  KIND   = @KIND
    AND  STN    = @STN
    AND (STATUS = 'Q' OR LUGG_NO <> '0')
  ORDER  BY     UPD_DT
21:49:02:943;IMP;이상 발생.DB Logout...
21:49:02:946;IMP;통신 쓰레드를 종료합니다.
21:49:06:971;IMP;DB 로그인 중...
21:49:06:993;IMP;DB 로그인 성공.
21:49:09:007;IMP;통신이 연결되었습니다.
21:50:55:314;ERR;[GetEmptyPltRequest] .. Failed to establish a connection to '10.117.3.174'.
  SELECT  * 
   FROM  HOST_EMPTY_PLT 
  WHERE  WH_TYP = @WH_TYP
    AND  KIND   = @KIND
    AND  STN    = @STN
    AND (STATUS = 'Q' OR LUGG_NO <> '0')
  ORDER  BY     UPD_DT
21:51:10:547;ERR;[GetEmptyPltRequest] .. Failed to establish a connection to '10.117.3.174'.
  SELECT  * 
   FROM  HOST_EMPTY_PLT 
  WHERE  WH_TYP = @WH_TYP
    AND  KIND   = @KIND
    AND  STN    = @STN
    AND (STATUS = 'Q' OR LUGG_NO <> '0')
  ORDER  BY     UPD_DT
21:51:25:791;ERR;[GetEmptyPltRequest] .. Failed to establish a connection to '10.117.3.174'.
  SELECT  * 
   FROM  HOST_EMPTY_PLT 
  WHERE  WH_TYP = @WH_TYP
    AND  KIND   = @KIND
    AND  STN    = @STN
    AND (STATUS = 'Q' OR LUGG_NO <> '0')
  ORDER  BY     UPD_DT
21:51:41:039;ERR;[GetEmptyPltRequest] .. Failed to establish a connection to '10.117.3.174'.
  SELECT  * 
   FROM  HOST_EMPTY_PLT 
  WHERE  WH_TYP = @WH_TYP
    AND  KIND   = @KIND
    AND  STN    = @STN
    AND (STATUS = 'Q' OR LUGG_NO <> '0')
  ORDER  BY     UPD_DT
21:51:41:060;IMP;이상 발생.DB Logout...
21:51:41:071;IMP;통신 쓰레드를 종료합니다.
21:51:45:112;IMP;DB 로그인 중...
21:51:45:133;IMP;DB 로그인 성공.
21:51:47:149;IMP;통신이 연결되었습니다.
21:53:33:484;ERR;[GetEmptyPltRequest] .. Failed to establish a connection to '10.117.3.174'.
  SELECT  * 
   FROM  HOST_EMPTY_PLT 
  WHERE  WH_TYP = @WH_TYP
    AND  KIND   = @KIND
    AND  STN    = @STN
    AND (STATUS = 'Q' OR LUGG_NO <> '0')
  ORDER  BY     UPD_DT
21:53:48:727;ERR;[GetEmptyPltRequest] .. Failed to establish a connection to '10.117.3.174'.
  SELECT  * 
   FROM  HOST_EMPTY_PLT 
  WHERE  WH_TYP = @WH_TYP
    AND  KIND   = @KIND
    AND  STN    = @STN
    AND (STATUS = 'Q' OR LUGG_NO <> '0')
  ORDER  BY     UPD_DT
21:54:04:013;ERR;[GetEmptyPltRequest] .. Failed to establish a connection to '10.117.3.174'.
  SELECT  * 
   FROM  HOST_EMPTY_PLT 
  WHERE  WH_TYP = @WH_TYP
    AND  KIND   = @KIND
    AND  STN    = @STN
    AND (STATUS = 'Q' OR LUGG_NO <> '0')
  ORDER  BY     UPD_DT
21:54:19:122;ERR;[GetEmptyPltRequest] .. Failed to establish a connection to '10.117.3.174'.
  SELECT  * 
   FROM  HOST_EMPTY_PLT 
  WHERE  WH_TYP = @WH_TYP
    AND  KIND   = @KIND
    AND  STN    = @STN
    AND (STATUS = 'Q' OR LUGG_NO <> '0')
  ORDER  BY     UPD_DT
21:54:19:126;IMP;이상 발생.DB Logout...
21:54:19:130;IMP;통신 쓰레드를 종료합니다.
21:54:23:156;IMP;DB 로그인 중...
21:54:23:163;IMP;DB 로그인 성공.
21:54:25:170;IMP;통신이 연결되었습니다.
21:56:11:063;ERR;[GetEmptyPltRequest] .. Failed to establish a connection to '10.117.3.174'.
  SELECT  * 
   FROM  HOST_EMPTY_PLT 
  WHERE  WH_TYP = @WH_TYP
    AND  KIND   = @KIND
    AND  STN    = @STN
    AND (STATUS = 'Q' OR LUGG_NO <> '0')
  ORDER  BY     UPD_DT
21:56:26:306;ERR;[GetEmptyPltRequest] .. Failed to establish a connection to '10.117.3.174'.
  SELECT  * 
   FROM  HOST_EMPTY_PLT 
  WHERE  WH_TYP = @WH_TYP
    AND  KIND   = @KIND
    AND  STN    = @STN
    AND (STATUS = 'Q' OR LUGG_NO <> '0')
  ORDER  BY     UPD_DT
21:56:41:515;ERR;[GetEmptyPltRequest] .. Failed to establish a connection to '10.117.3.174'.
  SELECT  * 
   FROM  HOST_EMPTY_PLT 
  WHERE  WH_TYP = @WH_TYP
    AND  KIND   = @KIND
    AND  STN    = @STN
    AND (STATUS = 'Q' OR LUGG_NO <> '0')
  ORDER  BY     UPD_DT
21:56:56:622;ERR;[GetEmptyPltRequest] .. Failed to establish a connection to '10.117.3.174'.
  SELECT  * 
   FROM  HOST_EMPTY_PLT 
  WHERE  WH_TYP = @WH_TYP
    AND  KIND   = @KIND
    AND  STN    = @STN
    AND (STATUS = 'Q' OR LUGG_NO <> '0')
  ORDER  BY     UPD_DT
21:56:56:627;IMP;이상 발생.DB Logout...
21:56:56:630;IMP;통신 쓰레드를 종료합니다.
21:57:00:688;IMP;DB 로그인 중...
21:57:00:706;IMP;DB 로그인 성공.
21:57:02:711;IMP;통신이 연결되었습니다.
21:58:48:795;ERR;[GetEmptyPltRequest] .. Failed to establish a connection to '10.117.3.174'.
  SELECT  * 
   FROM  HOST_EMPTY_PLT 
  WHERE  WH_TYP = @WH_TYP
    AND  KIND   = @KIND
    AND  STN    = @STN
    AND (STATUS = 'Q' OR LUGG_NO <> '0')
  ORDER  BY     UPD_DT
21:59:03:931;ERR;[GetEmptyPltRequest] .. Failed to establish a connection to '10.117.3.174'.
  SELECT  * 
   FROM  HOST_EMPTY_PLT 
  WHERE  WH_TYP = @WH_TYP
    AND  KIND   = @KIND
    AND  STN    = @STN
    AND (STATUS = 'Q' OR LUGG_NO <> '0')
  ORDER  BY     UPD_DT
21:59:19:073;ERR;[GetEmptyPltRequest] .. Failed to establish a connection to '10.117.3.174'.
  SELECT  * 
   FROM  HOST_EMPTY_PLT 
  WHERE  WH_TYP = @WH_TYP
    AND  KIND   = @KIND
    AND  STN    = @STN
    AND (STATUS = 'Q' OR LUGG_NO <> '0')
  ORDER  BY     UPD_DT
21:59:34:193;ERR;[GetEmptyPltRequest] .. Failed to establish a connection to '10.117.3.174'.
  SELECT  * 
   FROM  HOST_EMPTY_PLT 
  WHERE  WH_TYP = @WH_TYP
    AND  KIND   = @KIND
    AND  STN    = @STN
    AND (STATUS = 'Q' OR LUGG_NO <> '0')
  ORDER  BY     UPD_DT
21:59:34:195;IMP;이상 발생.DB Logout...
21:59:34:198;IMP;통신 쓰레드를 종료합니다.
21:59:38:223;IMP;DB 로그인 중...
21:59:38:244;IMP;DB 로그인 성공.
21:59:40:249;IMP;통신이 연결되었습니다.
22:01:25:993;ERR;[GetEmptyPltRequest] .. Failed to establish a connection to '10.117.3.174'.
  SELECT  * 
   FROM  HOST_EMPTY_PLT 
  WHERE  WH_TYP = @WH_TYP
    AND  KIND   = @KIND
    AND  STN    = @STN
    AND (STATUS = 'Q' OR LUGG_NO <> '0')
  ORDER  BY     UPD_DT
22:01:41:084;ERR;[GetEmptyPltRequest] .. Failed to establish a connection to '10.117.3.174'.
  SELECT  * 
   FROM  HOST_EMPTY_PLT 
  WHERE  WH_TYP = @WH_TYP
    AND  KIND   = @KIND
    AND  STN    = @STN
    AND (STATUS = 'Q' OR LUGG_NO <> '0')
  ORDER  BY     UPD_DT
22:01:56:188;ERR;[GetEmptyPltRequest] .. Failed to establish a connection to '10.117.3.174'.
  SELECT  * 
   FROM  HOST_EMPTY_PLT 
  WHERE  WH_TYP = @WH_TYP
    AND  KIND   = @KIND
    AND  STN    = @STN
    AND (STATUS = 'Q' OR LUGG_NO <> '0')
  ORDER  BY     UPD_DT
22:02:11:336;ERR;[GetEmptyPltRequest] .. Failed to establish a connection to '10.117.3.174'.
  SELECT  * 
   FROM  HOST_EMPTY_PLT 
  WHERE  WH_TYP = @WH_TYP
    AND  KIND   = @KIND
    AND  STN    = @STN
    AND (STATUS = 'Q' OR LUGG_NO <> '0')
  ORDER  BY     UPD_DT
22:02:11:338;IMP;이상 발생.DB Logout...
22:02:11:341;IMP;통신 쓰레드를 종료합니다.
22:02:15:374;IMP;DB 로그인 중...
22:02:15:383;IMP;DB 로그인 성공.
22:02:17:389;IMP;통신이 연결되었습니다.
22:04:03:356;ERR;[GetEmptyPltRequest] .. Failed to establish a connection to '10.117.3.174'.
  SELECT  * 
   FROM  HOST_EMPTY_PLT 
  WHERE  WH_TYP = @WH_TYP
    AND  KIND   = @KIND
    AND  STN    = @STN
    AND (STATUS = 'Q' OR LUGG_NO <> '0')
  ORDER  BY     UPD_DT
22:04:18:546;ERR;[GetEmptyPltRequest] .. Failed to establish a connection to '10.117.3.174'.
  SELECT  * 
   FROM  HOST_EMPTY_PLT 
  WHERE  WH_TYP = @WH_TYP
    AND  KIND   = @KIND
    AND  STN    = @STN
    AND (STATUS = 'Q' OR LUGG_NO <> '0')
  ORDER  BY     UPD_DT
22:04:33:698;ERR;[GetEmptyPltRequest] .. Failed to establish a connection to '10.117.3.174'.
  SELECT  * 
   FROM  HOST_EMPTY_PLT 
  WHERE  WH_TYP = @WH_TYP
    AND  KIND   = @KIND
    AND  STN    = @STN
    AND (STATUS = 'Q' OR LUGG_NO <> '0')
  ORDER  BY     UPD_DT
22:04:48:851;ERR;[GetEmptyPltRequest] .. Failed to establish a connection to '10.117.3.174'.
  SELECT  * 
   FROM  HOST_EMPTY_PLT 
  WHERE  WH_TYP = @WH_TYP
    AND  KIND   = @KIND
    AND  STN    = @STN
    AND (STATUS = 'Q' OR LUGG_NO <> '0')
  ORDER  BY     UPD_DT
22:04:48:872;IMP;이상 발생.DB Logout...
22:04:48:878;IMP;통신 쓰레드를 종료합니다.
22:04:52:904;IMP;DB 로그인 중...
22:04:52:943;IMP;DB 로그인 성공.
22:04:54:955;IMP;통신이 연결되었습니다.
22:06:41:107;ERR;[GetEmptyPltRequest] .. Failed to establish a connection to '10.117.3.174'.
  SELECT  * 
   FROM  HOST_EMPTY_PLT 
  WHERE  WH_TYP = @WH_TYP
    AND  KIND   = @KIND
    AND  STN    = @STN
    AND (STATUS = 'Q' OR LUGG_NO <> '0')
  ORDER  BY     UPD_DT
22:06:56:317;ERR;[GetEmptyPltRequest] .. Failed to establish a connection to '10.117.3.174'.
  SELECT  * 
   FROM  HOST_EMPTY_PLT 
  WHERE  WH_TYP = @WH_TYP
    AND  KIND   = @KIND
    AND  STN    = @STN
    AND (STATUS = 'Q' OR LUGG_NO <> '0')
  ORDER  BY     UPD_DT
22:07:11:440;ERR;[GetEmptyPltRequest] .. Failed to establish a connection to '10.117.3.174'.
  SELECT  * 
   FROM  HOST_EMPTY_PLT 
  WHERE  WH_TYP = @WH_TYP
    AND  KIND   = @KIND
    AND  STN    = @STN
    AND (STATUS = 'Q' OR LUGG_NO <> '0')
  ORDER  BY     UPD_DT
22:07:26:527;ERR;[GetEmptyPltRequest] .. Failed to establish a connection to '10.117.3.174'.
  SELECT  * 
   FROM  HOST_EMPTY_PLT 
  WHERE  WH_TYP = @WH_TYP
    AND  KIND   = @KIND
    AND  STN    = @STN
    AND (STATUS = 'Q' OR LUGG_NO <> '0')
  ORDER  BY     UPD_DT
22:07:26:530;IMP;이상 발생.DB Logout...
22:07:26:533;IMP;통신 쓰레드를 종료합니다.
22:07:30:558;IMP;DB 로그인 중...
22:07:30:577;IMP;DB 로그인 성공.
22:07:32:586;IMP;통신이 연결되었습니다.
22:09:18:595;ERR;[GetEmptyPltRequest] .. Failed to establish a connection to '10.117.3.174'.
  SELECT  * 
   FROM  HOST_EMPTY_PLT 
  WHERE  WH_TYP = @WH_TYP
    AND  KIND   = @KIND
    AND  STN    = @STN
    AND (STATUS = 'Q' OR LUGG_NO <> '0')
  ORDER  BY     UPD_DT
22:09:33:806;ERR;[GetEmptyPltRequest] .. Failed to establish a connection to '10.117.3.174'.
  SELECT  * 
   FROM  HOST_EMPTY_PLT 
  WHERE  WH_TYP = @WH_TYP
    AND  KIND   = @KIND
    AND  STN    = @STN
    AND (STATUS = 'Q' OR LUGG_NO <> '0')
  ORDER  BY     UPD_DT
22:09:49:012;ERR;[GetEmptyPltRequest] .. Failed to establish a connection to '10.117.3.174'.
  SELECT  * 
   FROM  HOST_EMPTY_PLT 
  WHERE  WH_TYP = @WH_TYP
    AND  KIND   = @KIND
    AND  STN    = @STN
    AND (STATUS = 'Q' OR LUGG_NO <> '0')
  ORDER  BY     UPD_DT
22:10:04:185;ERR;[GetEmptyPltRequest] .. Failed to establish a connection to '10.117.3.174'.
  SELECT  * 
   FROM  HOST_EMPTY_PLT 
  WHERE  WH_TYP = @WH_TYP
    AND  KIND   = @KIND
    AND  STN    = @STN
    AND (STATUS = 'Q' OR LUGG_NO <> '0')
  ORDER  BY     UPD_DT
22:10:04:192;IMP;이상 발생.DB Logout...
22:10:04:197;IMP;통신 쓰레드를 종료합니다.
22:10:08:255;IMP;DB 로그인 중...
22:10:08:264;IMP;DB 로그인 성공.
22:10:10:269;IMP;통신이 연결되었습니다.
22:11:56:363;ERR;[GetEmptyPltRequest] .. Failed to establish a connection to '10.117.3.174'.
  SELECT  * 
   FROM  HOST_EMPTY_PLT 
  WHERE  WH_TYP = @WH_TYP
    AND  KIND   = @KIND
    AND  STN    = @STN
    AND (STATUS = 'Q' OR LUGG_NO <> '0')
  ORDER  BY     UPD_DT
22:12:11:481;ERR;[GetEmptyPltRequest] .. Failed to establish a connection to '10.117.3.174'.
  SELECT  * 
   FROM  HOST_EMPTY_PLT 
  WHERE  WH_TYP = @WH_TYP
    AND  KIND   = @KIND
    AND  STN    = @STN
    AND (STATUS = 'Q' OR LUGG_NO <> '0')
  ORDER  BY     UPD_DT
22:12:26:723;ERR;[GetEmptyPltRequest] .. Failed to establish a connection to '10.117.3.174'.
  SELECT  * 
   FROM  HOST_EMPTY_PLT 
  WHERE  WH_TYP = @WH_TYP
    AND  KIND   = @KIND
    AND  STN    = @STN
    AND (STATUS = 'Q' OR LUGG_NO <> '0')
  ORDER  BY     UPD_DT
22:12:41:871;ERR;[GetEmptyPltRequest] .. Failed to establish a connection to '10.117.3.174'.
  SELECT  * 
   FROM  HOST_EMPTY_PLT 
  WHERE  WH_TYP = @WH_TYP
    AND  KIND   = @KIND
    AND  STN    = @STN
    AND (STATUS = 'Q' OR LUGG_NO <> '0')
  ORDER  BY     UPD_DT
22:12:41:873;IMP;이상 발생.DB Logout...
22:12:41:876;IMP;통신 쓰레드를 종료합니다.
22:12:45:915;IMP;DB 로그인 중...
22:12:45:931;IMP;DB 로그인 성공.
22:12:47:935;IMP;통신이 연결되었습니다.
22:14:34:133;ERR;[GetEmptyPltRequest] .. Failed to establish a connection to '10.117.3.174'.
  SELECT  * 
   FROM  HOST_EMPTY_PLT 
  WHERE  WH_TYP = @WH_TYP
    AND  KIND   = @KIND
    AND  STN    = @STN
    AND (STATUS = 'Q' OR LUGG_NO <> '0')
  ORDER  BY     UPD_DT
22:14:49:385;ERR;[GetEmptyPltRequest] .. Failed to establish a connection to '10.117.3.174'.
  SELECT  * 
   FROM  HOST_EMPTY_PLT 
  WHERE  WH_TYP = @WH_TYP
    AND  KIND   = @KIND
    AND  STN    = @STN
    AND (STATUS = 'Q' OR LUGG_NO <> '0')
  ORDER  BY     UPD_DT
22:15:04:656;ERR;[GetEmptyPltRequest] .. Failed to establish a connection to '10.117.3.174'.
  SELECT  * 
   FROM  HOST_EMPTY_PLT 
  WHERE  WH_TYP = @WH_TYP
    AND  KIND   = @KIND
    AND  STN    = @STN
    AND (STATUS = 'Q' OR LUGG_NO <> '0')
  ORDER  BY     UPD_DT
22:15:19:869;ERR;[GetEmptyPltRequest] .. Failed to establish a connection to '10.117.3.174'.
  SELECT  * 
   FROM  HOST_EMPTY_PLT 
  WHERE  WH_TYP = @WH_TYP
    AND  KIND   = @KIND
    AND  STN    = @STN
    AND (STATUS = 'Q' OR LUGG_NO <> '0')
  ORDER  BY     UPD_DT
22:15:19:872;IMP;이상 발생.DB Logout...
22:15:19:874;IMP;통신 쓰레드를 종료합니다.
22:15:23:905;IMP;DB 로그인 중...
22:15:23:925;IMP;DB 로그인 성공.
22:15:25:938;IMP;통신이 연결되었습니다.
22:17:12:434;ERR;[GetEmptyPltRequest] .. Failed to establish a connection to '10.117.3.174'.
  SELECT  * 
   FROM  HOST_EMPTY_PLT 
  WHERE  WH_TYP = @WH_TYP
    AND  KIND   = @KIND
    AND  STN    = @STN
    AND (STATUS = 'Q' OR LUGG_NO <> '0')
  ORDER  BY     UPD_DT
22:17:27:613;ERR;[GetEmptyPltRequest] .. Failed to establish a connection to '10.117.3.174'.
  SELECT  * 
   FROM  HOST_EMPTY_PLT 
  WHERE  WH_TYP = @WH_TYP
    AND  KIND   = @KIND
    AND  STN    = @STN
    AND (STATUS = 'Q' OR LUGG_NO <> '0')
  ORDER  BY     UPD_DT
22:17:42:745;ERR;[GetEmptyPltRequest] .. Failed to establish a connection to '10.117.3.174'.
  SELECT  * 
   FROM  HOST_EMPTY_PLT 
  WHERE  WH_TYP = @WH_TYP
    AND  KIND   = @KIND
    AND  STN    = @STN
    AND (STATUS = 'Q' OR LUGG_NO <> '0')
  ORDER  BY     UPD_DT
22:17:57:991;ERR;[GetEmptyPltRequest] .. Failed to establish a connection to '10.117.3.174'.
  SELECT  * 
   FROM  HOST_EMPTY_PLT 
  WHERE  WH_TYP = @WH_TYP
    AND  KIND   = @KIND
    AND  STN    = @STN
    AND (STATUS = 'Q' OR LUGG_NO <> '0')
  ORDER  BY     UPD_DT
22:17:58:000;IMP;이상 발생.DB Logout...
22:17:58:007;IMP;통신 쓰레드를 종료합니다.
22:18:02:035;IMP;DB 로그인 중...
22:18:02:050;IMP;DB 로그인 성공.
22:18:04:063;IMP;통신이 연결되었습니다.
22:19:50:368;ERR;[GetEmptyPltRequest] .. Failed to establish a connection to '10.117.3.174'.
  SELECT  * 
   FROM  HOST_EMPTY_PLT 
  WHERE  WH_TYP = @WH_TYP
    AND  KIND   = @KIND
    AND  STN    = @STN
    AND (STATUS = 'Q' OR LUGG_NO <> '0')
  ORDER  BY     UPD_DT
22:20:05:484;ERR;[GetEmptyPltRequest] .. Failed to establish a connection to '10.117.3.174'.
  SELECT  * 
   FROM  HOST_EMPTY_PLT 
  WHERE  WH_TYP = @WH_TYP
    AND  KIND   = @KIND
    AND  STN    = @STN
    AND (STATUS = 'Q' OR LUGG_NO <> '0')
  ORDER  BY     UPD_DT
22:20:20:723;ERR;[GetEmptyPltRequest] .. Failed to establish a connection to '10.117.3.174'.
  SELECT  * 
   FROM  HOST_EMPTY_PLT 
  WHERE  WH_TYP = @WH_TYP
    AND  KIND   = @KIND
    AND  STN    = @STN
    AND (STATUS = 'Q' OR LUGG_NO <> '0')
  ORDER  BY     UPD_DT
22:20:35:880;ERR;[GetEmptyPltRequest] .. Failed to establish a connection to '10.117.3.174'.
  SELECT  * 
   FROM  HOST_EMPTY_PLT 
  WHERE  WH_TYP = @WH_TYP
    AND  KIND   = @KIND
    AND  STN    = @STN
    AND (STATUS = 'Q' OR LUGG_NO <> '0')
  ORDER  BY     UPD_DT
22:20:35:884;IMP;이상 발생.DB Logout...
22:20:35:887;IMP;통신 쓰레드를 종료합니다.
22:20:39:913;IMP;DB 로그인 중...
22:20:39:923;IMP;DB 로그인 성공.
22:20:41:933;IMP;통신이 연결되었습니다.
22:22:28:157;ERR;[GetEmptyPltRequest] .. Failed to establish a connection to '10.117.3.174'.
  SELECT  * 
   FROM  HOST_EMPTY_PLT 
  WHERE  WH_TYP = @WH_TYP
    AND  KIND   = @KIND
    AND  STN    = @STN
    AND (STATUS = 'Q' OR LUGG_NO <> '0')
  ORDER  BY     UPD_DT
22:22:43:282;ERR;[GetEmptyPltRequest] .. Failed to establish a connection to '10.117.3.174'.
  SELECT  * 
   FROM  HOST_EMPTY_PLT 
  WHERE  WH_TYP = @WH_TYP
    AND  KIND   = @KIND
    AND  STN    = @STN
    AND (STATUS = 'Q' OR LUGG_NO <> '0')
  ORDER  BY     UPD_DT
22:22:58:511;ERR;[GetEmptyPltRequest] .. Failed to establish a connection to '10.117.3.174'.
  SELECT  * 
   FROM  HOST_EMPTY_PLT 
  WHERE  WH_TYP = @WH_TYP
    AND  KIND   = @KIND
    AND  STN    = @STN
    AND (STATUS = 'Q' OR LUGG_NO <> '0')
  ORDER  BY     UPD_DT
22:23:13:759;ERR;[GetEmptyPltRequest] .. Failed to establish a connection to '10.117.3.174'.
  SELECT  * 
   FROM  HOST_EMPTY_PLT 
  WHERE  WH_TYP = @WH_TYP
    AND  KIND   = @KIND
    AND  STN    = @STN
    AND (STATUS = 'Q' OR LUGG_NO <> '0')
  ORDER  BY     UPD_DT
22:23:13:771;IMP;이상 발생.DB Logout...
22:23:13:786;IMP;통신 쓰레드를 종료합니다.
22:23:17:827;IMP;DB 로그인 중...
22:23:17:850;IMP;DB 로그인 성공.
22:23:19:862;IMP;통신이 연결되었습니다.
22:25:06:259;ERR;[GetEmptyPltRequest] .. Failed to establish a connection to '10.117.3.174'.
  SELECT  * 
   FROM  HOST_EMPTY_PLT 
  WHERE  WH_TYP = @WH_TYP
    AND  KIND   = @KIND
    AND  STN    = @STN
    AND (STATUS = 'Q' OR LUGG_NO <> '0')
  ORDER  BY     UPD_DT
22:25:21:367;ERR;[GetEmptyPltRequest] .. Failed to establish a connection to '10.117.3.174'.
  SELECT  * 
   FROM  HOST_EMPTY_PLT 
  WHERE  WH_TYP = @WH_TYP
    AND  KIND   = @KIND
    AND  STN    = @STN
    AND (STATUS = 'Q' OR LUGG_NO <> '0')
  ORDER  BY     UPD_DT
22:25:36:619;ERR;[GetEmptyPltRequest] .. Failed to establish a connection to '10.117.3.174'.
  SELECT  * 
   FROM  HOST_EMPTY_PLT 
  WHERE  WH_TYP = @WH_TYP
    AND  KIND   = @KIND
    AND  STN    = @STN
    AND (STATUS = 'Q' OR LUGG_NO <> '0')
  ORDER  BY     UPD_DT
22:25:51:922;ERR;[GetEmptyPltRequest] .. Failed to establish a connection to '10.117.3.174'.
  SELECT  * 
   FROM  HOST_EMPTY_PLT 
  WHERE  WH_TYP = @WH_TYP
    AND  KIND   = @KIND
    AND  STN    = @STN
    AND (STATUS = 'Q' OR LUGG_NO <> '0')
  ORDER  BY     UPD_DT
22:25:51:936;IMP;이상 발생.DB Logout...
22:25:51:963;IMP;통신 쓰레드를 종료합니다.
22:25:56:004;IMP;DB 로그인 중...
22:25:56:014;IMP;DB 로그인 성공.
22:25:58:020;IMP;통신이 연결되었습니다.
22:27:44:472;ERR;[GetEmptyPltRequest] .. Failed to establish a connection to '10.117.3.174'.
  SELECT  * 
   FROM  HOST_EMPTY_PLT 
  WHERE  WH_TYP = @WH_TYP
    AND  KIND   = @KIND
    AND  STN    = @STN
    AND (STATUS = 'Q' OR LUGG_NO <> '0')
  ORDER  BY     UPD_DT
22:27:59:688;ERR;[GetEmptyPltRequest] .. Failed to establish a connection to '10.117.3.174'.
  SELECT  * 
   FROM  HOST_EMPTY_PLT 
  WHERE  WH_TYP = @WH_TYP
    AND  KIND   = @KIND
    AND  STN    = @STN
    AND (STATUS = 'Q' OR LUGG_NO <> '0')
  ORDER  BY     UPD_DT
22:28:14:920;ERR;[GetEmptyPltRequest] .. Failed to establish a connection to '10.117.3.174'.
  SELECT  * 
   FROM  HOST_EMPTY_PLT 
  WHERE  WH_TYP = @WH_TYP
    AND  KIND   = @KIND
    AND  STN    = @STN
    AND (STATUS = 'Q' OR LUGG_NO <> '0')
  ORDER  BY     UPD_DT
22:28:30:161;ERR;[GetEmptyPltRequest] .. Failed to establish a connection to '10.117.3.174'.
  SELECT  * 
   FROM  HOST_EMPTY_PLT 
  WHERE  WH_TYP = @WH_TYP
    AND  KIND   = @KIND
    AND  STN    = @STN
    AND (STATUS = 'Q' OR LUGG_NO <> '0')
  ORDER  BY     UPD_DT
22:28:30:166;IMP;이상 발생.DB Logout...
22:28:30:173;IMP;통신 쓰레드를 종료합니다.
22:28:34:205;IMP;DB 로그인 중...
22:28:34:227;IMP;DB 로그인 성공.
22:28:36:235;IMP;통신이 연결되었습니다.
22:30:22:543;ERR;[GetEmptyPltRequest] .. Failed to establish a connection to '10.117.3.174'.
  SELECT  * 
   FROM  HOST_EMPTY_PLT 
  WHERE  WH_TYP = @WH_TYP
    AND  KIND   = @KIND
    AND  STN    = @STN
    AND (STATUS = 'Q' OR LUGG_NO <> '0')
  ORDER  BY     UPD_DT
22:30:37:658;ERR;[GetEmptyPltRequest] .. Failed to establish a connection to '10.117.3.174'.
  SELECT  * 
   FROM  HOST_EMPTY_PLT 
  WHERE  WH_TYP = @WH_TYP
    AND  KIND   = @KIND
    AND  STN    = @STN
    AND (STATUS = 'Q' OR LUGG_NO <> '0')
  ORDER  BY     UPD_DT
22:30:52:788;ERR;[GetEmptyPltRequest] .. Failed to establish a connection to '10.117.3.174'.
  SELECT  * 
   FROM  HOST_EMPTY_PLT 
  WHERE  WH_TYP = @WH_TYP
    AND  KIND   = @KIND
    AND  STN    = @STN
    AND (STATUS = 'Q' OR LUGG_NO <> '0')
  ORDER  BY     UPD_DT
22:31:07:893;ERR;[GetEmptyPltRequest] .. Failed to establish a connection to '10.117.3.174'.
  SELECT  * 
   FROM  HOST_EMPTY_PLT 
  WHERE  WH_TYP = @WH_TYP
    AND  KIND   = @KIND
    AND  STN    = @STN
    AND (STATUS = 'Q' OR LUGG_NO <> '0')
  ORDER  BY     UPD_DT
22:31:07:900;IMP;이상 발생.DB Logout...
22:31:07:902;IMP;통신 쓰레드를 종료합니다.
22:31:11:935;IMP;DB 로그인 중...
22:31:11:952;IMP;DB 로그인 성공.
22:31:13:962;IMP;통신이 연결되었습니다.
22:33:00:392;ERR;[GetEmptyPltRequest] .. Failed to establish a connection to '10.117.3.174'.
  SELECT  * 
   FROM  HOST_EMPTY_PLT 
  WHERE  WH_TYP = @WH_TYP
    AND  KIND   = @KIND
    AND  STN    = @STN
    AND (STATUS = 'Q' OR LUGG_NO <> '0')
  ORDER  BY     UPD_DT
22:33:15:599;ERR;[GetEmptyPltRequest] .. Failed to establish a connection to '10.117.3.174'.
  SELECT  * 
   FROM  HOST_EMPTY_PLT 
  WHERE  WH_TYP = @WH_TYP
    AND  KIND   = @KIND
    AND  STN    = @STN
    AND (STATUS = 'Q' OR LUGG_NO <> '0')
  ORDER  BY     UPD_DT
22:33:30:831;ERR;[GetEmptyPltRequest] .. Failed to establish a connection to '10.117.3.174'.
  SELECT  * 
   FROM  HOST_EMPTY_PLT 
  WHERE  WH_TYP = @WH_TYP
    AND  KIND   = @KIND
    AND  STN    = @STN
    AND (STATUS = 'Q' OR LUGG_NO <> '0')
  ORDER  BY     UPD_DT
22:33:46:067;ERR;[GetEmptyPltRequest] .. Failed to establish a connection to '10.117.3.174'.
  SELECT  * 
   FROM  HOST_EMPTY_PLT 
  WHERE  WH_TYP = @WH_TYP
    AND  KIND   = @KIND
    AND  STN    = @STN
    AND (STATUS = 'Q' OR LUGG_NO <> '0')
  ORDER  BY     UPD_DT
22:33:46:103;IMP;이상 발생.DB Logout...
22:33:46:115;IMP;통신 쓰레드를 종료합니다.
22:33:50:147;IMP;DB 로그인 중...
22:33:50:169;IMP;DB 로그인 성공.
22:33:52:183;IMP;통신이 연결되었습니다.
22:35:38:650;ERR;[GetEmptyPltRequest] .. Failed to establish a connection to '10.117.3.174'.
  SELECT  * 
   FROM  HOST_EMPTY_PLT 
  WHERE  WH_TYP = @WH_TYP
    AND  KIND   = @KIND
    AND  STN    = @STN
    AND (STATUS = 'Q' OR LUGG_NO <> '0')
  ORDER  BY     UPD_DT
22:35:53:879;ERR;[GetEmptyPltRequest] .. Failed to establish a connection to '10.117.3.174'.
  SELECT  * 
   FROM  HOST_EMPTY_PLT 
  WHERE  WH_TYP = @WH_TYP
    AND  KIND   = @KIND
    AND  STN    = @STN
    AND (STATUS = 'Q' OR LUGG_NO <> '0')
  ORDER  BY     UPD_DT
22:36:09:020;ERR;[GetEmptyPltRequest] .. Failed to establish a connection to '10.117.3.174'.
  SELECT  * 
   FROM  HOST_EMPTY_PLT 
  WHERE  WH_TYP = @WH_TYP
    AND  KIND   = @KIND
    AND  STN    = @STN
    AND (STATUS = 'Q' OR LUGG_NO <> '0')
  ORDER  BY     UPD_DT
22:36:24:136;ERR;[GetEmptyPltRequest] .. Failed to establish a connection to '10.117.3.174'.
  SELECT  * 
   FROM  HOST_EMPTY_PLT 
  WHERE  WH_TYP = @WH_TYP
    AND  KIND   = @KIND
    AND  STN    = @STN
    AND (STATUS = 'Q' OR LUGG_NO <> '0')
  ORDER  BY     UPD_DT
22:36:24:140;IMP;이상 발생.DB Logout...
22:36:24:143;IMP;통신 쓰레드를 종료합니다.
22:36:28:178;IMP;DB 로그인 중...
22:36:28:203;IMP;DB 로그인 성공.
22:36:30:214;IMP;통신이 연결되었습니다.
22:38:16:245;ERR;[GetEmptyPltRequest] .. Failed to establish a connection to '10.117.3.174'.
  SELECT  * 
   FROM  HOST_EMPTY_PLT 
  WHERE  WH_TYP = @WH_TYP
    AND  KIND   = @KIND
    AND  STN    = @STN
    AND (STATUS = 'Q' OR LUGG_NO <> '0')
  ORDER  BY     UPD_DT
22:38:31:310;ERR;[GetEmptyPltRequest] .. Failed to establish a connection to '10.117.3.174'.
  SELECT  * 
   FROM  HOST_EMPTY_PLT 
  WHERE  WH_TYP = @WH_TYP
    AND  KIND   = @KIND
    AND  STN    = @STN
    AND (STATUS = 'Q' OR LUGG_NO <> '0')
  ORDER  BY     UPD_DT
22:38:46:366;ERR;[GetEmptyPltRequest] .. Failed to establish a connection to '10.117.3.174'.
  SELECT  * 
   FROM  HOST_EMPTY_PLT 
  WHERE  WH_TYP = @WH_TYP
    AND  KIND   = @KIND
    AND  STN    = @STN
    AND (STATUS = 'Q' OR LUGG_NO <> '0')
  ORDER  BY     UPD_DT
22:39:01:422;ERR;[GetEmptyPltRequest] .. Failed to establish a connection to '10.117.3.174'.
  SELECT  * 
   FROM  HOST_EMPTY_PLT 
  WHERE  WH_TYP = @WH_TYP
    AND  KIND   = @KIND
    AND  STN    = @STN
    AND (STATUS = 'Q' OR LUGG_NO <> '0')
  ORDER  BY     UPD_DT
22:39:01:425;IMP;이상 발생.DB Logout...
22:39:01:426;IMP;통신 쓰레드를 종료합니다.
22:39:05:451;IMP;DB 로그인 중...
22:39:05:456;IMP;DB 로그인 성공.
22:39:07:468;IMP;통신이 연결되었습니다.
22:40:52:884;ERR;[GetEmptyPltRequest] .. Failed to establish a connection to '10.117.3.174'.
  SELECT  * 
   FROM  HOST_EMPTY_PLT 
  WHERE  WH_TYP = @WH_TYP
    AND  KIND   = @KIND
    AND  STN    = @STN
    AND (STATUS = 'Q' OR LUGG_NO <> '0')
  ORDER  BY     UPD_DT
22:41:07:943;ERR;[GetEmptyPltRequest] .. Failed to establish a connection to '10.117.3.174'.
  SELECT  * 
   FROM  HOST_EMPTY_PLT 
  WHERE  WH_TYP = @WH_TYP
    AND  KIND   = @KIND
    AND  STN    = @STN
    AND (STATUS = 'Q' OR LUGG_NO <> '0')
  ORDER  BY     UPD_DT
22:41:23:001;ERR;[GetEmptyPltRequest] .. Failed to establish a connection to '10.117.3.174'.
  SELECT  * 
   FROM  HOST_EMPTY_PLT 
  WHERE  WH_TYP = @WH_TYP
    AND  KIND   = @KIND
    AND  STN    = @STN
    AND (STATUS = 'Q' OR LUGG_NO <> '0')
  ORDER  BY     UPD_DT
22:41:38:054;ERR;[GetEmptyPltRequest] .. Failed to establish a connection to '10.117.3.174'.
  SELECT  * 
   FROM  HOST_EMPTY_PLT 
  WHERE  WH_TYP = @WH_TYP
    AND  KIND   = @KIND
    AND  STN    = @STN
    AND (STATUS = 'Q' OR LUGG_NO <> '0')
  ORDER  BY     UPD_DT
22:41:38:056;IMP;이상 발생.DB Logout...
22:41:38:059;IMP;통신 쓰레드를 종료합니다.
22:41:42:100;IMP;DB 로그인 중...
22:41:42:103;IMP;DB 로그인 성공.
22:41:44:105;IMP;통신이 연결되었습니다.
22:43:29:508;ERR;[GetEmptyPltRequest] .. Failed to establish a connection to '10.117.3.174'.
  SELECT  * 
   FROM  HOST_EMPTY_PLT 
  WHERE  WH_TYP = @WH_TYP
    AND  KIND   = @KIND
    AND  STN    = @STN
    AND (STATUS = 'Q' OR LUGG_NO <> '0')
  ORDER  BY     UPD_DT
22:43:44:563;ERR;[GetEmptyPltRequest] .. Failed to establish a connection to '10.117.3.174'.
  SELECT  * 
   FROM  HOST_EMPTY_PLT 
  WHERE  WH_TYP = @WH_TYP
    AND  KIND   = @KIND
    AND  STN    = @STN
    AND (STATUS = 'Q' OR LUGG_NO <> '0')
  ORDER  BY     UPD_DT
22:43:59:621;ERR;[GetEmptyPltRequest] .. Failed to establish a connection to '10.117.3.174'.
  SELECT  * 
   FROM  HOST_EMPTY_PLT 
  WHERE  WH_TYP = @WH_TYP
    AND  KIND   = @KIND
    AND  STN    = @STN
    AND (STATUS = 'Q' OR LUGG_NO <> '0')
  ORDER  BY     UPD_DT
22:44:14:673;ERR;[GetEmptyPltRequest] .. Failed to establish a connection to '10.117.3.174'.
  SELECT  * 
   FROM  HOST_EMPTY_PLT 
  WHERE  WH_TYP = @WH_TYP
    AND  KIND   = @KIND
    AND  STN    = @STN
    AND (STATUS = 'Q' OR LUGG_NO <> '0')
  ORDER  BY     UPD_DT
22:44:14:675;IMP;이상 발생.DB Logout...
22:44:14:676;IMP;통신 쓰레드를 종료합니다.
22:44:18:699;IMP;DB 로그인 중...
22:44:18:703;IMP;DB 로그인 성공.
22:44:20:704;IMP;통신이 연결되었습니다.
22:46:06:108;ERR;[GetEmptyPltRequest] .. Failed to establish a connection to '10.117.3.174'.
  SELECT  * 
   FROM  HOST_EMPTY_PLT 
  WHERE  WH_TYP = @WH_TYP
    AND  KIND   = @KIND
    AND  STN    = @STN
    AND (STATUS = 'Q' OR LUGG_NO <> '0')
  ORDER  BY     UPD_DT
22:46:21:161;ERR;[GetEmptyPltRequest] .. Failed to establish a connection to '10.117.3.174'.
  SELECT  * 
   FROM  HOST_EMPTY_PLT 
  WHERE  WH_TYP = @WH_TYP
    AND  KIND   = @KIND
    AND  STN    = @STN
    AND (STATUS = 'Q' OR LUGG_NO <> '0')
  ORDER  BY     UPD_DT
22:46:36:216;ERR;[GetEmptyPltRequest] .. Failed to establish a connection to '10.117.3.174'.
  SELECT  * 
   FROM  HOST_EMPTY_PLT 
  WHERE  WH_TYP = @WH_TYP
    AND  KIND   = @KIND
    AND  STN    = @STN
    AND (STATUS = 'Q' OR LUGG_NO <> '0')
  ORDER  BY     UPD_DT
22:46:51:275;ERR;[GetEmptyPltRequest] .. Failed to establish a connection to '10.117.3.174'.
  SELECT  * 
   FROM  HOST_EMPTY_PLT 
  WHERE  WH_TYP = @WH_TYP
    AND  KIND   = @KIND
    AND  STN    = @STN
    AND (STATUS = 'Q' OR LUGG_NO <> '0')
  ORDER  BY     UPD_DT
22:46:51:276;IMP;이상 발생.DB Logout...
22:46:51:277;IMP;통신 쓰레드를 종료합니다.
22:46:55:302;IMP;DB 로그인 중...
22:46:55:305;IMP;DB 로그인 성공.
22:46:57:308;IMP;통신이 연결되었습니다.
22:48:42:708;ERR;[GetEmptyPltRequest] .. Failed to establish a connection to '10.117.3.174'.
  SELECT  * 
   FROM  HOST_EMPTY_PLT 
  WHERE  WH_TYP = @WH_TYP
    AND  KIND   = @KIND
    AND  STN    = @STN
    AND (STATUS = 'Q' OR LUGG_NO <> '0')
  ORDER  BY     UPD_DT
22:48:57:764;ERR;[GetEmptyPltRequest] .. Failed to establish a connection to '10.117.3.174'.
  SELECT  * 
   FROM  HOST_EMPTY_PLT 
  WHERE  WH_TYP = @WH_TYP
    AND  KIND   = @KIND
    AND  STN    = @STN
    AND (STATUS = 'Q' OR LUGG_NO <> '0')
  ORDER  BY     UPD_DT
22:49:12:822;ERR;[GetEmptyPltRequest] .. Failed to establish a connection to '10.117.3.174'.
  SELECT  * 
   FROM  HOST_EMPTY_PLT 
  WHERE  WH_TYP = @WH_TYP
    AND  KIND   = @KIND
    AND  STN    = @STN
    AND (STATUS = 'Q' OR LUGG_NO <> '0')
  ORDER  BY     UPD_DT
22:49:27:878;ERR;[GetEmptyPltRequest] .. Failed to establish a connection to '10.117.3.174'.
  SELECT  * 
   FROM  HOST_EMPTY_PLT 
  WHERE  WH_TYP = @WH_TYP
    AND  KIND   = @KIND
    AND  STN    = @STN
    AND (STATUS = 'Q' OR LUGG_NO <> '0')
  ORDER  BY     UPD_DT
22:49:27:880;IMP;이상 발생.DB Logout...
22:49:27:881;IMP;통신 쓰레드를 종료합니다.
22:49:31:905;IMP;DB 로그인 중...
22:49:31:909;IMP;DB 로그인 성공.
22:49:33:912;IMP;통신이 연결되었습니다.
22:51:19:330;ERR;[GetEmptyPltRequest] .. Failed to establish a connection to '10.117.3.174'.
  SELECT  * 
   FROM  HOST_EMPTY_PLT 
  WHERE  WH_TYP = @WH_TYP
    AND  KIND   = @KIND
    AND  STN    = @STN
    AND (STATUS = 'Q' OR LUGG_NO <> '0')
  ORDER  BY     UPD_DT
22:51:34:388;ERR;[GetEmptyPltRequest] .. Failed to establish a connection to '10.117.3.174'.
  SELECT  * 
   FROM  HOST_EMPTY_PLT 
  WHERE  WH_TYP = @WH_TYP
    AND  KIND   = @KIND
    AND  STN    = @STN
    AND (STATUS = 'Q' OR LUGG_NO <> '0')
  ORDER  BY     UPD_DT
22:51:49:443;ERR;[GetEmptyPltRequest] .. Failed to establish a connection to '10.117.3.174'.
  SELECT  * 
   FROM  HOST_EMPTY_PLT 
  WHERE  WH_TYP = @WH_TYP
    AND  KIND   = @KIND
    AND  STN    = @STN
    AND (STATUS = 'Q' OR LUGG_NO <> '0')
  ORDER  BY     UPD_DT
22:52:04:497;ERR;[GetEmptyPltRequest] .. Failed to establish a connection to '10.117.3.174'.
  SELECT  * 
   FROM  HOST_EMPTY_PLT 
  WHERE  WH_TYP = @WH_TYP
    AND  KIND   = @KIND
    AND  STN    = @STN
    AND (STATUS = 'Q' OR LUGG_NO <> '0')
  ORDER  BY     UPD_DT
22:52:04:500;IMP;이상 발생.DB Logout...
22:52:04:501;IMP;통신 쓰레드를 종료합니다.
22:52:08:525;IMP;DB 로그인 중...
22:52:08:530;IMP;DB 로그인 성공.
22:52:10:545;IMP;통신이 연결되었습니다.
