00:00:37:372;IMP;[DeleteJobMst] .. 정상 처리되었습니다. 작업번호[9991]
00:00:37:419;IMP;[GetJobCompleteReport] .. SIM MODE 작업 (완료)삭제 성공하였습니다. [작업번호:9991]
00:02:03:074;IMP;[DeleteJobMst] .. 정상 처리되었습니다. 작업번호[9991]
00:02:03:107;IMP;[GetJobCompleteReport] .. SIM MODE 작업 (완료)삭제 성공하였습니다. [작업번호:9991]
00:02:03:169;IMP;[GetJobCompleteReport] .. SIM MODE 작업 추가 되었습니다.[작업번호:9991]
00:03:03:004;IMP;[DeleteJobMst] .. 정상 처리되었습니다. 작업번호[9991]
00:03:03:036;IMP;[GetJobCompleteReport] .. SIM MODE 작업 (완료)삭제 성공하였습니다. [작업번호:9991]
00:04:25:700;IMP;[DeleteJobMst] .. 정상 처리되었습니다. 작업번호[9991]
00:04:25:745;IMP;[GetJobCompleteReport] .. SIM MODE 작업 (완료)삭제 성공하였습니다. [작업번호:9991]
00:04:25:831;IMP;[GetJobCompleteReport] .. SIM MODE 작업 추가 되었습니다.[작업번호:9991]
00:05:25:188;IMP;[DeleteJobMst] .. 정상 처리되었습니다. 작업번호[9991]
00:05:25:249;IMP;[GetJobCompleteReport] .. SIM MODE 작업 (완료)삭제 성공하였습니다. [작업번호:9991]
00:06:48:099;IMP;[DeleteJobMst] .. 정상 처리되었습니다. 작업번호[9991]
00:06:48:146;IMP;[GetJobCompleteReport] .. SIM MODE 작업 (완료)삭제 성공하였습니다. [작업번호:9991]
00:06:48:245;IMP;[GetJobCompleteReport] .. SIM MODE 작업 추가 되었습니다.[작업번호:9991]
00:07:49:415;IMP;[DeleteJobMst] .. 정상 처리되었습니다. 작업번호[9991]
00:07:49:470;IMP;[GetJobCompleteReport] .. SIM MODE 작업 (완료)삭제 성공하였습니다. [작업번호:9991]
00:09:14:620;IMP;[DeleteJobMst] .. 정상 처리되었습니다. 작업번호[9991]
00:09:14:666;IMP;[GetJobCompleteReport] .. SIM MODE 작업 (완료)삭제 성공하였습니다. [작업번호:9991]
00:09:14:754;IMP;[GetJobCompleteReport] .. SIM MODE 작업 추가 되었습니다.[작업번호:9991]
00:10:14:821;IMP;[DeleteJobMst] .. 정상 처리되었습니다. 작업번호[9991]
00:10:14:876;IMP;[GetJobCompleteReport] .. SIM MODE 작업 (완료)삭제 성공하였습니다. [작업번호:9991]
00:11:41:336;IMP;[DeleteJobMst] .. 정상 처리되었습니다. 작업번호[9991]
00:11:41:420;IMP;[GetJobCompleteReport] .. SIM MODE 작업 (완료)삭제 성공하였습니다. [작업번호:9991]
00:11:41:529;IMP;[GetJobCompleteReport] .. SIM MODE 작업 추가 되었습니다.[작업번호:9991]
00:12:45:301;IMP;[DeleteJobMst] .. 정상 처리되었습니다. 작업번호[9991]
00:12:45:364;IMP;[GetJobCompleteReport] .. SIM MODE 작업 (완료)삭제 성공하였습니다. [작업번호:9991]
00:14:12:819;IMP;[DeleteJobMst] .. 정상 처리되었습니다. 작업번호[9991]
00:14:12:888;IMP;[GetJobCompleteReport] .. SIM MODE 작업 (완료)삭제 성공하였습니다. [작업번호:9991]
00:14:12:993;IMP;[GetJobCompleteReport] .. SIM MODE 작업 추가 되었습니다.[작업번호:9991]
00:15:16:173;IMP;[DeleteJobMst] .. 정상 처리되었습니다. 작업번호[9991]
00:15:16:240;IMP;[GetJobCompleteReport] .. SIM MODE 작업 (완료)삭제 성공하였습니다. [작업번호:9991]
00:16:45:159;IMP;[DeleteJobMst] .. 정상 처리되었습니다. 작업번호[9991]
00:16:45:233;IMP;[GetJobCompleteReport] .. SIM MODE 작업 (완료)삭제 성공하였습니다. [작업번호:9991]
00:16:45:430;IMP;[GetJobCompleteReport] .. SIM MODE 작업 추가 되었습니다.[작업번호:9991]
00:17:50:067;IMP;[DeleteJobMst] .. 정상 처리되었습니다. 작업번호[9991]
00:17:50:149;IMP;[GetJobCompleteReport] .. SIM MODE 작업 (완료)삭제 성공하였습니다. [작업번호:9991]
00:19:20:173;IMP;[DeleteJobMst] .. 정상 처리되었습니다. 작업번호[9991]
00:19:20:318;IMP;[GetJobCompleteReport] .. SIM MODE 작업 (완료)삭제 성공하였습니다. [작업번호:9991]
00:19:20:436;IMP;[GetJobCompleteReport] .. SIM MODE 작업 추가 되었습니다.[작업번호:9991]
00:20:22:740;IMP;[DeleteJobMst] .. 정상 처리되었습니다. 작업번호[9991]
00:20:22:756;IMP;[GetJobCompleteReport] .. SIM MODE 작업 (완료)삭제 성공하였습니다. [작업번호:9991]
00:21:54:987;IMP;[DeleteJobMst] .. 정상 처리되었습니다. 작업번호[9991]
00:21:55:006;IMP;[GetJobCompleteReport] .. SIM MODE 작업 (완료)삭제 성공하였습니다. [작업번호:9991]
00:21:55:065;IMP;[GetJobCompleteReport] .. SIM MODE 작업 추가 되었습니다.[작업번호:9991]
00:23:00:759;IMP;[DeleteJobMst] .. 정상 처리되었습니다. 작업번호[9991]
00:23:00:777;IMP;[GetJobCompleteReport] .. SIM MODE 작업 (완료)삭제 성공하였습니다. [작업번호:9991]
00:24:31:238;IMP;[DeleteJobMst] .. 정상 처리되었습니다. 작업번호[9991]
00:24:31:282;IMP;[GetJobCompleteReport] .. SIM MODE 작업 (완료)삭제 성공하였습니다. [작업번호:9991]
00:24:31:331;IMP;[GetJobCompleteReport] .. SIM MODE 작업 추가 되었습니다.[작업번호:9991]
00:25:38:966;IMP;[DeleteJobMst] .. 정상 처리되었습니다. 작업번호[9991]
00:25:38:992;IMP;[GetJobCompleteReport] .. SIM MODE 작업 (완료)삭제 성공하였습니다. [작업번호:9991]
00:27:11:371;IMP;[DeleteJobMst] .. 정상 처리되었습니다. 작업번호[9991]
00:27:11:415;IMP;[GetJobCompleteReport] .. SIM MODE 작업 (완료)삭제 성공하였습니다. [작업번호:9991]
00:27:11:509;IMP;[GetJobCompleteReport] .. SIM MODE 작업 추가 되었습니다.[작업번호:9991]
00:28:19:263;IMP;[DeleteJobMst] .. 정상 처리되었습니다. 작업번호[9991]
00:28:19:340;IMP;[GetJobCompleteReport] .. SIM MODE 작업 (완료)삭제 성공하였습니다. [작업번호:9991]
00:29:54:136;IMP;[DeleteJobMst] .. 정상 처리되었습니다. 작업번호[9991]
00:29:54:205;IMP;[GetJobCompleteReport] .. SIM MODE 작업 (완료)삭제 성공하였습니다. [작업번호:9991]
00:29:54:294;IMP;[GetJobCompleteReport] .. SIM MODE 작업 추가 되었습니다.[작업번호:9991]
00:31:01:659;IMP;[DeleteJobMst] .. 정상 처리되었습니다. 작업번호[9991]
00:31:01:704;IMP;[GetJobCompleteReport] .. SIM MODE 작업 (완료)삭제 성공하였습니다. [작업번호:9991]
00:32:35:758;IMP;[DeleteJobMst] .. 정상 처리되었습니다. 작업번호[9991]
00:32:35:810;IMP;[GetJobCompleteReport] .. SIM MODE 작업 (완료)삭제 성공하였습니다. [작업번호:9991]
00:32:35:911;IMP;[GetJobCompleteReport] .. SIM MODE 작업 추가 되었습니다.[작업번호:9991]
00:33:47:456;IMP;[DeleteJobMst] .. 정상 처리되었습니다. 작업번호[9991]
00:33:47:504;IMP;[GetJobCompleteReport] .. SIM MODE 작업 (완료)삭제 성공하였습니다. [작업번호:9991]
00:35:22:995;IMP;[DeleteJobMst] .. 정상 처리되었습니다. 작업번호[9991]
00:35:23:048;IMP;[GetJobCompleteReport] .. SIM MODE 작업 (완료)삭제 성공하였습니다. [작업번호:9991]
00:35:23:174;IMP;[GetJobCompleteReport] .. SIM MODE 작업 추가 되었습니다.[작업번호:9991]
00:36:35:070;IMP;[DeleteJobMst] .. 정상 처리되었습니다. 작업번호[9991]
00:36:35:142;IMP;[GetJobCompleteReport] .. SIM MODE 작업 (완료)삭제 성공하였습니다. [작업번호:9991]
00:38:12:015;IMP;[DeleteJobMst] .. 정상 처리되었습니다. 작업번호[9991]
00:38:12:140;IMP;[GetJobCompleteReport] .. SIM MODE 작업 (완료)삭제 성공하였습니다. [작업번호:9991]
00:38:12:237;IMP;[GetJobCompleteReport] .. SIM MODE 작업 추가 되었습니다.[작업번호:9991]
00:39:23:783;IMP;[DeleteJobMst] .. 정상 처리되었습니다. 작업번호[9991]
00:39:23:842;IMP;[GetJobCompleteReport] .. SIM MODE 작업 (완료)삭제 성공하였습니다. [작업번호:9991]
00:41:01:619;IMP;[DeleteJobMst] .. 정상 처리되었습니다. 작업번호[9991]
00:41:01:691;IMP;[GetJobCompleteReport] .. SIM MODE 작업 (완료)삭제 성공하였습니다. [작업번호:9991]
00:41:01:811;IMP;[GetJobCompleteReport] .. SIM MODE 작업 추가 되었습니다.[작업번호:9991]
00:42:15:772;IMP;[DeleteJobMst] .. 정상 처리되었습니다. 작업번호[9991]
00:42:15:845;IMP;[GetJobCompleteReport] .. SIM MODE 작업 (완료)삭제 성공하였습니다. [작업번호:9991]
00:43:54:323;IMP;[DeleteJobMst] .. 정상 처리되었습니다. 작업번호[9991]
00:43:54:390;IMP;[GetJobCompleteReport] .. SIM MODE 작업 (완료)삭제 성공하였습니다. [작업번호:9991]
00:43:54:490;IMP;[GetJobCompleteReport] .. SIM MODE 작업 추가 되었습니다.[작업번호:9991]
00:45:06:464;IMP;[DeleteJobMst] .. 정상 처리되었습니다. 작업번호[9991]
00:45:06:535;IMP;[GetJobCompleteReport] .. SIM MODE 작업 (완료)삭제 성공하였습니다. [작업번호:9991]
00:46:46:399;IMP;[DeleteJobMst] .. 정상 처리되었습니다. 작업번호[9991]
00:46:46:466;IMP;[GetJobCompleteReport] .. SIM MODE 작업 (완료)삭제 성공하였습니다. [작업번호:9991]
00:46:46:623;IMP;[GetJobCompleteReport] .. SIM MODE 작업 추가 되었습니다.[작업번호:9991]
00:48:02:348;IMP;[DeleteJobMst] .. 정상 처리되었습니다. 작업번호[9991]
00:48:02:445;IMP;[GetJobCompleteReport] .. SIM MODE 작업 (완료)삭제 성공하였습니다. [작업번호:9991]
00:49:42:620;IMP;[DeleteJobMst] .. 정상 처리되었습니다. 작업번호[9991]
00:49:42:637;IMP;[GetJobCompleteReport] .. SIM MODE 작업 (완료)삭제 성공하였습니다. [작업번호:9991]
00:49:42:676;IMP;[GetJobCompleteReport] .. SIM MODE 작업 추가 되었습니다.[작업번호:9991]
00:50:57:189;IMP;[DeleteJobMst] .. 정상 처리되었습니다. 작업번호[9991]
00:50:57:207;IMP;[GetJobCompleteReport] .. SIM MODE 작업 (완료)삭제 성공하였습니다. [작업번호:9991]
00:52:38:999;IMP;[DeleteJobMst] .. 정상 처리되었습니다. 작업번호[9991]
00:52:39:027;IMP;[GetJobCompleteReport] .. SIM MODE 작업 (완료)삭제 성공하였습니다. [작업번호:9991]
00:52:39:090;IMP;[GetJobCompleteReport] .. SIM MODE 작업 추가 되었습니다.[작업번호:9991]
00:53:55:144;IMP;[DeleteJobMst] .. 정상 처리되었습니다. 작업번호[9991]
00:53:55:176;IMP;[GetJobCompleteReport] .. SIM MODE 작업 (완료)삭제 성공하였습니다. [작업번호:9991]
00:55:39:218;IMP;[DeleteJobMst] .. 정상 처리되었습니다. 작업번호[9991]
00:55:39:246;IMP;[GetJobCompleteReport] .. SIM MODE 작업 (완료)삭제 성공하였습니다. [작업번호:9991]
00:55:39:321;IMP;[GetJobCompleteReport] .. SIM MODE 작업 추가 되었습니다.[작업번호:9991]
00:56:57:424;IMP;[DeleteJobMst] .. 정상 처리되었습니다. 작업번호[9991]
00:56:57:457;IMP;[GetJobCompleteReport] .. SIM MODE 작업 (완료)삭제 성공하였습니다. [작업번호:9991]
00:58:41:172;IMP;[DeleteJobMst] .. 정상 처리되었습니다. 작업번호[9991]
00:58:41:232;IMP;[GetJobCompleteReport] .. SIM MODE 작업 (완료)삭제 성공하였습니다. [작업번호:9991]
00:58:41:321;IMP;[GetJobCompleteReport] .. SIM MODE 작업 추가 되었습니다.[작업번호:9991]
01:00:00:696;IMP;[DeleteJobMst] .. 정상 처리되었습니다. 작업번호[9991]
01:00:00:743;IMP;[GetJobCompleteReport] .. SIM MODE 작업 (완료)삭제 성공하였습니다. [작업번호:9991]
01:01:45:981;IMP;[DeleteJobMst] .. 정상 처리되었습니다. 작업번호[9991]
01:01:46:025;IMP;[GetJobCompleteReport] .. SIM MODE 작업 (완료)삭제 성공하였습니다. [작업번호:9991]
01:01:46:124;IMP;[GetJobCompleteReport] .. SIM MODE 작업 추가 되었습니다.[작업번호:9991]
01:03:03:866;IMP;[DeleteJobMst] .. 정상 처리되었습니다. 작업번호[9991]
01:03:03:922;IMP;[GetJobCompleteReport] .. SIM MODE 작업 (완료)삭제 성공하였습니다. [작업번호:9991]
01:04:49:829;IMP;[DeleteJobMst] .. 정상 처리되었습니다. 작업번호[9991]
01:04:49:877;IMP;[GetJobCompleteReport] .. SIM MODE 작업 (완료)삭제 성공하였습니다. [작업번호:9991]
01:04:50:013;IMP;[GetJobCompleteReport] .. SIM MODE 작업 추가 되었습니다.[작업번호:9991]
01:06:09:445;IMP;[DeleteJobMst] .. 정상 처리되었습니다. 작업번호[9991]
01:06:09:505;IMP;[GetJobCompleteReport] .. SIM MODE 작업 (완료)삭제 성공하였습니다. [작업번호:9991]
01:07:54:334;IMP;[DeleteJobMst] .. 정상 처리되었습니다. 작업번호[9991]
01:07:54:397;IMP;[GetJobCompleteReport] .. SIM MODE 작업 (완료)삭제 성공하였습니다. [작업번호:9991]
01:07:54:502;IMP;[GetJobCompleteReport] .. SIM MODE 작업 추가 되었습니다.[작업번호:9991]
01:09:17:750;IMP;[DeleteJobMst] .. 정상 처리되었습니다. 작업번호[9991]
01:09:17:823;IMP;[GetJobCompleteReport] .. SIM MODE 작업 (완료)삭제 성공하였습니다. [작업번호:9991]
01:11:05:591;IMP;[DeleteJobMst] .. 정상 처리되었습니다. 작업번호[9991]
01:11:05:716;IMP;[GetJobCompleteReport] .. SIM MODE 작업 (완료)삭제 성공하였습니다. [작업번호:9991]
01:11:05:885;IMP;[GetJobCompleteReport] .. SIM MODE 작업 추가 되었습니다.[작업번호:9991]
01:12:30:027;IMP;[DeleteJobMst] .. 정상 처리되었습니다. 작업번호[9991]
01:12:30:093;IMP;[GetJobCompleteReport] .. SIM MODE 작업 (완료)삭제 성공하였습니다. [작업번호:9991]
01:14:18:629;IMP;[DeleteJobMst] .. 정상 처리되었습니다. 작업번호[9991]
01:14:18:709;IMP;[GetJobCompleteReport] .. SIM MODE 작업 (완료)삭제 성공하였습니다. [작업번호:9991]
01:14:18:809;IMP;[GetJobCompleteReport] .. SIM MODE 작업 추가 되었습니다.[작업번호:9991]
01:15:41:988;IMP;[DeleteJobMst] .. 정상 처리되었습니다. 작업번호[9991]
01:15:42:072;IMP;[GetJobCompleteReport] .. SIM MODE 작업 (완료)삭제 성공하였습니다. [작업번호:9991]
01:16:44:865;IMP;[DeleteJobMst] .. 정상 처리되었습니다. 작업번호[9991]
01:16:44:930;IMP;[GetJobCompleteReport] .. SIM MODE 작업 (완료)삭제 성공하였습니다. [작업번호:9991]
01:16:45:035;IMP;[GetJobCompleteReport] .. SIM MODE 작업 추가 되었습니다.[작업번호:9991]
08:19:01:402;IMP;[DeleteJobMst] .. 정상 처리되었습니다. 작업번호[9991]
08:19:01:565;IMP;[GetJobCompleteReport] .. SIM MODE 작업 (완료)삭제 성공하였습니다. [작업번호:9991]
08:20:50:260;IMP;[DeleteJobMst] .. 정상 처리되었습니다. 작업번호[9991]
08:20:50:274;IMP;[GetJobCompleteReport] .. SIM MODE 작업 (완료)삭제 성공하였습니다. [작업번호:9991]
08:20:50:327;IMP;[GetJobCompleteReport] .. SIM MODE 작업 추가 되었습니다.[작업번호:9991]
08:22:17:854;IMP;[DeleteJobMst] .. 정상 처리되었습니다. 작업번호[9991]
08:22:17:873;IMP;[GetJobCompleteReport] .. SIM MODE 작업 (완료)삭제 성공하였습니다. [작업번호:9991]
08:24:10:011;IMP;[DeleteJobMst] .. 정상 처리되었습니다. 작업번호[9991]
08:24:10:037;IMP;[GetJobCompleteReport] .. SIM MODE 작업 (완료)삭제 성공하였습니다. [작업번호:9991]
08:24:10:094;IMP;[GetJobCompleteReport] .. SIM MODE 작업 추가 되었습니다.[작업번호:9991]
08:25:38:258;IMP;[DeleteJobMst] .. 정상 처리되었습니다. 작업번호[9991]
08:25:38:287;IMP;[GetJobCompleteReport] .. SIM MODE 작업 (완료)삭제 성공하였습니다. [작업번호:9991]
08:27:31:319;IMP;[DeleteJobMst] .. 정상 처리되었습니다. 작업번호[9991]
08:27:31:440;IMP;[GetJobCompleteReport] .. SIM MODE 작업 (완료)삭제 성공하였습니다. [작업번호:9991]
08:27:31:495;IMP;[GetJobCompleteReport] .. SIM MODE 작업 추가 되었습니다.[작업번호:9991]
08:29:00:260;IMP;[DeleteJobMst] .. 정상 처리되었습니다. 작업번호[9991]
08:29:00:324;IMP;[GetJobCompleteReport] .. SIM MODE 작업 (완료)삭제 성공하였습니다. [작업번호:9991]
08:30:54:244;IMP;[DeleteJobMst] .. 정상 처리되었습니다. 작업번호[9991]
08:30:54:289;IMP;[GetJobCompleteReport] .. SIM MODE 작업 (완료)삭제 성공하였습니다. [작업번호:9991]
08:30:54:352;IMP;[GetJobCompleteReport] .. SIM MODE 작업 추가 되었습니다.[작업번호:9991]
08:32:22:586;IMP;[DeleteJobMst] .. 정상 처리되었습니다. 작업번호[9991]
08:32:22:637;IMP;[GetJobCompleteReport] .. SIM MODE 작업 (완료)삭제 성공하였습니다. [작업번호:9991]
08:34:17:290;IMP;[DeleteJobMst] .. 정상 처리되었습니다. 작업번호[9991]
08:34:17:340;IMP;[GetJobCompleteReport] .. SIM MODE 작업 (완료)삭제 성공하였습니다. [작업번호:9991]
08:34:17:459;IMP;[GetJobCompleteReport] .. SIM MODE 작업 추가 되었습니다.[작업번호:9991]
08:35:46:610;IMP;[DeleteJobMst] .. 정상 처리되었습니다. 작업번호[9991]
08:35:46:663;IMP;[GetJobCompleteReport] .. SIM MODE 작업 (완료)삭제 성공하였습니다. [작업번호:9991]
08:36:11:724;IMP;리모트 시스템과 연결 실패 !(10061)
08:36:15:095;ERR;[InsertJobMst] .. 작업 생성에 실패하였습니다. [작업번호:9991][출발지:101][출발LOC:00-000-00][도착지:901][도착LOC:01-001-01][LOT_NO:][SIZE:0][DB Err:]
08:37:11:040;IMP;DB 로그인 중...
08:37:11:076;IMP;DB 로그인 성공.
08:37:14:831;IMP;리모트 시스템과 연결 실패 !(10061)
08:37:19:083;IMP;리모트 시스템과 연결 실패 !(10061)
08:37:23:356;IMP;리모트 시스템과 연결 실패 !(10061)
08:37:27:608;IMP;리모트 시스템과 연결 실패 !(10061)
08:38:25:707;IMP;[DeleteJobMst] .. 정상 처리되었습니다. 작업번호[9993]
08:38:25:715;IMP;[GetJobCompleteReport] .. SIM MODE 작업 (완료)삭제 성공하였습니다. [작업번호:9993]
08:38:43:476;IMP;[DeleteJobMst] .. 정상 처리되었습니다. 작업번호[9991]
08:38:43:485;IMP;[GetJobCompleteReport] .. SIM MODE 작업 (완료)삭제 성공하였습니다. [작업번호:9991]
08:39:51:090;IMP;[DeleteJobMst] .. 정상 처리되었습니다. 작업번호[9991]
08:39:51:096;IMP;[GetJobCompleteReport] .. SIM MODE 작업 (완료)삭제 성공하였습니다. [작업번호:9991]
08:39:51:139;IMP;[GetJobCompleteReport] .. SIM MODE 작업 추가 되었습니다.[작업번호:9991]
08:40:11:836;IMP;[DeleteJobMst] .. 정상 처리되었습니다. 작업번호[9993]
08:40:11:851;IMP;[GetJobCompleteReport] .. SIM MODE 작업 (완료)삭제 성공하였습니다. [작업번호:9993]
08:40:11:911;IMP;[GetJobCompleteReport] .. SIM MODE 작업 추가 되었습니다.[작업번호:9993]
08:40:58:664;IMP;[DeleteJobMst] .. 정상 처리되었습니다. 작업번호[9991]
08:40:58:670;IMP;[GetJobCompleteReport] .. SIM MODE 작업 (완료)삭제 성공하였습니다. [작업번호:9991]
08:41:08:068;IMP;[DeleteJobMst] .. 정상 처리되었습니다. 작업번호[9993]
08:41:08:078;IMP;[GetJobCompleteReport] .. SIM MODE 작업 (완료)삭제 성공하였습니다. [작업번호:9993]
09:01:20:629;IMP;DB 로그인 중...
09:01:20:652;IMP;DB 로그인 성공.
09:02:57:918;IMP;[DeleteJobMst] .. 정상 처리되었습니다. 작업번호[9991]
09:02:57:948;IMP;[GetJobCompleteReport] .. SIM MODE 작업 (완료)삭제 성공하였습니다. [작업번호:9991]
09:02:58:052;IMP;[GetJobCompleteReport] .. SIM MODE 작업 추가 되었습니다.[작업번호:9991]
09:03:09:489;IMP;[DeleteJobMst] .. 정상 처리되었습니다. 작업번호[9993]
09:03:09:501;IMP;[GetJobCompleteReport] .. SIM MODE 작업 (완료)삭제 성공하였습니다. [작업번호:9993]
09:03:09:544;IMP;[GetJobCompleteReport] .. SIM MODE 작업 추가 되었습니다.[작업번호:9993]
09:03:52:515;IMP;[DeleteJobMst] .. 정상 처리되었습니다. 작업번호[9993]
09:03:52:530;IMP;[GetJobCompleteReport] .. SIM MODE 작업 (완료)삭제 성공하였습니다. [작업번호:9993]
09:04:07:114;IMP;[DeleteJobMst] .. 정상 처리되었습니다. 작업번호[9991]
09:04:07:131;IMP;[GetJobCompleteReport] .. SIM MODE 작업 (완료)삭제 성공하였습니다. [작업번호:9991]
09:05:11:938;IMP;[DeleteJobMst] .. 정상 처리되었습니다. 작업번호[9993]
09:05:11:960;IMP;[GetJobCompleteReport] .. SIM MODE 작업 (완료)삭제 성공하였습니다. [작업번호:9993]
09:05:12:015;IMP;[GetJobCompleteReport] .. SIM MODE 작업 추가 되었습니다.[작업번호:9993]
09:05:39:330;IMP;[DeleteJobMst] .. 정상 처리되었습니다. 작업번호[9991]
09:05:39:355;IMP;[GetJobCompleteReport] .. SIM MODE 작업 (완료)삭제 성공하였습니다. [작업번호:9991]
09:05:39:443;IMP;[GetJobCompleteReport] .. SIM MODE 작업 추가 되었습니다.[작업번호:9991]
09:06:12:759;IMP;[DeleteJobMst] .. 정상 처리되었습니다. 작업번호[9993]
09:06:12:813;IMP;[GetJobCompleteReport] .. SIM MODE 작업 (완료)삭제 성공하였습니다. [작업번호:9993]
09:06:47:157;IMP;[DeleteJobMst] .. 정상 처리되었습니다. 작업번호[9991]
09:06:47:218;IMP;[GetJobCompleteReport] .. SIM MODE 작업 (완료)삭제 성공하였습니다. [작업번호:9991]
09:07:24:851;IMP;[DeleteJobMst] .. 정상 처리되었습니다. 작업번호[9993]
09:07:24:886;IMP;[GetJobCompleteReport] .. SIM MODE 작업 (완료)삭제 성공하였습니다. [작업번호:9993]
09:07:24:964;IMP;[GetJobCompleteReport] .. SIM MODE 작업 추가 되었습니다.[작업번호:9993]
09:08:11:953;IMP;[DeleteJobMst] .. 정상 처리되었습니다. 작업번호[9991]
09:08:11:986;IMP;[GetJobCompleteReport] .. SIM MODE 작업 (완료)삭제 성공하였습니다. [작업번호:9991]
09:08:12:070;IMP;[GetJobCompleteReport] .. SIM MODE 작업 추가 되었습니다.[작업번호:9991]
09:08:27:771;IMP;[DeleteJobMst] .. 정상 처리되었습니다. 작업번호[9993]
09:08:27:808;IMP;[GetJobCompleteReport] .. SIM MODE 작업 (완료)삭제 성공하였습니다. [작업번호:9993]
09:09:18:859;IMP;[DeleteJobMst] .. 정상 처리되었습니다. 작업번호[9991]
09:09:18:918;IMP;[GetJobCompleteReport] .. SIM MODE 작업 (완료)삭제 성공하였습니다. [작업번호:9991]
09:09:43:905;IMP;[DeleteJobMst] .. 정상 처리되었습니다. 작업번호[9993]
09:09:43:939;IMP;[GetJobCompleteReport] .. SIM MODE 작업 (완료)삭제 성공하였습니다. [작업번호:9993]
09:09:44:023;IMP;[GetJobCompleteReport] .. SIM MODE 작업 추가 되었습니다.[작업번호:9993]
09:10:47:264;IMP;[DeleteJobMst] .. 정상 처리되었습니다. 작업번호[9991]
09:10:47:307;IMP;[GetJobCompleteReport] .. SIM MODE 작업 (완료)삭제 성공하였습니다. [작업번호:9991]
09:10:47:379;IMP;[GetJobCompleteReport] .. SIM MODE 작업 추가 되었습니다.[작업번호:9991]
09:10:47:467;IMP;[DeleteJobMst] .. 정상 처리되었습니다. 작업번호[9993]
09:10:47:502;IMP;[GetJobCompleteReport] .. SIM MODE 작업 (완료)삭제 성공하였습니다. [작업번호:9993]
09:11:50:998;IMP;[DeleteJobMst] .. 정상 처리되었습니다. 작업번호[9991]
09:11:51:041;IMP;[GetJobCompleteReport] .. SIM MODE 작업 (완료)삭제 성공하였습니다. [작업번호:9991]
09:12:11:047;IMP;[DeleteJobMst] .. 정상 처리되었습니다. 작업번호[9993]
09:12:11:084;IMP;[GetJobCompleteReport] .. SIM MODE 작업 (완료)삭제 성공하였습니다. [작업번호:9993]
09:12:11:162;IMP;[GetJobCompleteReport] .. SIM MODE 작업 추가 되었습니다.[작업번호:9993]
09:13:16:040;IMP;[DeleteJobMst] .. 정상 처리되었습니다. 작업번호[9991]
09:13:16:120;IMP;[GetJobCompleteReport] .. SIM MODE 작업 (완료)삭제 성공하였습니다. [작업번호:9991]
09:13:16:295;IMP;[GetJobCompleteReport] .. SIM MODE 작업 추가 되었습니다.[작업번호:9991]
09:13:16:475;IMP;[DeleteJobMst] .. 정상 처리되었습니다. 작업번호[9993]
09:13:16:511;IMP;[GetJobCompleteReport] .. SIM MODE 작업 (완료)삭제 성공하였습니다. [작업번호:9993]
09:13:58:894;IMP;[DeleteJobMst] .. 정상 처리되었습니다. 작업번호[9991]
09:13:59:003;IMP;[GetJobCompleteReport] .. SIM MODE 작업 (완료)삭제 성공하였습니다. [작업번호:9991]
09:14:56:372;IMP;[DeleteJobMst] .. 정상 처리되었습니다. 작업번호[9993]
09:14:56:379;IMP;[GetJobCompleteReport] .. SIM MODE 작업 (완료)삭제 성공하였습니다. [작업번호:9993]
09:14:56:427;IMP;[GetJobCompleteReport] .. SIM MODE 작업 추가 되었습니다.[작업번호:9993]
09:15:30:649;IMP;[DeleteJobMst] .. 정상 처리되었습니다. 작업번호[9991]
09:15:30:667;IMP;[GetJobCompleteReport] .. SIM MODE 작업 (완료)삭제 성공하였습니다. [작업번호:9991]
09:15:30:707;IMP;[GetJobCompleteReport] .. SIM MODE 작업 추가 되었습니다.[작업번호:9991]
09:16:02:961;IMP;[DeleteJobMst] .. 정상 처리되었습니다. 작업번호[9993]
09:16:02:976;IMP;[GetJobCompleteReport] .. SIM MODE 작업 (완료)삭제 성공하였습니다. [작업번호:9993]
09:16:41:412;IMP;[DeleteJobMst] .. 정상 처리되었습니다. 작업번호[9991]
09:16:41:458;IMP;[GetJobCompleteReport] .. SIM MODE 작업 (완료)삭제 성공하였습니다. [작업번호:9991]
09:17:18:812;IMP;[DeleteJobMst] .. 정상 처리되었습니다. 작업번호[9993]
09:17:18:834;IMP;[GetJobCompleteReport] .. SIM MODE 작업 (완료)삭제 성공하였습니다. [작업번호:9993]
09:17:18:893;IMP;[GetJobCompleteReport] .. SIM MODE 작업 추가 되었습니다.[작업번호:9993]
09:18:09:864;IMP;[DeleteJobMst] .. 정상 처리되었습니다. 작업번호[9991]
09:18:09:936;IMP;[GetJobCompleteReport] .. SIM MODE 작업 (완료)삭제 성공하였습니다. [작업번호:9991]
09:18:10:002;IMP;[GetJobCompleteReport] .. SIM MODE 작업 추가 되었습니다.[작업번호:9991]
09:18:22:621;IMP;[DeleteJobMst] .. 정상 처리되었습니다. 작업번호[9993]
09:18:22:677;IMP;[GetJobCompleteReport] .. SIM MODE 작업 (완료)삭제 성공하였습니다. [작업번호:9993]
09:19:22:304;IMP;[DeleteJobMst] .. 정상 처리되었습니다. 작업번호[9991]
09:19:22:337;IMP;[GetJobCompleteReport] .. SIM MODE 작업 (완료)삭제 성공하였습니다. [작업번호:9991]
09:19:41:082;IMP;[DeleteJobMst] .. 정상 처리되었습니다. 작업번호[9993]
09:19:41:127;IMP;[GetJobCompleteReport] .. SIM MODE 작업 (완료)삭제 성공하였습니다. [작업번호:9993]
09:19:41:285;IMP;[GetJobCompleteReport] .. SIM MODE 작업 추가 되었습니다.[작업번호:9993]
09:20:49:057;IMP;[DeleteJobMst] .. 정상 처리되었습니다. 작업번호[9993]
09:20:49:093;IMP;[GetJobCompleteReport] .. SIM MODE 작업 (완료)삭제 성공하였습니다. [작업번호:9993]
09:20:53:353;IMP;[DeleteJobMst] .. 정상 처리되었습니다. 작업번호[9991]
09:20:53:391;IMP;[GetJobCompleteReport] .. SIM MODE 작업 (완료)삭제 성공하였습니다. [작업번호:9991]
09:20:53:512;IMP;[GetJobCompleteReport] .. SIM MODE 작업 추가 되었습니다.[작업번호:9991]
09:22:01:485;IMP;[DeleteJobMst] .. 정상 처리되었습니다. 작업번호[9991]
09:22:01:554;IMP;[GetJobCompleteReport] .. SIM MODE 작업 (완료)삭제 성공하였습니다. [작업번호:9991]
09:22:17:277;IMP;[DeleteJobMst] .. 정상 처리되었습니다. 작업번호[9993]
09:22:17:312;IMP;[GetJobCompleteReport] .. SIM MODE 작업 (완료)삭제 성공하였습니다. [작업번호:9993]
09:22:17:374;IMP;[GetJobCompleteReport] .. SIM MODE 작업 추가 되었습니다.[작업번호:9993]
09:23:25:088;IMP;[DeleteJobMst] .. 정상 처리되었습니다. 작업번호[9993]
09:23:25:123;IMP;[GetJobCompleteReport] .. SIM MODE 작업 (완료)삭제 성공하였습니다. [작업번호:9993]
09:23:31:462;IMP;[DeleteJobMst] .. 정상 처리되었습니다. 작업번호[9991]
09:23:31:499;IMP;[GetJobCompleteReport] .. SIM MODE 작업 (완료)삭제 성공하였습니다. [작업번호:9991]
09:23:31:578;IMP;[GetJobCompleteReport] .. SIM MODE 작업 추가 되었습니다.[작업번호:9991]
09:24:39:155;IMP;[DeleteJobMst] .. 정상 처리되었습니다. 작업번호[9991]
09:24:39:198;IMP;[GetJobCompleteReport] .. SIM MODE 작업 (완료)삭제 성공하였습니다. [작업번호:9991]
09:24:52:950;IMP;[DeleteJobMst] .. 정상 처리되었습니다. 작업번호[9993]
09:24:53:057;IMP;[GetJobCompleteReport] .. SIM MODE 작업 (완료)삭제 성공하였습니다. [작업번호:9993]
09:24:53:609;ERR;[GetJobCompleteReport] .. 작업 정보를 바르게 가져오지 못했습니다.[작업번호:9993]
09:24:54:893;IMP;[DeleteJobMst] .. 정상 처리되었습니다. 작업번호[9993]
09:24:54:975;IMP;[GetJobCompleteReport] .. SIM MODE 작업 (완료)삭제 성공하였습니다. [작업번호:9993]
09:24:55:315;ERR;[GetJobCompleteReport] .. 작업 정보를 바르게 가져오지 못했습니다.[작업번호:9993]
09:24:56:435;IMP;[DeleteJobMst] .. 정상 처리되었습니다. 작업번호[9993]
09:24:56:476;IMP;[GetJobCompleteReport] .. SIM MODE 작업 (완료)삭제 성공하였습니다. [작업번호:9993]
09:24:56:636;ERR;[GetJobCompleteReport] .. 작업 정보를 바르게 가져오지 못했습니다.[작업번호:9993]
09:24:57:729;IMP;[DeleteJobMst] .. 정상 처리되었습니다. 작업번호[9993]
09:24:57:854;IMP;[GetJobCompleteReport] .. SIM MODE 작업 (완료)삭제 성공하였습니다. [작업번호:9993]
09:24:58:042;ERR;[GetJobCompleteReport] .. 작업 정보를 바르게 가져오지 못했습니다.[작업번호:9993]
09:24:59:105;IMP;[DeleteJobMst] .. 정상 처리되었습니다. 작업번호[9993]
09:24:59:114;IMP;[GetJobCompleteReport] .. SIM MODE 작업 (완료)삭제 성공하였습니다. [작업번호:9993]
09:24:59:254;ERR;[GetJobCompleteReport] .. 작업 정보를 바르게 가져오지 못했습니다.[작업번호:9993]
09:25:00:326;IMP;[DeleteJobMst] .. 정상 처리되었습니다. 작업번호[9993]
09:25:00:344;IMP;[GetJobCompleteReport] .. SIM MODE 작업 (완료)삭제 성공하였습니다. [작업번호:9993]
09:25:00:601;ERR;[GetJobCompleteReport] .. 작업 정보를 바르게 가져오지 못했습니다.[작업번호:9993]
09:25:01:706;IMP;[DeleteJobMst] .. 정상 처리되었습니다. 작업번호[9993]
09:25:01:789;IMP;[GetJobCompleteReport] .. SIM MODE 작업 (완료)삭제 성공하였습니다. [작업번호:9993]
09:25:02:372;ERR;[GetJobCompleteReport] .. 작업 정보를 바르게 가져오지 못했습니다.[작업번호:9993]
09:25:03:555;IMP;[DeleteJobMst] .. 정상 처리되었습니다. 작업번호[9993]
09:25:03:587;IMP;[GetJobCompleteReport] .. SIM MODE 작업 (완료)삭제 성공하였습니다. [작업번호:9993]
09:25:03:760;ERR;[GetJobCompleteReport] .. 작업 정보를 바르게 가져오지 못했습니다.[작업번호:9993]
09:25:04:850;IMP;[DeleteJobMst] .. 정상 처리되었습니다. 작업번호[9993]
09:25:04:881;IMP;[GetJobCompleteReport] .. SIM MODE 작업 (완료)삭제 성공하였습니다. [작업번호:9993]
09:25:05:069;ERR;[GetJobCompleteReport] .. 작업 정보를 바르게 가져오지 못했습니다.[작업번호:9993]
09:25:06:165;IMP;[DeleteJobMst] .. 정상 처리되었습니다. 작업번호[9993]
09:25:06:212;IMP;[GetJobCompleteReport] .. SIM MODE 작업 (완료)삭제 성공하였습니다. [작업번호:9993]
09:25:06:421;ERR;[GetJobCompleteReport] .. 작업 정보를 바르게 가져오지 못했습니다.[작업번호:9993]
09:25:07:605;IMP;[DeleteJobMst] .. 정상 처리되었습니다. 작업번호[9993]
09:25:07:692;IMP;[GetJobCompleteReport] .. SIM MODE 작업 (완료)삭제 성공하였습니다. [작업번호:9993]
09:25:07:873;ERR;[GetJobCompleteReport] .. 작업 정보를 바르게 가져오지 못했습니다.[작업번호:9993]
09:25:08:997;IMP;[DeleteJobMst] .. 정상 처리되었습니다. 작업번호[9993]
09:25:09:073;IMP;[GetJobCompleteReport] .. SIM MODE 작업 (완료)삭제 성공하였습니다. [작업번호:9993]
09:25:09:536;ERR;[GetJobCompleteReport] .. 작업 정보를 바르게 가져오지 못했습니다.[작업번호:9993]
09:25:10:790;IMP;[DeleteJobMst] .. 정상 처리되었습니다. 작업번호[9993]
09:25:10:862;IMP;[GetJobCompleteReport] .. SIM MODE 작업 (완료)삭제 성공하였습니다. [작업번호:9993]
09:25:11:305;ERR;[GetJobCompleteReport] .. 작업 정보를 바르게 가져오지 못했습니다.[작업번호:9993]
09:25:12:446;IMP;[DeleteJobMst] .. 정상 처리되었습니다. 작업번호[9993]
09:25:12:497;IMP;[GetJobCompleteReport] .. SIM MODE 작업 (완료)삭제 성공하였습니다. [작업번호:9993]
09:25:12:699;ERR;[GetJobCompleteReport] .. 작업 정보를 바르게 가져오지 못했습니다.[작업번호:9993]
09:25:13:812;IMP;[DeleteJobMst] .. 정상 처리되었습니다. 작업번호[9993]
09:25:13:854;IMP;[GetJobCompleteReport] .. SIM MODE 작업 (완료)삭제 성공하였습니다. [작업번호:9993]
09:25:14:046;ERR;[GetJobCompleteReport] .. 작업 정보를 바르게 가져오지 못했습니다.[작업번호:9993]
09:25:15:148;IMP;[DeleteJobMst] .. 정상 처리되었습니다. 작업번호[9993]
09:25:15:188;IMP;[GetJobCompleteReport] .. SIM MODE 작업 (완료)삭제 성공하였습니다. [작업번호:9993]
09:25:15:377;ERR;[GetJobCompleteReport] .. 작업 정보를 바르게 가져오지 못했습니다.[작업번호:9993]
09:25:16:513;IMP;[DeleteJobMst] .. 정상 처리되었습니다. 작업번호[9993]
09:25:16:566;IMP;[GetJobCompleteReport] .. SIM MODE 작업 (완료)삭제 성공하였습니다. [작업번호:9993]
09:25:16:752;ERR;[GetJobCompleteReport] .. 작업 정보를 바르게 가져오지 못했습니다.[작업번호:9993]
09:25:17:943;IMP;[DeleteJobMst] .. 정상 처리되었습니다. 작업번호[9993]
09:25:18:018;IMP;[GetJobCompleteReport] .. SIM MODE 작업 (완료)삭제 성공하였습니다. [작업번호:9993]
09:25:18:497;ERR;[GetJobCompleteReport] .. 작업 정보를 바르게 가져오지 못했습니다.[작업번호:9993]
09:25:19:713;IMP;[DeleteJobMst] .. 정상 처리되었습니다. 작업번호[9993]
09:25:19:862;IMP;[GetJobCompleteReport] .. SIM MODE 작업 (완료)삭제 성공하였습니다. [작업번호:9993]
09:25:20:328;ERR;[GetJobCompleteReport] .. 작업 정보를 바르게 가져오지 못했습니다.[작업번호:9993]
09:25:21:445;IMP;[DeleteJobMst] .. 정상 처리되었습니다. 작업번호[9993]
09:25:21:490;IMP;[GetJobCompleteReport] .. SIM MODE 작업 (완료)삭제 성공하였습니다. [작업번호:9993]
09:25:21:729;ERR;[GetJobCompleteReport] .. 작업 정보를 바르게 가져오지 못했습니다.[작업번호:9993]
09:25:22:836;IMP;[DeleteJobMst] .. 정상 처리되었습니다. 작업번호[9993]
09:25:22:927;IMP;[GetJobCompleteReport] .. SIM MODE 작업 (완료)삭제 성공하였습니다. [작업번호:9993]
09:25:23:085;ERR;[GetJobCompleteReport] .. 작업 정보를 바르게 가져오지 못했습니다.[작업번호:9993]
09:25:24:178;IMP;[DeleteJobMst] .. 정상 처리되었습니다. 작업번호[9993]
09:25:24:188;IMP;[GetJobCompleteReport] .. SIM MODE 작업 (완료)삭제 성공하였습니다. [작업번호:9993]
09:25:24:404;ERR;[GetJobCompleteReport] .. 작업 정보를 바르게 가져오지 못했습니다.[작업번호:9993]
09:25:25:484;IMP;[DeleteJobMst] .. 정상 처리되었습니다. 작업번호[9993]
09:25:25:520;IMP;[GetJobCompleteReport] .. SIM MODE 작업 (완료)삭제 성공하였습니다. [작업번호:9993]
09:25:25:968;ERR;[GetJobCompleteReport] .. 작업 정보를 바르게 가져오지 못했습니다.[작업번호:9993]
09:25:27:121;IMP;[DeleteJobMst] .. 정상 처리되었습니다. 작업번호[9993]
09:25:27:201;IMP;[GetJobCompleteReport] .. SIM MODE 작업 (완료)삭제 성공하였습니다. [작업번호:9993]
09:25:27:786;ERR;[GetJobCompleteReport] .. 작업 정보를 바르게 가져오지 못했습니다.[작업번호:9993]
09:25:28:911;IMP;[DeleteJobMst] .. 정상 처리되었습니다. 작업번호[9993]
09:25:28:936;IMP;[GetJobCompleteReport] .. SIM MODE 작업 (완료)삭제 성공하였습니다. [작업번호:9993]
09:25:29:118;ERR;[GetJobCompleteReport] .. 작업 정보를 바르게 가져오지 못했습니다.[작업번호:9993]
09:25:30:206;IMP;[DeleteJobMst] .. 정상 처리되었습니다. 작업번호[9993]
09:25:30:236;IMP;[GetJobCompleteReport] .. SIM MODE 작업 (완료)삭제 성공하였습니다. [작업번호:9993]
09:25:30:446;ERR;[GetJobCompleteReport] .. 작업 정보를 바르게 가져오지 못했습니다.[작업번호:9993]
09:25:31:557;IMP;[DeleteJobMst] .. 정상 처리되었습니다. 작업번호[9993]
09:25:31:628;IMP;[GetJobCompleteReport] .. SIM MODE 작업 (완료)삭제 성공하였습니다. [작업번호:9993]
09:25:31:844;ERR;[GetJobCompleteReport] .. 작업 정보를 바르게 가져오지 못했습니다.[작업번호:9993]
09:25:32:952;IMP;[DeleteJobMst] .. 정상 처리되었습니다. 작업번호[9993]
09:25:32:995;IMP;[GetJobCompleteReport] .. SIM MODE 작업 (완료)삭제 성공하였습니다. [작업번호:9993]
09:25:33:251;ERR;[GetJobCompleteReport] .. 작업 정보를 바르게 가져오지 못했습니다.[작업번호:9993]
09:25:34:360;IMP;[DeleteJobMst] .. 정상 처리되었습니다. 작업번호[9993]
09:25:34:421;IMP;[GetJobCompleteReport] .. SIM MODE 작업 (완료)삭제 성공하였습니다. [작업번호:9993]
09:25:35:012;ERR;[GetJobCompleteReport] .. 작업 정보를 바르게 가져오지 못했습니다.[작업번호:9993]
09:25:36:220;IMP;[DeleteJobMst] .. 정상 처리되었습니다. 작업번호[9993]
09:25:36:403;IMP;[GetJobCompleteReport] .. SIM MODE 작업 (완료)삭제 성공하였습니다. [작업번호:9993]
09:25:36:775;ERR;[GetJobCompleteReport] .. 작업 정보를 바르게 가져오지 못했습니다.[작업번호:9993]
09:25:37:886;IMP;[DeleteJobMst] .. 정상 처리되었습니다. 작업번호[9993]
09:25:37:935;IMP;[GetJobCompleteReport] .. SIM MODE 작업 (완료)삭제 성공하였습니다. [작업번호:9993]
09:25:38:154;ERR;[GetJobCompleteReport] .. 작업 정보를 바르게 가져오지 못했습니다.[작업번호:9993]
09:25:39:264;IMP;[DeleteJobMst] .. 정상 처리되었습니다. 작업번호[9993]
09:25:39:305;IMP;[GetJobCompleteReport] .. SIM MODE 작업 (완료)삭제 성공하였습니다. [작업번호:9993]
09:25:39:513;ERR;[GetJobCompleteReport] .. 작업 정보를 바르게 가져오지 못했습니다.[작업번호:9993]
09:25:40:668;IMP;[DeleteJobMst] .. 정상 처리되었습니다. 작업번호[9993]
09:25:40:708;IMP;[GetJobCompleteReport] .. SIM MODE 작업 (완료)삭제 성공하였습니다. [작업번호:9993]
09:25:40:876;ERR;[GetJobCompleteReport] .. 작업 정보를 바르게 가져오지 못했습니다.[작업번호:9993]
09:25:41:988;IMP;[DeleteJobMst] .. 정상 처리되었습니다. 작업번호[9993]
09:25:42:158;IMP;[GetJobCompleteReport] .. SIM MODE 작업 (완료)삭제 성공하였습니다. [작업번호:9993]
09:25:42:404;ERR;[GetJobCompleteReport] .. 작업 정보를 바르게 가져오지 못했습니다.[작업번호:9993]
09:25:43:650;IMP;[DeleteJobMst] .. 정상 처리되었습니다. 작업번호[9993]
09:25:43:774;IMP;[GetJobCompleteReport] .. SIM MODE 작업 (완료)삭제 성공하였습니다. [작업번호:9993]
09:25:44:036;ERR;[GetJobCompleteReport] .. 작업 정보를 바르게 가져오지 못했습니다.[작업번호:9993]
09:25:45:337;IMP;[DeleteJobMst] .. 정상 처리되었습니다. 작업번호[9993]
09:25:45:381;IMP;[GetJobCompleteReport] .. SIM MODE 작업 (완료)삭제 성공하였습니다. [작업번호:9993]
09:25:45:542;ERR;[GetJobCompleteReport] .. 작업 정보를 바르게 가져오지 못했습니다.[작업번호:9993]
09:25:46:651;IMP;[DeleteJobMst] .. 정상 처리되었습니다. 작업번호[9993]
09:25:46:696;IMP;[GetJobCompleteReport] .. SIM MODE 작업 (완료)삭제 성공하였습니다. [작업번호:9993]
09:25:46:794;ERR;[GetJobCompleteReport] .. 작업 정보를 바르게 가져오지 못했습니다.[작업번호:9993]
09:25:47:888;IMP;[DeleteJobMst] .. 정상 처리되었습니다. 작업번호[9993]
09:25:47:957;IMP;[GetJobCompleteReport] .. SIM MODE 작업 (완료)삭제 성공하였습니다. [작업번호:9993]
09:25:48:058;ERR;[GetJobCompleteReport] .. 작업 정보를 바르게 가져오지 못했습니다.[작업번호:9993]
09:25:49:122;IMP;[DeleteJobMst] .. 정상 처리되었습니다. 작업번호[9993]
09:25:49:130;IMP;[GetJobCompleteReport] .. SIM MODE 작업 (완료)삭제 성공하였습니다. [작업번호:9993]
09:25:49:224;ERR;[GetJobCompleteReport] .. 작업 정보를 바르게 가져오지 못했습니다.[작업번호:9993]
09:25:50:328;IMP;[DeleteJobMst] .. 정상 처리되었습니다. 작업번호[9993]
09:25:50:404;IMP;[GetJobCompleteReport] .. SIM MODE 작업 (완료)삭제 성공하였습니다. [작업번호:9993]
09:25:50:605;ERR;[GetJobCompleteReport] .. 작업 정보를 바르게 가져오지 못했습니다.[작업번호:9993]
09:25:51:755;IMP;[DeleteJobMst] .. 정상 처리되었습니다. 작업번호[9993]
09:25:51:849;IMP;[GetJobCompleteReport] .. SIM MODE 작업 (완료)삭제 성공하였습니다. [작업번호:9993]
09:25:52:119;ERR;[GetJobCompleteReport] .. 작업 정보를 바르게 가져오지 못했습니다.[작업번호:9993]
09:25:53:267;IMP;[DeleteJobMst] .. 정상 처리되었습니다. 작업번호[9993]
09:25:53:313;IMP;[GetJobCompleteReport] .. SIM MODE 작업 (완료)삭제 성공하였습니다. [작업번호:9993]
09:25:53:461;ERR;[GetJobCompleteReport] .. 작업 정보를 바르게 가져오지 못했습니다.[작업번호:9993]
09:25:54:553;IMP;[DeleteJobMst] .. 정상 처리되었습니다. 작업번호[9993]
09:25:54:582;IMP;[GetJobCompleteReport] .. SIM MODE 작업 (완료)삭제 성공하였습니다. [작업번호:9993]
09:25:54:707;ERR;[GetJobCompleteReport] .. 작업 정보를 바르게 가져오지 못했습니다.[작업번호:9993]
09:25:55:809;IMP;[DeleteJobMst] .. 정상 처리되었습니다. 작업번호[9993]
09:25:55:845;IMP;[GetJobCompleteReport] .. SIM MODE 작업 (완료)삭제 성공하였습니다. [작업번호:9993]
09:25:55:978;ERR;[GetJobCompleteReport] .. 작업 정보를 바르게 가져오지 못했습니다.[작업번호:9993]
09:25:57:112;IMP;[DeleteJobMst] .. 정상 처리되었습니다. 작업번호[9993]
09:25:57:170;IMP;[GetJobCompleteReport] .. SIM MODE 작업 (완료)삭제 성공하였습니다. [작업번호:9993]
09:25:57:374;ERR;[GetJobCompleteReport] .. 작업 정보를 바르게 가져오지 못했습니다.[작업번호:9993]
09:25:58:510;IMP;[DeleteJobMst] .. 정상 처리되었습니다. 작업번호[9993]
09:25:58:732;IMP;[GetJobCompleteReport] .. SIM MODE 작업 (완료)삭제 성공하였습니다. [작업번호:9993]
09:25:59:133;ERR;[GetJobCompleteReport] .. 작업 정보를 바르게 가져오지 못했습니다.[작업번호:9993]
09:26:00:411;IMP;[DeleteJobMst] .. 정상 처리되었습니다. 작업번호[9993]
09:26:00:575;IMP;[GetJobCompleteReport] .. SIM MODE 작업 (완료)삭제 성공하였습니다. [작업번호:9993]
09:26:01:068;ERR;[GetJobCompleteReport] .. 작업 정보를 바르게 가져오지 못했습니다.[작업번호:9993]
09:26:02:286;IMP;[DeleteJobMst] .. 정상 처리되었습니다. 작업번호[9993]
09:26:02:347;IMP;[GetJobCompleteReport] .. SIM MODE 작업 (완료)삭제 성공하였습니다. [작업번호:9993]
09:26:02:550;ERR;[GetJobCompleteReport] .. 작업 정보를 바르게 가져오지 못했습니다.[작업번호:9993]
09:26:03:666;IMP;[DeleteJobMst] .. 정상 처리되었습니다. 작업번호[9993]
09:26:03:710;IMP;[GetJobCompleteReport] .. SIM MODE 작업 (완료)삭제 성공하였습니다. [작업번호:9993]
09:26:03:952;ERR;[GetJobCompleteReport] .. 작업 정보를 바르게 가져오지 못했습니다.[작업번호:9993]
09:26:05:050;IMP;[DeleteJobMst] .. 정상 처리되었습니다. 작업번호[9993]
09:26:05:095;IMP;[GetJobCompleteReport] .. SIM MODE 작업 (완료)삭제 성공하였습니다. [작업번호:9993]
09:26:05:538;ERR;[GetJobCompleteReport] .. 작업 정보를 바르게 가져오지 못했습니다.[작업번호:9993]
09:26:06:675;IMP;[DeleteJobMst] .. 정상 처리되었습니다. 작업번호[9993]
09:26:06:821;IMP;[GetJobCompleteReport] .. SIM MODE 작업 (완료)삭제 성공하였습니다. [작업번호:9993]
09:26:07:278;ERR;[GetJobCompleteReport] .. 작업 정보를 바르게 가져오지 못했습니다.[작업번호:9993]
09:26:08:562;IMP;[DeleteJobMst] .. 정상 처리되었습니다. 작업번호[9993]
09:26:08:689;IMP;[GetJobCompleteReport] .. SIM MODE 작업 (완료)삭제 성공하였습니다. [작업번호:9993]
09:26:09:210;ERR;[GetJobCompleteReport] .. 작업 정보를 바르게 가져오지 못했습니다.[작업번호:9993]
09:26:10:428;IMP;[DeleteJobMst] .. 정상 처리되었습니다. 작업번호[9993]
09:26:10:469;IMP;[GetJobCompleteReport] .. SIM MODE 작업 (완료)삭제 성공하였습니다. [작업번호:9993]
09:26:10:671;ERR;[GetJobCompleteReport] .. 작업 정보를 바르게 가져오지 못했습니다.[작업번호:9993]
09:26:11:773;IMP;[DeleteJobMst] .. 정상 처리되었습니다. 작업번호[9993]
09:26:11:814;IMP;[GetJobCompleteReport] .. SIM MODE 작업 (완료)삭제 성공하였습니다. [작업번호:9993]
09:26:12:076;ERR;[GetJobCompleteReport] .. 작업 정보를 바르게 가져오지 못했습니다.[작업번호:9993]
09:26:13:187;IMP;[DeleteJobMst] .. 정상 처리되었습니다. 작업번호[9993]
09:26:13:288;IMP;[GetJobCompleteReport] .. SIM MODE 작업 (완료)삭제 성공하였습니다. [작업번호:9993]
09:26:13:495;ERR;[GetJobCompleteReport] .. 작업 정보를 바르게 가져오지 못했습니다.[작업번호:9993]
09:26:14:576;IMP;[DeleteJobMst] .. 정상 처리되었습니다. 작업번호[9993]
09:26:14:619;IMP;[GetJobCompleteReport] .. SIM MODE 작업 (완료)삭제 성공하였습니다. [작업번호:9993]
09:26:14:938;ERR;[GetJobCompleteReport] .. 작업 정보를 바르게 가져오지 못했습니다.[작업번호:9993]
09:26:16:062;IMP;[DeleteJobMst] .. 정상 처리되었습니다. 작업번호[9993]
09:26:16:108;IMP;[GetJobCompleteReport] .. SIM MODE 작업 (완료)삭제 성공하였습니다. [작업번호:9993]
09:26:16:557;ERR;[GetJobCompleteReport] .. 작업 정보를 바르게 가져오지 못했습니다.[작업번호:9993]
09:26:17:713;IMP;[DeleteJobMst] .. 정상 처리되었습니다. 작업번호[9993]
09:26:17:734;IMP;[GetJobCompleteReport] .. SIM MODE 작업 (완료)삭제 성공하였습니다. [작업번호:9993]
09:26:17:956;ERR;[GetJobCompleteReport] .. 작업 정보를 바르게 가져오지 못했습니다.[작업번호:9993]
09:26:19:039;IMP;[DeleteJobMst] .. 정상 처리되었습니다. 작업번호[9993]
09:26:19:063;IMP;[GetJobCompleteReport] .. SIM MODE 작업 (완료)삭제 성공하였습니다. [작업번호:9993]
09:26:19:277;ERR;[GetJobCompleteReport] .. 작업 정보를 바르게 가져오지 못했습니다.[작업번호:9993]
09:26:20:382;IMP;[DeleteJobMst] .. 정상 처리되었습니다. 작업번호[9993]
09:26:20:420;IMP;[GetJobCompleteReport] .. SIM MODE 작업 (완료)삭제 성공하였습니다. [작업번호:9993]
09:26:20:620;ERR;[GetJobCompleteReport] .. 작업 정보를 바르게 가져오지 못했습니다.[작업번호:9993]
09:26:21:728;IMP;[DeleteJobMst] .. 정상 처리되었습니다. 작업번호[9993]
09:26:21:764;IMP;[GetJobCompleteReport] .. SIM MODE 작업 (완료)삭제 성공하였습니다. [작업번호:9993]
09:26:21:960;ERR;[GetJobCompleteReport] .. 작업 정보를 바르게 가져오지 못했습니다.[작업번호:9993]
09:26:23:075;IMP;[DeleteJobMst] .. 정상 처리되었습니다. 작업번호[9993]
09:26:23:208;IMP;[GetJobCompleteReport] .. SIM MODE 작업 (완료)삭제 성공하였습니다. [작업번호:9993]
09:26:23:684;ERR;[GetJobCompleteReport] .. 작업 정보를 바르게 가져오지 못했습니다.[작업번호:9993]
09:26:24:841;IMP;[DeleteJobMst] .. 정상 처리되었습니다. 작업번호[9993]
09:26:24:947;IMP;[GetJobCompleteReport] .. SIM MODE 작업 (완료)삭제 성공하였습니다. [작업번호:9993]
09:26:25:649;ERR;[GetJobCompleteReport] .. 작업 정보를 바르게 가져오지 못했습니다.[작업번호:9993]
09:26:26:840;IMP;[DeleteJobMst] .. 정상 처리되었습니다. 작업번호[9993]
09:26:26:906;IMP;[GetJobCompleteReport] .. SIM MODE 작업 (완료)삭제 성공하였습니다. [작업번호:9993]
09:26:27:133;ERR;[GetJobCompleteReport] .. 작업 정보를 바르게 가져오지 못했습니다.[작업번호:9993]
09:26:28:239;IMP;[DeleteJobMst] .. 정상 처리되었습니다. 작업번호[9993]
09:26:28:278;IMP;[GetJobCompleteReport] .. SIM MODE 작업 (완료)삭제 성공하였습니다. [작업번호:9993]
09:26:28:539;ERR;[GetJobCompleteReport] .. 작업 정보를 바르게 가져오지 못했습니다.[작업번호:9993]
09:26:33:622;IMP;[DeleteJobMst] .. 정상 처리되었습니다. 작업번호[9993]
09:26:33:670;IMP;[GetJobCompleteReport] .. SIM MODE 작업 (완료)삭제 성공하였습니다. [작업번호:9993]
09:26:34:532;ERR;[GetJobCompleteReport] .. 작업 정보를 바르게 가져오지 못했습니다.[작업번호:9993]
09:26:37:839;IMP;[DeleteJobMst] .. 정상 처리되었습니다. 작업번호[9993]
09:26:38:120;IMP;[GetJobCompleteReport] .. SIM MODE 작업 (완료)삭제 성공하였습니다. [작업번호:9993]
09:26:39:970;ERR;[GetJobCompleteReport] .. 작업 정보를 바르게 가져오지 못했습니다.[작업번호:9993]
09:26:45:170;IMP;[DeleteJobMst] .. 정상 처리되었습니다. 작업번호[9993]
09:26:45:213;IMP;[GetJobCompleteReport] .. SIM MODE 작업 (완료)삭제 성공하였습니다. [작업번호:9993]
09:26:45:717;ERR;[GetJobCompleteReport] .. 작업 정보를 바르게 가져오지 못했습니다.[작업번호:9993]
09:26:49:692;IMP;[DeleteJobMst] .. 정상 처리되었습니다. 작업번호[9993]
09:26:49:793;IMP;[GetJobCompleteReport] .. SIM MODE 작업 (완료)삭제 성공하였습니다. [작업번호:9993]
09:26:50:724;ERR;[GetJobCompleteReport] .. 작업 정보를 바르게 가져오지 못했습니다.[작업번호:9993]
09:26:56:061;IMP;[DeleteJobMst] .. 정상 처리되었습니다. 작업번호[9993]
09:26:56:194;IMP;[GetJobCompleteReport] .. SIM MODE 작업 (완료)삭제 성공하였습니다. [작업번호:9993]
09:26:57:366;ERR;[GetJobCompleteReport] .. 작업 정보를 바르게 가져오지 못했습니다.[작업번호:9993]
09:27:04:249;IMP;[DeleteJobMst] .. 정상 처리되었습니다. 작업번호[9993]
09:27:04:396;IMP;[GetJobCompleteReport] .. SIM MODE 작업 (완료)삭제 성공하였습니다. [작업번호:9993]
09:27:05:506;ERR;[GetJobCompleteReport] .. 작업 정보를 바르게 가져오지 못했습니다.[작업번호:9993]
09:27:07:385;IMP;[DeleteJobMst] .. 정상 처리되었습니다. 작업번호[9993]
09:27:07:501;IMP;[GetJobCompleteReport] .. SIM MODE 작업 (완료)삭제 성공하였습니다. [작업번호:9993]
09:27:07:908;ERR;[GetJobCompleteReport] .. 작업 정보를 바르게 가져오지 못했습니다.[작업번호:9993]
09:27:10:008;IMP;[DeleteJobMst] .. 정상 처리되었습니다. 작업번호[9993]
09:27:10:027;IMP;[GetJobCompleteReport] .. SIM MODE 작업 (완료)삭제 성공하였습니다. [작업번호:9993]
09:27:10:474;ERR;[GetJobCompleteReport] .. 작업 정보를 바르게 가져오지 못했습니다.[작업번호:9993]
09:27:12:510;IMP;[DeleteJobMst] .. 정상 처리되었습니다. 작업번호[9993]
09:27:12:608;IMP;[GetJobCompleteReport] .. SIM MODE 작업 (완료)삭제 성공하였습니다. [작업번호:9993]
09:27:13:807;ERR;[GetJobCompleteReport] .. 작업 정보를 바르게 가져오지 못했습니다.[작업번호:9993]
09:27:15:084;IMP;[DeleteJobMst] .. 정상 처리되었습니다. 작업번호[9993]
09:27:15:103;IMP;[GetJobCompleteReport] .. SIM MODE 작업 (완료)삭제 성공하였습니다. [작업번호:9993]
09:27:15:310;ERR;[GetJobCompleteReport] .. 작업 정보를 바르게 가져오지 못했습니다.[작업번호:9993]
09:27:16:391;IMP;[DeleteJobMst] .. 정상 처리되었습니다. 작업번호[9993]
09:27:16:417;IMP;[GetJobCompleteReport] .. SIM MODE 작업 (완료)삭제 성공하였습니다. [작업번호:9993]
09:27:16:663;ERR;[GetJobCompleteReport] .. 작업 정보를 바르게 가져오지 못했습니다.[작업번호:9993]
09:27:17:751;IMP;[DeleteJobMst] .. 정상 처리되었습니다. 작업번호[9993]
09:27:17:809;IMP;[GetJobCompleteReport] .. SIM MODE 작업 (완료)삭제 성공하였습니다. [작업번호:9993]
09:27:18:004;ERR;[GetJobCompleteReport] .. 작업 정보를 바르게 가져오지 못했습니다.[작업번호:9993]
09:27:19:129;IMP;[DeleteJobMst] .. 정상 처리되었습니다. 작업번호[9993]
09:27:19:198;IMP;[GetJobCompleteReport] .. SIM MODE 작업 (완료)삭제 성공하였습니다. [작업번호:9993]
09:27:19:639;ERR;[GetJobCompleteReport] .. 작업 정보를 바르게 가져오지 못했습니다.[작업번호:9993]
09:27:20:830;IMP;[DeleteJobMst] .. 정상 처리되었습니다. 작업번호[9993]
09:27:21:038;IMP;[GetJobCompleteReport] .. SIM MODE 작업 (완료)삭제 성공하였습니다. [작업번호:9993]
09:27:21:719;ERR;[GetJobCompleteReport] .. 작업 정보를 바르게 가져오지 못했습니다.[작업번호:9993]
09:27:22:950;IMP;[DeleteJobMst] .. 정상 처리되었습니다. 작업번호[9993]
09:27:22:993;IMP;[GetJobCompleteReport] .. SIM MODE 작업 (완료)삭제 성공하였습니다. [작업번호:9993]
09:27:23:253;ERR;[GetJobCompleteReport] .. 작업 정보를 바르게 가져오지 못했습니다.[작업번호:9993]
09:27:24:402;IMP;[DeleteJobMst] .. 정상 처리되었습니다. 작업번호[9993]
09:27:24:491;IMP;[GetJobCompleteReport] .. SIM MODE 작업 (완료)삭제 성공하였습니다. [작업번호:9993]
09:27:24:765;ERR;[GetJobCompleteReport] .. 작업 정보를 바르게 가져오지 못했습니다.[작업번호:9993]
09:27:25:914;IMP;[DeleteJobMst] .. 정상 처리되었습니다. 작업번호[9993]
09:27:25:958;IMP;[GetJobCompleteReport] .. SIM MODE 작업 (완료)삭제 성공하였습니다. [작업번호:9993]
09:27:26:172;ERR;[GetJobCompleteReport] .. 작업 정보를 바르게 가져오지 못했습니다.[작업번호:9993]
09:27:27:287;IMP;[DeleteJobMst] .. 정상 처리되었습니다. 작업번호[9993]
09:27:27:431;IMP;[GetJobCompleteReport] .. SIM MODE 작업 (완료)삭제 성공하였습니다. [작업번호:9993]
09:27:28:187;ERR;[GetJobCompleteReport] .. 작업 정보를 바르게 가져오지 못했습니다.[작업번호:9993]
09:27:29:442;IMP;[DeleteJobMst] .. 정상 처리되었습니다. 작업번호[9993]
09:27:29:576;IMP;[GetJobCompleteReport] .. SIM MODE 작업 (완료)삭제 성공하였습니다. [작업번호:9993]
09:27:30:086;ERR;[GetJobCompleteReport] .. 작업 정보를 바르게 가져오지 못했습니다.[작업번호:9993]
09:27:31:229;IMP;[DeleteJobMst] .. 정상 처리되었습니다. 작업번호[9993]
09:27:31:270;IMP;[GetJobCompleteReport] .. SIM MODE 작업 (완료)삭제 성공하였습니다. [작업번호:9993]
09:27:31:358;ERR;[GetJobCompleteReport] .. 작업 정보를 바르게 가져오지 못했습니다.[작업번호:9993]
09:27:32:459;IMP;[DeleteJobMst] .. 정상 처리되었습니다. 작업번호[9993]
09:27:32:500;IMP;[GetJobCompleteReport] .. SIM MODE 작업 (완료)삭제 성공하였습니다. [작업번호:9993]
09:27:32:623;ERR;[GetJobCompleteReport] .. 작업 정보를 바르게 가져오지 못했습니다.[작업번호:9993]
09:27:33:718;IMP;[DeleteJobMst] .. 정상 처리되었습니다. 작업번호[9993]
09:27:33:759;IMP;[GetJobCompleteReport] .. SIM MODE 작업 (완료)삭제 성공하였습니다. [작업번호:9993]
09:27:33:849;ERR;[GetJobCompleteReport] .. 작업 정보를 바르게 가져오지 못했습니다.[작업번호:9993]
09:27:34:960;IMP;[DeleteJobMst] .. 정상 처리되었습니다. 작업번호[9993]
09:27:35:005;IMP;[GetJobCompleteReport] .. SIM MODE 작업 (완료)삭제 성공하였습니다. [작업번호:9993]
09:27:35:147;ERR;[GetJobCompleteReport] .. 작업 정보를 바르게 가져오지 못했습니다.[작업번호:9993]
09:27:36:262;IMP;[DeleteJobMst] .. 정상 처리되었습니다. 작업번호[9993]
09:27:36:455;IMP;[GetJobCompleteReport] .. SIM MODE 작업 (완료)삭제 성공하였습니다. [작업번호:9993]
09:27:36:662;ERR;[GetJobCompleteReport] .. 작업 정보를 바르게 가져오지 못했습니다.[작업번호:9993]
09:27:37:768;IMP;[DeleteJobMst] .. 정상 처리되었습니다. 작업번호[9993]
09:27:37:778;IMP;[GetJobCompleteReport] .. SIM MODE 작업 (완료)삭제 성공하였습니다. [작업번호:9993]
09:27:37:968;ERR;[GetJobCompleteReport] .. 작업 정보를 바르게 가져오지 못했습니다.[작업번호:9993]
09:27:39:068;IMP;[DeleteJobMst] .. 정상 처리되었습니다. 작업번호[9993]
09:27:39:081;IMP;[GetJobCompleteReport] .. SIM MODE 작업 (완료)삭제 성공하였습니다. [작업번호:9993]
09:27:39:171;ERR;[GetJobCompleteReport] .. 작업 정보를 바르게 가져오지 못했습니다.[작업번호:9993]
09:27:40:248;IMP;[DeleteJobMst] .. 정상 처리되었습니다. 작업번호[9993]
09:27:40:269;IMP;[GetJobCompleteReport] .. SIM MODE 작업 (완료)삭제 성공하였습니다. [작업번호:9993]
09:27:40:383;ERR;[GetJobCompleteReport] .. 작업 정보를 바르게 가져오지 못했습니다.[작업번호:9993]
09:27:41:466;IMP;[DeleteJobMst] .. 정상 처리되었습니다. 작업번호[9993]
09:27:41:493;IMP;[GetJobCompleteReport] .. SIM MODE 작업 (완료)삭제 성공하였습니다. [작업번호:9993]
09:27:41:611;ERR;[GetJobCompleteReport] .. 작업 정보를 바르게 가져오지 못했습니다.[작업번호:9993]
09:27:42:700;IMP;[DeleteJobMst] .. 정상 처리되었습니다. 작업번호[9993]
09:27:42:732;IMP;[GetJobCompleteReport] .. SIM MODE 작업 (완료)삭제 성공하였습니다. [작업번호:9993]
09:27:42:953;ERR;[GetJobCompleteReport] .. 작업 정보를 바르게 가져오지 못했습니다.[작업번호:9993]
09:27:44:847;IMP;[DeleteJobMst] .. 정상 처리되었습니다. 작업번호[9993]
09:27:45:002;IMP;[GetJobCompleteReport] .. SIM MODE 작업 (완료)삭제 성공하였습니다. [작업번호:9993]
09:27:45:911;ERR;[GetJobCompleteReport] .. 작업 정보를 바르게 가져오지 못했습니다.[작업번호:9993]
09:27:49:716;IMP;[DeleteJobMst] .. 정상 처리되었습니다. 작업번호[9993]
09:27:49:767;IMP;[GetJobCompleteReport] .. SIM MODE 작업 (완료)삭제 성공하였습니다. [작업번호:9993]
09:27:50:255;ERR;[GetJobCompleteReport] .. 작업 정보를 바르게 가져오지 못했습니다.[작업번호:9993]
09:27:52:775;IMP;[DeleteJobMst] .. 정상 처리되었습니다. 작업번호[9993]
09:27:52:888;IMP;[GetJobCompleteReport] .. SIM MODE 작업 (완료)삭제 성공하였습니다. [작업번호:9993]
09:27:53:646;ERR;[GetJobCompleteReport] .. 작업 정보를 바르게 가져오지 못했습니다.[작업번호:9993]
09:27:54:934;IMP;[DeleteJobMst] .. 정상 처리되었습니다. 작업번호[9993]
09:27:54:978;IMP;[GetJobCompleteReport] .. SIM MODE 작업 (완료)삭제 성공하였습니다. [작업번호:9993]
09:27:55:146;ERR;[GetJobCompleteReport] .. 작업 정보를 바르게 가져오지 못했습니다.[작업번호:9993]
09:27:56:254;IMP;[DeleteJobMst] .. 정상 처리되었습니다. 작업번호[9993]
09:27:56:300;IMP;[GetJobCompleteReport] .. SIM MODE 작업 (완료)삭제 성공하였습니다. [작업번호:9993]
09:27:56:532;ERR;[GetJobCompleteReport] .. 작업 정보를 바르게 가져오지 못했습니다.[작업번호:9993]
09:27:57:631;IMP;[DeleteJobMst] .. 정상 처리되었습니다. 작업번호[9993]
09:27:57:677;IMP;[GetJobCompleteReport] .. SIM MODE 작업 (완료)삭제 성공하였습니다. [작업번호:9993]
09:27:57:967;ERR;[GetJobCompleteReport] .. 작업 정보를 바르게 가져오지 못했습니다.[작업번호:9993]
09:27:59:076;IMP;[DeleteJobMst] .. 정상 처리되었습니다. 작업번호[9993]
09:27:59:119;IMP;[GetJobCompleteReport] .. SIM MODE 작업 (완료)삭제 성공하였습니다. [작업번호:9993]
09:27:59:422;ERR;[GetJobCompleteReport] .. 작업 정보를 바르게 가져오지 못했습니다.[작업번호:9993]
09:28:00:557;IMP;[DeleteJobMst] .. 정상 처리되었습니다. 작업번호[9993]
09:28:00:651;IMP;[GetJobCompleteReport] .. SIM MODE 작업 (완료)삭제 성공하였습니다. [작업번호:9993]
09:28:01:279;ERR;[GetJobCompleteReport] .. 작업 정보를 바르게 가져오지 못했습니다.[작업번호:9993]
09:28:02:597;IMP;[DeleteJobMst] .. 정상 처리되었습니다. 작업번호[9993]
09:28:02:731;IMP;[GetJobCompleteReport] .. SIM MODE 작업 (완료)삭제 성공하였습니다. [작업번호:9993]
09:28:03:219;ERR;[GetJobCompleteReport] .. 작업 정보를 바르게 가져오지 못했습니다.[작업번호:9993]
09:28:04:336;IMP;[DeleteJobMst] .. 정상 처리되었습니다. 작업번호[9993]
09:28:04:379;IMP;[GetJobCompleteReport] .. SIM MODE 작업 (완료)삭제 성공하였습니다. [작업번호:9993]
09:28:04:587;ERR;[GetJobCompleteReport] .. 작업 정보를 바르게 가져오지 못했습니다.[작업번호:9993]
09:28:05:709;IMP;[DeleteJobMst] .. 정상 처리되었습니다. 작업번호[9993]
09:28:05:754;IMP;[GetJobCompleteReport] .. SIM MODE 작업 (완료)삭제 성공하였습니다. [작업번호:9993]
09:28:05:962;ERR;[GetJobCompleteReport] .. 작업 정보를 바르게 가져오지 못했습니다.[작업번호:9993]
09:28:07:062;IMP;[DeleteJobMst] .. 정상 처리되었습니다. 작업번호[9993]
09:28:07:129;IMP;[GetJobCompleteReport] .. SIM MODE 작업 (완료)삭제 성공하였습니다. [작업번호:9993]
09:28:07:284;ERR;[GetJobCompleteReport] .. 작업 정보를 바르게 가져오지 못했습니다.[작업번호:9993]
09:28:08:360;IMP;[DeleteJobMst] .. 정상 처리되었습니다. 작업번호[9993]
09:28:08:397;IMP;[GetJobCompleteReport] .. SIM MODE 작업 (완료)삭제 성공하였습니다. [작업번호:9993]
09:28:08:826;ERR;[GetJobCompleteReport] .. 작업 정보를 바르게 가져오지 못했습니다.[작업번호:9993]
09:28:09:977;IMP;[DeleteJobMst] .. 정상 처리되었습니다. 작업번호[9993]
09:28:10:031;IMP;[GetJobCompleteReport] .. SIM MODE 작업 (완료)삭제 성공하였습니다. [작업번호:9993]
09:28:10:628;ERR;[GetJobCompleteReport] .. 작업 정보를 바르게 가져오지 못했습니다.[작업번호:9993]
09:28:11:760;IMP;[DeleteJobMst] .. 정상 처리되었습니다. 작업번호[9993]
09:28:11:804;IMP;[GetJobCompleteReport] .. SIM MODE 작업 (완료)삭제 성공하였습니다. [작업번호:9993]
09:28:11:991;ERR;[GetJobCompleteReport] .. 작업 정보를 바르게 가져오지 못했습니다.[작업번호:9993]
09:28:13:078;IMP;[DeleteJobMst] .. 정상 처리되었습니다. 작업번호[9993]
09:28:13:103;IMP;[GetJobCompleteReport] .. SIM MODE 작업 (완료)삭제 성공하였습니다. [작업번호:9993]
09:28:13:282;ERR;[GetJobCompleteReport] .. 작업 정보를 바르게 가져오지 못했습니다.[작업번호:9993]
09:28:14:403;IMP;[DeleteJobMst] .. 정상 처리되었습니다. 작업번호[9993]
09:28:14:448;IMP;[GetJobCompleteReport] .. SIM MODE 작업 (완료)삭제 성공하였습니다. [작업번호:9993]
09:28:14:676;ERR;[GetJobCompleteReport] .. 작업 정보를 바르게 가져오지 못했습니다.[작업번호:9993]
09:28:15:781;IMP;[DeleteJobMst] .. 정상 처리되었습니다. 작업번호[9993]
09:28:15:819;IMP;[GetJobCompleteReport] .. SIM MODE 작업 (완료)삭제 성공하였습니다. [작업번호:9993]
09:28:16:087;ERR;[GetJobCompleteReport] .. 작업 정보를 바르게 가져오지 못했습니다.[작업번호:9993]
09:28:17:208;IMP;[DeleteJobMst] .. 정상 처리되었습니다. 작업번호[9993]
09:28:17:494;IMP;[GetJobCompleteReport] .. SIM MODE 작업 (완료)삭제 성공하였습니다. [작업번호:9993]
09:28:18:064;ERR;[GetJobCompleteReport] .. 작업 정보를 바르게 가져오지 못했습니다.[작업번호:9993]
09:28:19:270;IMP;[DeleteJobMst] .. 정상 처리되었습니다. 작업번호[9993]
09:28:19:414;IMP;[GetJobCompleteReport] .. SIM MODE 작업 (완료)삭제 성공하였습니다. [작업번호:9993]
09:28:19:818;ERR;[GetJobCompleteReport] .. 작업 정보를 바르게 가져오지 못했습니다.[작업번호:9993]
09:28:20:932;IMP;[DeleteJobMst] .. 정상 처리되었습니다. 작업번호[9993]
09:28:21:012;IMP;[GetJobCompleteReport] .. SIM MODE 작업 (완료)삭제 성공하였습니다. [작업번호:9993]
09:28:21:232;ERR;[GetJobCompleteReport] .. 작업 정보를 바르게 가져오지 못했습니다.[작업번호:9993]
09:28:22:400;IMP;[DeleteJobMst] .. 정상 처리되었습니다. 작업번호[9993]
09:28:22:450;IMP;[GetJobCompleteReport] .. SIM MODE 작업 (완료)삭제 성공하였습니다. [작업번호:9993]
09:28:22:653;ERR;[GetJobCompleteReport] .. 작업 정보를 바르게 가져오지 못했습니다.[작업번호:9993]
09:28:23:766;IMP;[DeleteJobMst] .. 정상 처리되었습니다. 작업번호[9993]
09:28:23:807;IMP;[GetJobCompleteReport] .. SIM MODE 작업 (완료)삭제 성공하였습니다. [작업번호:9993]
09:28:24:004;ERR;[GetJobCompleteReport] .. 작업 정보를 바르게 가져오지 못했습니다.[작업번호:9993]
09:28:25:129;IMP;[DeleteJobMst] .. 정상 처리되었습니다. 작업번호[9993]
09:28:25:269;IMP;[GetJobCompleteReport] .. SIM MODE 작업 (완료)삭제 성공하였습니다. [작업번호:9993]
09:28:25:786;ERR;[GetJobCompleteReport] .. 작업 정보를 바르게 가져오지 못했습니다.[작업번호:9993]
09:28:27:026;IMP;[DeleteJobMst] .. 정상 처리되었습니다. 작업번호[9993]
09:28:27:306;IMP;[GetJobCompleteReport] .. SIM MODE 작업 (완료)삭제 성공하였습니다. [작업번호:9993]
09:28:27:819;ERR;[GetJobCompleteReport] .. 작업 정보를 바르게 가져오지 못했습니다.[작업번호:9993]
09:28:28:977;IMP;[DeleteJobMst] .. 정상 처리되었습니다. 작업번호[9993]
09:28:29:020;IMP;[GetJobCompleteReport] .. SIM MODE 작업 (완료)삭제 성공하였습니다. [작업번호:9993]
09:28:29:248;ERR;[GetJobCompleteReport] .. 작업 정보를 바르게 가져오지 못했습니다.[작업번호:9993]
09:28:30:355;IMP;[DeleteJobMst] .. 정상 처리되었습니다. 작업번호[9993]
09:28:30:398;IMP;[GetJobCompleteReport] .. SIM MODE 작업 (완료)삭제 성공하였습니다. [작업번호:9993]
09:28:30:669;ERR;[GetJobCompleteReport] .. 작업 정보를 바르게 가져오지 못했습니다.[작업번호:9993]
09:28:31:777;IMP;[DeleteJobMst] .. 정상 처리되었습니다. 작업번호[9993]
09:28:31:825;IMP;[GetJobCompleteReport] .. SIM MODE 작업 (완료)삭제 성공하였습니다. [작업번호:9993]
09:28:32:038;ERR;[GetJobCompleteReport] .. 작업 정보를 바르게 가져오지 못했습니다.[작업번호:9993]
09:28:33:146;IMP;[DeleteJobMst] .. 정상 처리되었습니다. 작업번호[9993]
09:28:33:307;IMP;[GetJobCompleteReport] .. SIM MODE 작업 (완료)삭제 성공하였습니다. [작업번호:9993]
09:28:33:786;ERR;[GetJobCompleteReport] .. 작업 정보를 바르게 가져오지 못했습니다.[작업번호:9993]
09:28:34:972;IMP;[DeleteJobMst] .. 정상 처리되었습니다. 작업번호[9993]
09:28:34:992;IMP;[GetJobCompleteReport] .. SIM MODE 작업 (완료)삭제 성공하였습니다. [작업번호:9993]
09:28:35:778;ERR;[GetJobCompleteReport] .. 작업 정보를 바르게 가져오지 못했습니다.[작업번호:9993]
09:28:36:872;IMP;[DeleteJobMst] .. 정상 처리되었습니다. 작업번호[9993]
09:28:36:887;IMP;[GetJobCompleteReport] .. SIM MODE 작업 (완료)삭제 성공하였습니다. [작업번호:9993]
09:28:37:087;ERR;[GetJobCompleteReport] .. 작업 정보를 바르게 가져오지 못했습니다.[작업번호:9993]
09:28:38:174;IMP;[DeleteJobMst] .. 정상 처리되었습니다. 작업번호[9993]
09:28:38:217;IMP;[GetJobCompleteReport] .. SIM MODE 작업 (완료)삭제 성공하였습니다. [작업번호:9993]
09:28:38:400;ERR;[GetJobCompleteReport] .. 작업 정보를 바르게 가져오지 못했습니다.[작업번호:9993]
09:28:39:494;IMP;[DeleteJobMst] .. 정상 처리되었습니다. 작업번호[9993]
09:28:39:519;IMP;[GetJobCompleteReport] .. SIM MODE 작업 (완료)삭제 성공하였습니다. [작업번호:9993]
09:28:39:702;ERR;[GetJobCompleteReport] .. 작업 정보를 바르게 가져오지 못했습니다.[작업번호:9993]
09:28:40:794;IMP;[DeleteJobMst] .. 정상 처리되었습니다. 작업번호[9993]
09:28:40:823;IMP;[GetJobCompleteReport] .. SIM MODE 작업 (완료)삭제 성공하였습니다. [작업번호:9993]
09:28:41:079;ERR;[GetJobCompleteReport] .. 작업 정보를 바르게 가져오지 못했습니다.[작업번호:9993]
09:28:42:233;IMP;[DeleteJobMst] .. 정상 처리되었습니다. 작업번호[9993]
09:28:42:314;IMP;[GetJobCompleteReport] .. SIM MODE 작업 (완료)삭제 성공하였습니다. [작업번호:9993]
09:28:43:068;ERR;[GetJobCompleteReport] .. 작업 정보를 바르게 가져오지 못했습니다.[작업번호:9993]
09:28:44:261;IMP;[DeleteJobMst] .. 정상 처리되었습니다. 작업번호[9993]
09:28:44:312;IMP;[GetJobCompleteReport] .. SIM MODE 작업 (완료)삭제 성공하였습니다. [작업번호:9993]
09:28:44:537;ERR;[GetJobCompleteReport] .. 작업 정보를 바르게 가져오지 못했습니다.[작업번호:9993]
09:28:45:644;IMP;[DeleteJobMst] .. 정상 처리되었습니다. 작업번호[9993]
09:28:45:696;IMP;[GetJobCompleteReport] .. SIM MODE 작업 (완료)삭제 성공하였습니다. [작업번호:9993]
09:28:45:906;ERR;[GetJobCompleteReport] .. 작업 정보를 바르게 가져오지 못했습니다.[작업번호:9993]
09:28:47:017;IMP;[DeleteJobMst] .. 정상 처리되었습니다. 작업번호[9993]
09:28:47:060;IMP;[GetJobCompleteReport] .. SIM MODE 작업 (완료)삭제 성공하였습니다. [작업번호:9993]
09:28:47:256;ERR;[GetJobCompleteReport] .. 작업 정보를 바르게 가져오지 못했습니다.[작업번호:9993]
09:28:48:355;IMP;[DeleteJobMst] .. 정상 처리되었습니다. 작업번호[9993]
09:28:48:437;IMP;[GetJobCompleteReport] .. SIM MODE 작업 (완료)삭제 성공하였습니다. [작업번호:9993]
09:28:48:693;ERR;[GetJobCompleteReport] .. 작업 정보를 바르게 가져오지 못했습니다.[작업번호:9993]
09:28:49:811;IMP;[DeleteJobMst] .. 정상 처리되었습니다. 작업번호[9993]
09:28:49:982;IMP;[GetJobCompleteReport] .. SIM MODE 작업 (완료)삭제 성공하였습니다. [작업번호:9993]
09:28:50:789;ERR;[GetJobCompleteReport] .. 작업 정보를 바르게 가져오지 못했습니다.[작업번호:9993]
09:28:52:001;IMP;[DeleteJobMst] .. 정상 처리되었습니다. 작업번호[9993]
09:28:52:096;IMP;[GetJobCompleteReport] .. SIM MODE 작업 (완료)삭제 성공하였습니다. [작업번호:9993]
09:28:52:591;ERR;[GetJobCompleteReport] .. 작업 정보를 바르게 가져오지 못했습니다.[작업번호:9993]
09:28:53:802;IMP;[DeleteJobMst] .. 정상 처리되었습니다. 작업번호[9993]
09:28:53:847;IMP;[GetJobCompleteReport] .. SIM MODE 작업 (완료)삭제 성공하였습니다. [작업번호:9993]
09:28:53:940;ERR;[GetJobCompleteReport] .. 작업 정보를 바르게 가져오지 못했습니다.[작업번호:9993]
09:28:55:041;IMP;[DeleteJobMst] .. 정상 처리되었습니다. 작업번호[9993]
09:28:55:083;IMP;[GetJobCompleteReport] .. SIM MODE 작업 (완료)삭제 성공하였습니다. [작업번호:9993]
09:28:55:179;ERR;[GetJobCompleteReport] .. 작업 정보를 바르게 가져오지 못했습니다.[작업번호:9993]
09:28:56:280;IMP;[DeleteJobMst] .. 정상 처리되었습니다. 작업번호[9993]
09:28:56:322;IMP;[GetJobCompleteReport] .. SIM MODE 작업 (완료)삭제 성공하였습니다. [작업번호:9993]
09:28:56:504;ERR;[GetJobCompleteReport] .. 작업 정보를 바르게 가져오지 못했습니다.[작업번호:9993]
09:28:57:677;IMP;[DeleteJobMst] .. 정상 처리되었습니다. 작업번호[9993]
09:28:57:787;IMP;[GetJobCompleteReport] .. SIM MODE 작업 (완료)삭제 성공하였습니다. [작업번호:9993]
09:28:58:038;ERR;[GetJobCompleteReport] .. 작업 정보를 바르게 가져오지 못했습니다.[작업번호:9993]
09:28:59:322;IMP;[DeleteJobMst] .. 정상 처리되었습니다. 작업번호[9993]
09:28:59:550;IMP;[GetJobCompleteReport] .. SIM MODE 작업 (완료)삭제 성공하였습니다. [작업번호:9993]
09:28:59:687;ERR;[GetJobCompleteReport] .. 작업 정보를 바르게 가져오지 못했습니다.[작업번호:9993]
09:29:00:804;IMP;[DeleteJobMst] .. 정상 처리되었습니다. 작업번호[9993]
09:29:00:814;IMP;[GetJobCompleteReport] .. SIM MODE 작업 (완료)삭제 성공하였습니다. [작업번호:9993]
09:29:00:898;ERR;[GetJobCompleteReport] .. 작업 정보를 바르게 가져오지 못했습니다.[작업번호:9993]
09:29:02:002;IMP;[DeleteJobMst] .. 정상 처리되었습니다. 작업번호[9993]
09:29:02:017;IMP;[GetJobCompleteReport] .. SIM MODE 작업 (완료)삭제 성공하였습니다. [작업번호:9993]
09:29:02:423;ERR;[GetJobCompleteReport] .. 작업 정보를 바르게 가져오지 못했습니다.[작업번호:9993]
09:29:03:556;IMP;[DeleteJobMst] .. 정상 처리되었습니다. 작업번호[9993]
09:29:03:576;IMP;[GetJobCompleteReport] .. SIM MODE 작업 (완료)삭제 성공하였습니다. [작업번호:9993]
09:29:03:704;ERR;[GetJobCompleteReport] .. 작업 정보를 바르게 가져오지 못했습니다.[작업번호:9993]
09:29:04:781;IMP;[DeleteJobMst] .. 정상 처리되었습니다. 작업번호[9993]
09:29:04:806;IMP;[GetJobCompleteReport] .. SIM MODE 작업 (완료)삭제 성공하였습니다. [작업번호:9993]
09:29:04:933;ERR;[GetJobCompleteReport] .. 작업 정보를 바르게 가져오지 못했습니다.[작업번호:9993]
09:29:06:049;IMP;[DeleteJobMst] .. 정상 처리되었습니다. 작업번호[9993]
09:29:06:103;IMP;[GetJobCompleteReport] .. SIM MODE 작업 (완료)삭제 성공하였습니다. [작업번호:9993]
09:29:06:415;ERR;[GetJobCompleteReport] .. 작업 정보를 바르게 가져오지 못했습니다.[작업번호:9993]
09:29:07:604;IMP;[DeleteJobMst] .. 정상 처리되었습니다. 작업번호[9993]
09:29:07:686;IMP;[GetJobCompleteReport] .. SIM MODE 작업 (완료)삭제 성공하였습니다. [작업번호:9993]
09:29:08:071;ERR;[GetJobCompleteReport] .. 작업 정보를 바르게 가져오지 못했습니다.[작업번호:9993]
09:29:09:270;IMP;[DeleteJobMst] .. 정상 처리되었습니다. 작업번호[9993]
09:29:09:316;IMP;[GetJobCompleteReport] .. SIM MODE 작업 (완료)삭제 성공하였습니다. [작업번호:9993]
09:29:09:494;ERR;[GetJobCompleteReport] .. 작업 정보를 바르게 가져오지 못했습니다.[작업번호:9993]
09:29:10:590;IMP;[DeleteJobMst] .. 정상 처리되었습니다. 작업번호[9993]
09:29:10:627;IMP;[GetJobCompleteReport] .. SIM MODE 작업 (완료)삭제 성공하였습니다. [작업번호:9993]
09:29:10:846;ERR;[GetJobCompleteReport] .. 작업 정보를 바르게 가져오지 못했습니다.[작업번호:9993]
09:29:11:947;IMP;[DeleteJobMst] .. 정상 처리되었습니다. 작업번호[9993]
09:29:11:991;IMP;[GetJobCompleteReport] .. SIM MODE 작업 (완료)삭제 성공하였습니다. [작업번호:9993]
09:29:12:213;ERR;[GetJobCompleteReport] .. 작업 정보를 바르게 가져오지 못했습니다.[작업번호:9993]
09:29:13:326;IMP;[DeleteJobMst] .. 정상 처리되었습니다. 작업번호[9993]
09:29:13:367;IMP;[GetJobCompleteReport] .. SIM MODE 작업 (완료)삭제 성공하였습니다. [작업번호:9993]
09:29:13:592;ERR;[GetJobCompleteReport] .. 작업 정보를 바르게 가져오지 못했습니다.[작업번호:9993]
09:29:14:724;IMP;[DeleteJobMst] .. 정상 처리되었습니다. 작업번호[9993]
09:29:14:848;IMP;[GetJobCompleteReport] .. SIM MODE 작업 (완료)삭제 성공하였습니다. [작업번호:9993]
09:29:15:333;ERR;[GetJobCompleteReport] .. 작업 정보를 바르게 가져오지 못했습니다.[작업번호:9993]
09:29:16:606;IMP;[DeleteJobMst] .. 정상 처리되었습니다. 작업번호[9993]
09:29:16:746;IMP;[GetJobCompleteReport] .. SIM MODE 작업 (완료)삭제 성공하였습니다. [작업번호:9993]
09:29:17:263;ERR;[GetJobCompleteReport] .. 작업 정보를 바르게 가져오지 못했습니다.[작업번호:9993]
09:29:18:382;IMP;[DeleteJobMst] .. 정상 처리되었습니다. 작업번호[9993]
09:29:18:424;IMP;[GetJobCompleteReport] .. SIM MODE 작업 (완료)삭제 성공하였습니다. [작업번호:9993]
09:29:18:734;ERR;[GetJobCompleteReport] .. 작업 정보를 바르게 가져오지 못했습니다.[작업번호:9993]
09:29:19:837;IMP;[DeleteJobMst] .. 정상 처리되었습니다. 작업번호[9993]
09:29:19:882;IMP;[GetJobCompleteReport] .. SIM MODE 작업 (완료)삭제 성공하였습니다. [작업번호:9993]
09:29:20:140;ERR;[GetJobCompleteReport] .. 작업 정보를 바르게 가져오지 못했습니다.[작업번호:9993]
09:29:21:254;IMP;[DeleteJobMst] .. 정상 처리되었습니다. 작업번호[9993]
09:29:21:298;IMP;[GetJobCompleteReport] .. SIM MODE 작업 (완료)삭제 성공하였습니다. [작업번호:9993]
09:29:21:525;ERR;[GetJobCompleteReport] .. 작업 정보를 바르게 가져오지 못했습니다.[작업번호:9993]
09:29:22:637;IMP;[DeleteJobMst] .. 정상 처리되었습니다. 작업번호[9993]
09:29:22:746;IMP;[GetJobCompleteReport] .. SIM MODE 작업 (완료)삭제 성공하였습니다. [작업번호:9993]
09:29:23:407;ERR;[GetJobCompleteReport] .. 작업 정보를 바르게 가져오지 못했습니다.[작업번호:9993]
09:29:24:748;IMP;[DeleteJobMst] .. 정상 처리되었습니다. 작업번호[9993]
09:29:24:905;IMP;[GetJobCompleteReport] .. SIM MODE 작업 (완료)삭제 성공하였습니다. [작업번호:9993]
09:29:25:314;ERR;[GetJobCompleteReport] .. 작업 정보를 바르게 가져오지 못했습니다.[작업번호:9993]
09:29:26:444;IMP;[DeleteJobMst] .. 정상 처리되었습니다. 작업번호[9993]
09:29:26:509;IMP;[GetJobCompleteReport] .. SIM MODE 작업 (완료)삭제 성공하였습니다. [작업번호:9993]
09:29:26:691;ERR;[GetJobCompleteReport] .. 작업 정보를 바르게 가져오지 못했습니다.[작업번호:9993]
09:29:27:773;IMP;[DeleteJobMst] .. 정상 처리되었습니다. 작업번호[9993]
09:29:27:787;IMP;[GetJobCompleteReport] .. SIM MODE 작업 (완료)삭제 성공하였습니다. [작업번호:9993]
09:29:27:968;ERR;[GetJobCompleteReport] .. 작업 정보를 바르게 가져오지 못했습니다.[작업번호:9993]
09:29:29:069;IMP;[DeleteJobMst] .. 정상 처리되었습니다. 작업번호[9993]
09:29:29:089;IMP;[GetJobCompleteReport] .. SIM MODE 작업 (완료)삭제 성공하였습니다. [작업번호:9993]
09:29:29:276;ERR;[GetJobCompleteReport] .. 작업 정보를 바르게 가져오지 못했습니다.[작업번호:9993]
09:29:30:447;IMP;[DeleteJobMst] .. 정상 처리되었습니다. 작업번호[9993]
09:29:30:504;IMP;[GetJobCompleteReport] .. SIM MODE 작업 (완료)삭제 성공하였습니다. [작업번호:9993]
09:29:30:900;ERR;[GetJobCompleteReport] .. 작업 정보를 바르게 가져오지 못했습니다.[작업번호:9993]
09:29:32:130;IMP;[DeleteJobMst] .. 정상 처리되었습니다. 작업번호[9993]
09:29:32:268;IMP;[GetJobCompleteReport] .. SIM MODE 작업 (완료)삭제 성공하였습니다. [작업번호:9993]
09:29:32:717;ERR;[GetJobCompleteReport] .. 작업 정보를 바르게 가져오지 못했습니다.[작업번호:9993]
09:29:33:899;IMP;[DeleteJobMst] .. 정상 처리되었습니다. 작업번호[9993]
09:29:33:935;IMP;[GetJobCompleteReport] .. SIM MODE 작업 (완료)삭제 성공하였습니다. [작업번호:9993]
09:29:34:199;ERR;[GetJobCompleteReport] .. 작업 정보를 바르게 가져오지 못했습니다.[작업번호:9993]
09:29:35:310;IMP;[DeleteJobMst] .. 정상 처리되었습니다. 작업번호[9993]
09:29:35:352;IMP;[GetJobCompleteReport] .. SIM MODE 작업 (완료)삭제 성공하였습니다. [작업번호:9993]
09:29:35:584;ERR;[GetJobCompleteReport] .. 작업 정보를 바르게 가져오지 못했습니다.[작업번호:9993]
09:29:36:830;IMP;[DeleteJobMst] .. 정상 처리되었습니다. 작업번호[9993]
09:29:36:915;IMP;[GetJobCompleteReport] .. SIM MODE 작업 (완료)삭제 성공하였습니다. [작업번호:9993]
09:29:37:349;ERR;[GetJobCompleteReport] .. 작업 정보를 바르게 가져오지 못했습니다.[작업번호:9993]
09:29:38:453;IMP;[DeleteJobMst] .. 정상 처리되었습니다. 작업번호[9993]
09:29:38:538;IMP;[GetJobCompleteReport] .. SIM MODE 작업 (완료)삭제 성공하였습니다. [작업번호:9993]
09:29:38:913;ERR;[GetJobCompleteReport] .. 작업 정보를 바르게 가져오지 못했습니다.[작업번호:9993]
09:29:40:098;IMP;[DeleteJobMst] .. 정상 처리되었습니다. 작업번호[9993]
09:29:40:157;IMP;[GetJobCompleteReport] .. SIM MODE 작업 (완료)삭제 성공하였습니다. [작업번호:9993]
09:29:41:028;ERR;[GetJobCompleteReport] .. 작업 정보를 바르게 가져오지 못했습니다.[작업번호:9993]
09:29:42:386;IMP;[DeleteJobMst] .. 정상 처리되었습니다. 작업번호[9993]
09:29:42:437;IMP;[GetJobCompleteReport] .. SIM MODE 작업 (완료)삭제 성공하였습니다. [작업번호:9993]
09:29:42:883;ERR;[GetJobCompleteReport] .. 작업 정보를 바르게 가져오지 못했습니다.[작업번호:9993]
09:29:44:042;IMP;[DeleteJobMst] .. 정상 처리되었습니다. 작업번호[9993]
09:29:44:123;IMP;[GetJobCompleteReport] .. SIM MODE 작업 (완료)삭제 성공하였습니다. [작업번호:9993]
09:29:44:469;ERR;[GetJobCompleteReport] .. 작업 정보를 바르게 가져오지 못했습니다.[작업번호:9993]
09:29:45:615;IMP;[DeleteJobMst] .. 정상 처리되었습니다. 작업번호[9993]
09:29:45:655;IMP;[GetJobCompleteReport] .. SIM MODE 작업 (완료)삭제 성공하였습니다. [작업번호:9993]
09:29:45:911;ERR;[GetJobCompleteReport] .. 작업 정보를 바르게 가져오지 못했습니다.[작업번호:9993]
09:29:47:023;IMP;[DeleteJobMst] .. 정상 처리되었습니다. 작업번호[9993]
09:29:47:143;IMP;[GetJobCompleteReport] .. SIM MODE 작업 (완료)삭제 성공하였습니다. [작업번호:9993]
09:29:47:668;ERR;[GetJobCompleteReport] .. 작업 정보를 바르게 가져오지 못했습니다.[작업번호:9993]
09:29:48:929;IMP;[DeleteJobMst] .. 정상 처리되었습니다. 작업번호[9993]
09:29:49:135;IMP;[GetJobCompleteReport] .. SIM MODE 작업 (완료)삭제 성공하였습니다. [작업번호:9993]
09:29:49:905;ERR;[GetJobCompleteReport] .. 작업 정보를 바르게 가져오지 못했습니다.[작업번호:9993]
09:29:51:211;IMP;[DeleteJobMst] .. 정상 처리되었습니다. 작업번호[9993]
09:29:51:257;IMP;[GetJobCompleteReport] .. SIM MODE 작업 (완료)삭제 성공하였습니다. [작업번호:9993]
09:29:51:468;ERR;[GetJobCompleteReport] .. 작업 정보를 바르게 가져오지 못했습니다.[작업번호:9993]
09:29:52:579;IMP;[DeleteJobMst] .. 정상 처리되었습니다. 작업번호[9993]
09:29:52:643;IMP;[GetJobCompleteReport] .. SIM MODE 작업 (완료)삭제 성공하였습니다. [작업번호:9993]
09:29:52:812;ERR;[GetJobCompleteReport] .. 작업 정보를 바르게 가져오지 못했습니다.[작업번호:9993]
09:29:53:890;IMP;[DeleteJobMst] .. 정상 처리되었습니다. 작업번호[9993]
09:29:53:900;IMP;[GetJobCompleteReport] .. SIM MODE 작업 (완료)삭제 성공하였습니다. [작업번호:9993]
09:29:54:089;ERR;[GetJobCompleteReport] .. 작업 정보를 바르게 가져오지 못했습니다.[작업번호:9993]
09:29:55:158;IMP;[DeleteJobMst] .. 정상 처리되었습니다. 작업번호[9993]
09:29:55:190;IMP;[GetJobCompleteReport] .. SIM MODE 작업 (완료)삭제 성공하였습니다. [작업번호:9993]
09:29:55:677;ERR;[GetJobCompleteReport] .. 작업 정보를 바르게 가져오지 못했습니다.[작업번호:9993]
09:29:56:804;IMP;[DeleteJobMst] .. 정상 처리되었습니다. 작업번호[9993]
09:29:56:844;IMP;[GetJobCompleteReport] .. SIM MODE 작업 (완료)삭제 성공하였습니다. [작업번호:9993]
09:29:57:484;ERR;[GetJobCompleteReport] .. 작업 정보를 바르게 가져오지 못했습니다.[작업번호:9993]
09:29:58:748;IMP;[DeleteJobMst] .. 정상 처리되었습니다. 작업번호[9993]
09:29:58:779;IMP;[GetJobCompleteReport] .. SIM MODE 작업 (완료)삭제 성공하였습니다. [작업번호:9993]
09:29:58:967;ERR;[GetJobCompleteReport] .. 작업 정보를 바르게 가져오지 못했습니다.[작업번호:9993]
09:30:00:055;IMP;[DeleteJobMst] .. 정상 처리되었습니다. 작업번호[9993]
09:30:00:087;IMP;[GetJobCompleteReport] .. SIM MODE 작업 (완료)삭제 성공하였습니다. [작업번호:9993]
09:30:00:293;ERR;[GetJobCompleteReport] .. 작업 정보를 바르게 가져오지 못했습니다.[작업번호:9993]
09:30:01:394;IMP;[DeleteJobMst] .. 정상 처리되었습니다. 작업번호[9993]
09:30:01:442;IMP;[GetJobCompleteReport] .. SIM MODE 작업 (완료)삭제 성공하였습니다. [작업번호:9993]
09:30:01:657;ERR;[GetJobCompleteReport] .. 작업 정보를 바르게 가져오지 못했습니다.[작업번호:9993]
09:30:02:759;IMP;[DeleteJobMst] .. 정상 처리되었습니다. 작업번호[9993]
09:30:02:803;IMP;[GetJobCompleteReport] .. SIM MODE 작업 (완료)삭제 성공하였습니다. [작업번호:9993]
09:30:03:000;ERR;[GetJobCompleteReport] .. 작업 정보를 바르게 가져오지 못했습니다.[작업번호:9993]
09:30:04:116;IMP;[DeleteJobMst] .. 정상 처리되었습니다. 작업번호[9993]
09:30:04:333;IMP;[GetJobCompleteReport] .. SIM MODE 작업 (완료)삭제 성공하였습니다. [작업번호:9993]
09:30:05:174;ERR;[GetJobCompleteReport] .. 작업 정보를 바르게 가져오지 못했습니다.[작업번호:9993]
09:30:06:418;IMP;[DeleteJobMst] .. 정상 처리되었습니다. 작업번호[9993]
09:30:06:526;IMP;[GetJobCompleteReport] .. SIM MODE 작업 (완료)삭제 성공하였습니다. [작업번호:9993]
09:30:06:863;ERR;[GetJobCompleteReport] .. 작업 정보를 바르게 가져오지 못했습니다.[작업번호:9993]
09:30:08:020;IMP;[DeleteJobMst] .. 정상 처리되었습니다. 작업번호[9993]
09:30:08:102;IMP;[GetJobCompleteReport] .. SIM MODE 작업 (완료)삭제 성공하였습니다. [작업번호:9993]
09:30:08:373;ERR;[GetJobCompleteReport] .. 작업 정보를 바르게 가져오지 못했습니다.[작업번호:9993]
09:30:09:488;IMP;[DeleteJobMst] .. 정상 처리되었습니다. 작업번호[9993]
09:30:09:530;IMP;[GetJobCompleteReport] .. SIM MODE 작업 (완료)삭제 성공하였습니다. [작업번호:9993]
09:30:09:782;ERR;[GetJobCompleteReport] .. 작업 정보를 바르게 가져오지 못했습니다.[작업번호:9993]
09:30:10:892;IMP;[DeleteJobMst] .. 정상 처리되었습니다. 작업번호[9993]
09:30:10:946;IMP;[GetJobCompleteReport] .. SIM MODE 작업 (완료)삭제 성공하였습니다. [작업번호:9993]
09:30:11:107;ERR;[GetJobCompleteReport] .. 작업 정보를 바르게 가져오지 못했습니다.[작업번호:9993]
09:30:12:246;IMP;[DeleteJobMst] .. 정상 처리되었습니다. 작업번호[9993]
09:30:12:509;IMP;[GetJobCompleteReport] .. SIM MODE 작업 (완료)삭제 성공하였습니다. [작업번호:9993]
09:30:12:785;ERR;[GetJobCompleteReport] .. 작업 정보를 바르게 가져오지 못했습니다.[작업번호:9993]
09:30:14:014;IMP;[DeleteJobMst] .. 정상 처리되었습니다. 작업번호[9993]
09:30:14:146;IMP;[GetJobCompleteReport] .. SIM MODE 작업 (완료)삭제 성공하였습니다. [작업번호:9993]
09:30:14:493;ERR;[GetJobCompleteReport] .. 작업 정보를 바르게 가져오지 못했습니다.[작업번호:9993]
09:30:15:669;IMP;[DeleteJobMst] .. 정상 처리되었습니다. 작업번호[9993]
09:30:15:711;IMP;[GetJobCompleteReport] .. SIM MODE 작업 (완료)삭제 성공하였습니다. [작업번호:9993]
09:30:15:803;ERR;[GetJobCompleteReport] .. 작업 정보를 바르게 가져오지 못했습니다.[작업번호:9993]
09:30:16:920;IMP;[DeleteJobMst] .. 정상 처리되었습니다. 작업번호[9993]
09:30:16:993;IMP;[GetJobCompleteReport] .. SIM MODE 작업 (완료)삭제 성공하였습니다. [작업번호:9993]
09:30:17:094;ERR;[GetJobCompleteReport] .. 작업 정보를 바르게 가져오지 못했습니다.[작업번호:9993]
09:30:18:198;IMP;[DeleteJobMst] .. 정상 처리되었습니다. 작업번호[9993]
09:30:18:257;IMP;[GetJobCompleteReport] .. SIM MODE 작업 (완료)삭제 성공하였습니다. [작업번호:9993]
09:30:18:329;ERR;[GetJobCompleteReport] .. 작업 정보를 바르게 가져오지 못했습니다.[작업번호:9993]
09:30:19:407;IMP;[DeleteJobMst] .. 정상 처리되었습니다. 작업번호[9993]
09:30:19:426;IMP;[GetJobCompleteReport] .. SIM MODE 작업 (완료)삭제 성공하였습니다. [작업번호:9993]
09:30:19:513;ERR;[GetJobCompleteReport] .. 작업 정보를 바르게 가져오지 못했습니다.[작업번호:9993]
09:30:20:597;IMP;[DeleteJobMst] .. 정상 처리되었습니다. 작업번호[9993]
09:30:20:656;IMP;[GetJobCompleteReport] .. SIM MODE 작업 (완료)삭제 성공하였습니다. [작업번호:9993]
09:30:20:822;ERR;[GetJobCompleteReport] .. 작업 정보를 바르게 가져오지 못했습니다.[작업번호:9993]
09:30:22:006;IMP;[DeleteJobMst] .. 정상 처리되었습니다. 작업번호[9993]
09:30:22:116;IMP;[GetJobCompleteReport] .. SIM MODE 작업 (완료)삭제 성공하였습니다. [작업번호:9993]
09:30:22:496;ERR;[GetJobCompleteReport] .. 작업 정보를 바르게 가져오지 못했습니다.[작업번호:9993]
09:30:23:644;IMP;[DeleteJobMst] .. 정상 처리되었습니다. 작업번호[9993]
09:30:23:669;IMP;[GetJobCompleteReport] .. SIM MODE 작업 (완료)삭제 성공하였습니다. [작업번호:9993]
09:30:23:836;ERR;[GetJobCompleteReport] .. 작업 정보를 바르게 가져오지 못했습니다.[작업번호:9993]
09:30:24:922;IMP;[DeleteJobMst] .. 정상 처리되었습니다. 작업번호[9993]
09:30:24:949;IMP;[GetJobCompleteReport] .. SIM MODE 작업 (완료)삭제 성공하였습니다. [작업번호:9993]
09:30:25:110;ERR;[GetJobCompleteReport] .. 작업 정보를 바르게 가져오지 못했습니다.[작업번호:9993]
09:30:26:263;IMP;[DeleteJobMst] .. 정상 처리되었습니다. 작업번호[9993]
09:30:26:328;IMP;[GetJobCompleteReport] .. SIM MODE 작업 (완료)삭제 성공하였습니다. [작업번호:9993]
09:30:26:471;ERR;[GetJobCompleteReport] .. 작업 정보를 바르게 가져오지 못했습니다.[작업번호:9993]
09:30:27:578;IMP;[DeleteJobMst] .. 정상 처리되었습니다. 작업번호[9993]
09:30:27:616;IMP;[GetJobCompleteReport] .. SIM MODE 작업 (완료)삭제 성공하였습니다. [작업번호:9993]
09:30:27:784;ERR;[GetJobCompleteReport] .. 작업 정보를 바르게 가져오지 못했습니다.[작업번호:9993]
09:30:28:939;IMP;[DeleteJobMst] .. 정상 처리되었습니다. 작업번호[9993]
09:30:29:075;IMP;[GetJobCompleteReport] .. SIM MODE 작업 (완료)삭제 성공하였습니다. [작업번호:9993]
09:30:29:551;ERR;[GetJobCompleteReport] .. 작업 정보를 바르게 가져오지 못했습니다.[작업번호:9993]
09:30:30:977;IMP;[DeleteJobMst] .. 정상 처리되었습니다. 작업번호[9993]
09:30:31:107;IMP;[GetJobCompleteReport] .. SIM MODE 작업 (완료)삭제 성공하였습니다. [작업번호:9993]
09:30:31:458;ERR;[GetJobCompleteReport] .. 작업 정보를 바르게 가져오지 못했습니다.[작업번호:9993]
09:30:32:574;IMP;[DeleteJobMst] .. 정상 처리되었습니다. 작업번호[9993]
09:30:32:618;IMP;[GetJobCompleteReport] .. SIM MODE 작업 (완료)삭제 성공하였습니다. [작업번호:9993]
09:30:32:792;ERR;[GetJobCompleteReport] .. 작업 정보를 바르게 가져오지 못했습니다.[작업번호:9993]
09:30:33:893;IMP;[DeleteJobMst] .. 정상 처리되었습니다. 작업번호[9993]
09:30:33:939;IMP;[GetJobCompleteReport] .. SIM MODE 작업 (완료)삭제 성공하였습니다. [작업번호:9993]
09:30:34:130;ERR;[GetJobCompleteReport] .. 작업 정보를 바르게 가져오지 못했습니다.[작업번호:9993]
09:30:35:239;IMP;[DeleteJobMst] .. 정상 처리되었습니다. 작업번호[9993]
09:30:35:281;IMP;[GetJobCompleteReport] .. SIM MODE 작업 (완료)삭제 성공하였습니다. [작업번호:9993]
09:30:35:555;ERR;[GetJobCompleteReport] .. 작업 정보를 바르게 가져오지 못했습니다.[작업번호:9993]
09:30:36:679;IMP;[DeleteJobMst] .. 정상 처리되었습니다. 작업번호[9993]
09:30:36:776;IMP;[GetJobCompleteReport] .. SIM MODE 작업 (완료)삭제 성공하였습니다. [작업번호:9993]
09:30:37:232;ERR;[GetJobCompleteReport] .. 작업 정보를 바르게 가져오지 못했습니다.[작업번호:9993]
09:30:38:584;IMP;[DeleteJobMst] .. 정상 처리되었습니다. 작업번호[9993]
09:30:38:758;IMP;[GetJobCompleteReport] .. SIM MODE 작업 (완료)삭제 성공하였습니다. [작업번호:9993]
09:30:39:208;ERR;[GetJobCompleteReport] .. 작업 정보를 바르게 가져오지 못했습니다.[작업번호:9993]
09:30:40:355;IMP;[DeleteJobMst] .. 정상 처리되었습니다. 작업번호[9993]
09:30:40:397;IMP;[GetJobCompleteReport] .. SIM MODE 작업 (완료)삭제 성공하였습니다. [작업번호:9993]
09:30:40:629;ERR;[GetJobCompleteReport] .. 작업 정보를 바르게 가져오지 못했습니다.[작업번호:9993]
09:30:41:731;IMP;[DeleteJobMst] .. 정상 처리되었습니다. 작업번호[9993]
09:30:41:823;IMP;[GetJobCompleteReport] .. SIM MODE 작업 (완료)삭제 성공하였습니다. [작업번호:9993]
09:30:42:019;ERR;[GetJobCompleteReport] .. 작업 정보를 바르게 가져오지 못했습니다.[작업번호:9993]
09:30:43:135;IMP;[DeleteJobMst] .. 정상 처리되었습니다. 작업번호[9993]
09:30:43:202;IMP;[GetJobCompleteReport] .. SIM MODE 작업 (완료)삭제 성공하였습니다. [작업번호:9993]
09:30:43:370;ERR;[GetJobCompleteReport] .. 작업 정보를 바르게 가져오지 못했습니다.[작업번호:9993]
09:30:44:449;IMP;[DeleteJobMst] .. 정상 처리되었습니다. 작업번호[9993]
09:30:44:459;IMP;[GetJobCompleteReport] .. SIM MODE 작업 (완료)삭제 성공하였습니다. [작업번호:9993]
09:30:44:645;ERR;[GetJobCompleteReport] .. 작업 정보를 바르게 가져오지 못했습니다.[작업번호:9993]
09:30:46:109;IMP;[DeleteJobMst] .. 정상 처리되었습니다. 작업번호[9993]
09:30:46:148;IMP;[GetJobCompleteReport] .. SIM MODE 작업 (완료)삭제 성공하였습니다. [작업번호:9993]
09:30:46:669;ERR;[GetJobCompleteReport] .. 작업 정보를 바르게 가져오지 못했습니다.[작업번호:9993]
09:30:47:824;IMP;[DeleteJobMst] .. 정상 처리되었습니다. 작업번호[9993]
09:30:47:846;IMP;[GetJobCompleteReport] .. SIM MODE 작업 (완료)삭제 성공하였습니다. [작업번호:9993]
09:30:48:039;ERR;[GetJobCompleteReport] .. 작업 정보를 바르게 가져오지 못했습니다.[작업번호:9993]
09:30:49:128;IMP;[DeleteJobMst] .. 정상 처리되었습니다. 작업번호[9993]
09:30:49:162;IMP;[GetJobCompleteReport] .. SIM MODE 작업 (완료)삭제 성공하였습니다. [작업번호:9993]
09:30:49:355;ERR;[GetJobCompleteReport] .. 작업 정보를 바르게 가져오지 못했습니다.[작업번호:9993]
09:30:50:450;IMP;[DeleteJobMst] .. 정상 처리되었습니다. 작업번호[9993]
09:30:50:483;IMP;[GetJobCompleteReport] .. SIM MODE 작업 (완료)삭제 성공하였습니다. [작업번호:9993]
09:30:50:725;ERR;[GetJobCompleteReport] .. 작업 정보를 바르게 가져오지 못했습니다.[작업번호:9993]
09:30:51:817;IMP;[DeleteJobMst] .. 정상 처리되었습니다. 작업번호[9993]
09:30:51:851;IMP;[GetJobCompleteReport] .. SIM MODE 작업 (완료)삭제 성공하였습니다. [작업번호:9993]
09:30:52:065;ERR;[GetJobCompleteReport] .. 작업 정보를 바르게 가져오지 못했습니다.[작업번호:9993]
09:30:53:197;IMP;[DeleteJobMst] .. 정상 처리되었습니다. 작업번호[9993]
09:30:53:330;IMP;[GetJobCompleteReport] .. SIM MODE 작업 (완료)삭제 성공하였습니다. [작업번호:9993]
09:30:53:938;ERR;[GetJobCompleteReport] .. 작업 정보를 바르게 가져오지 못했습니다.[작업번호:9993]
09:30:55:309;IMP;[DeleteJobMst] .. 정상 처리되었습니다. 작업번호[9993]
09:30:55:534;IMP;[GetJobCompleteReport] .. SIM MODE 작업 (완료)삭제 성공하였습니다. [작업번호:9993]
09:30:56:059;ERR;[GetJobCompleteReport] .. 작업 정보를 바르게 가져오지 못했습니다.[작업번호:9993]
09:30:57:180;IMP;[DeleteJobMst] .. 정상 처리되었습니다. 작업번호[9993]
09:30:57:219;IMP;[GetJobCompleteReport] .. SIM MODE 작업 (완료)삭제 성공하였습니다. [작업번호:9993]
09:30:57:430;ERR;[GetJobCompleteReport] .. 작업 정보를 바르게 가져오지 못했습니다.[작업번호:9993]
09:30:58:549;IMP;[DeleteJobMst] .. 정상 처리되었습니다. 작업번호[9993]
09:30:58:599;IMP;[GetJobCompleteReport] .. SIM MODE 작업 (완료)삭제 성공하였습니다. [작업번호:9993]
09:30:58:799;ERR;[GetJobCompleteReport] .. 작업 정보를 바르게 가져오지 못했습니다.[작업번호:9993]
09:30:59:896;IMP;[DeleteJobMst] .. 정상 처리되었습니다. 작업번호[9993]
09:30:59:942;IMP;[GetJobCompleteReport] .. SIM MODE 작업 (완료)삭제 성공하였습니다. [작업번호:9993]
09:31:00:216;ERR;[GetJobCompleteReport] .. 작업 정보를 바르게 가져오지 못했습니다.[작업번호:9993]
09:31:01:343;IMP;[DeleteJobMst] .. 정상 처리되었습니다. 작업번호[9993]
09:31:01:541;IMP;[GetJobCompleteReport] .. SIM MODE 작업 (완료)삭제 성공하였습니다. [작업번호:9993]
09:31:02:299;ERR;[GetJobCompleteReport] .. 작업 정보를 바르게 가져오지 못했습니다.[작업번호:9993]
09:31:03:535;IMP;[DeleteJobMst] .. 정상 처리되었습니다. 작업번호[9993]
09:31:03:684;IMP;[GetJobCompleteReport] .. SIM MODE 작업 (완료)삭제 성공하였습니다. [작업번호:9993]
09:31:04:319;ERR;[GetJobCompleteReport] .. 작업 정보를 바르게 가져오지 못했습니다.[작업번호:9993]
09:31:05:452;IMP;[DeleteJobMst] .. 정상 처리되었습니다. 작업번호[9993]
09:31:05:495;IMP;[GetJobCompleteReport] .. SIM MODE 작업 (완료)삭제 성공하였습니다. [작업번호:9993]
09:31:05:723;ERR;[GetJobCompleteReport] .. 작업 정보를 바르게 가져오지 못했습니다.[작업번호:9993]
09:31:06:864;IMP;[DeleteJobMst] .. 정상 처리되었습니다. 작업번호[9993]
09:31:06:957;IMP;[GetJobCompleteReport] .. SIM MODE 작업 (완료)삭제 성공하였습니다. [작업번호:9993]
09:31:07:166;ERR;[GetJobCompleteReport] .. 작업 정보를 바르게 가져오지 못했습니다.[작업번호:9993]
09:31:08:272;IMP;[DeleteJobMst] .. 정상 처리되었습니다. 작업번호[9993]
09:31:08:321;IMP;[GetJobCompleteReport] .. SIM MODE 작업 (완료)삭제 성공하였습니다. [작업번호:9993]
09:31:08:529;ERR;[GetJobCompleteReport] .. 작업 정보를 바르게 가져오지 못했습니다.[작업번호:9993]
09:31:09:648;IMP;[DeleteJobMst] .. 정상 처리되었습니다. 작업번호[9993]
09:31:09:813;IMP;[GetJobCompleteReport] .. SIM MODE 작업 (완료)삭제 성공하였습니다. [작업번호:9993]
09:31:10:301;ERR;[GetJobCompleteReport] .. 작업 정보를 바르게 가져오지 못했습니다.[작업번호:9993]
09:31:11:418;IMP;[DeleteJobMst] .. 정상 처리되었습니다. 작업번호[9993]
09:31:11:455;IMP;[GetJobCompleteReport] .. SIM MODE 작업 (완료)삭제 성공하였습니다. [작업번호:9993]
09:31:11:993;ERR;[GetJobCompleteReport] .. 작업 정보를 바르게 가져오지 못했습니다.[작업번호:9993]
09:31:13:107;IMP;[DeleteJobMst] .. 정상 처리되었습니다. 작업번호[9993]
09:31:13:121;IMP;[GetJobCompleteReport] .. SIM MODE 작업 (완료)삭제 성공하였습니다. [작업번호:9993]
09:31:13:309;ERR;[GetJobCompleteReport] .. 작업 정보를 바르게 가져오지 못했습니다.[작업번호:9993]
09:31:14:396;IMP;[DeleteJobMst] .. 정상 처리되었습니다. 작업번호[9993]
09:31:14:414;IMP;[GetJobCompleteReport] .. SIM MODE 작업 (완료)삭제 성공하였습니다. [작업번호:9993]
09:31:14:596;ERR;[GetJobCompleteReport] .. 작업 정보를 바르게 가져오지 못했습니다.[작업번호:9993]
09:31:15:677;IMP;[DeleteJobMst] .. 정상 처리되었습니다. 작업번호[9993]
09:31:15:702;IMP;[GetJobCompleteReport] .. SIM MODE 작업 (완료)삭제 성공하였습니다. [작업번호:9993]
09:31:15:916;ERR;[GetJobCompleteReport] .. 작업 정보를 바르게 가져오지 못했습니다.[작업번호:9993]
09:31:17:011;IMP;[DeleteJobMst] .. 정상 처리되었습니다. 작업번호[9993]
09:31:17:048;IMP;[GetJobCompleteReport] .. SIM MODE 작업 (완료)삭제 성공하였습니다. [작업번호:9993]
09:31:17:251;ERR;[GetJobCompleteReport] .. 작업 정보를 바르게 가져오지 못했습니다.[작업번호:9993]
09:31:18:369;IMP;[DeleteJobMst] .. 정상 처리되었습니다. 작업번호[9993]
09:31:18:568;IMP;[GetJobCompleteReport] .. SIM MODE 작업 (완료)삭제 성공하였습니다. [작업번호:9993]
09:31:19:258;ERR;[GetJobCompleteReport] .. 작업 정보를 바르게 가져오지 못했습니다.[작업번호:9993]
09:31:20:469;IMP;[DeleteJobMst] .. 정상 처리되었습니다. 작업번호[9993]
09:31:20:554;IMP;[GetJobCompleteReport] .. SIM MODE 작업 (완료)삭제 성공하였습니다. [작업번호:9993]
09:31:20:922;ERR;[GetJobCompleteReport] .. 작업 정보를 바르게 가져오지 못했습니다.[작업번호:9993]
09:31:22:029;IMP;[DeleteJobMst] .. 정상 처리되었습니다. 작업번호[9993]
09:31:22:070;IMP;[GetJobCompleteReport] .. SIM MODE 작업 (완료)삭제 성공하였습니다. [작업번호:9993]
09:31:22:259;ERR;[GetJobCompleteReport] .. 작업 정보를 바르게 가져오지 못했습니다.[작업번호:9993]
09:31:23:414;IMP;[DeleteJobMst] .. 정상 처리되었습니다. 작업번호[9993]
09:31:23:510;IMP;[GetJobCompleteReport] .. SIM MODE 작업 (완료)삭제 성공하였습니다. [작업번호:9993]
09:31:23:745;ERR;[GetJobCompleteReport] .. 작업 정보를 바르게 가져오지 못했습니다.[작업번호:9993]
09:31:24:850;IMP;[DeleteJobMst] .. 정상 처리되었습니다. 작업번호[9993]
09:31:24:892;IMP;[GetJobCompleteReport] .. SIM MODE 작업 (완료)삭제 성공하였습니다. [작업번호:9993]
09:31:25:084;ERR;[GetJobCompleteReport] .. 작업 정보를 바르게 가져오지 못했습니다.[작업번호:9993]
09:31:26:198;IMP;[DeleteJobMst] .. 정상 처리되었습니다. 작업번호[9993]
09:31:26:423;IMP;[GetJobCompleteReport] .. SIM MODE 작업 (완료)삭제 성공하였습니다. [작업번호:9993]
09:31:27:223;ERR;[GetJobCompleteReport] .. 작업 정보를 바르게 가져오지 못했습니다.[작업번호:9993]
09:31:28:477;IMP;[DeleteJobMst] .. 정상 처리되었습니다. 작업번호[9993]
09:31:28:625;IMP;[GetJobCompleteReport] .. SIM MODE 작업 (완료)삭제 성공하였습니다. [작업번호:9993]
09:31:29:074;ERR;[GetJobCompleteReport] .. 작업 정보를 바르게 가져오지 못했습니다.[작업번호:9993]
09:31:30:205;IMP;[DeleteJobMst] .. 정상 처리되었습니다. 작업번호[9993]
09:31:30:276;IMP;[GetJobCompleteReport] .. SIM MODE 작업 (완료)삭제 성공하였습니다. [작업번호:9993]
09:31:30:425;ERR;[GetJobCompleteReport] .. 작업 정보를 바르게 가져오지 못했습니다.[작업번호:9993]
09:31:31:538;IMP;[DeleteJobMst] .. 정상 처리되었습니다. 작업번호[9993]
09:31:31:636;IMP;[GetJobCompleteReport] .. SIM MODE 작업 (완료)삭제 성공하였습니다. [작업번호:9993]
09:31:31:728;ERR;[GetJobCompleteReport] .. 작업 정보를 바르게 가져오지 못했습니다.[작업번호:9993]
09:31:32:829;IMP;[DeleteJobMst] .. 정상 처리되었습니다. 작업번호[9993]
09:31:32:918;IMP;[GetJobCompleteReport] .. SIM MODE 작업 (완료)삭제 성공하였습니다. [작업번호:9993]
09:31:33:044;ERR;[GetJobCompleteReport] .. 작업 정보를 바르게 가져오지 못했습니다.[작업번호:9993]
09:31:34:150;IMP;[DeleteJobMst] .. 정상 처리되었습니다. 작업번호[9993]
09:31:34:231;IMP;[GetJobCompleteReport] .. SIM MODE 작업 (완료)삭제 성공하였습니다. [작업번호:9993]
09:31:34:513;ERR;[GetJobCompleteReport] .. 작업 정보를 바르게 가져오지 못했습니다.[작업번호:9993]
09:31:35:742;IMP;[DeleteJobMst] .. 정상 처리되었습니다. 작업번호[9993]
09:31:35:976;IMP;[GetJobCompleteReport] .. SIM MODE 작업 (완료)삭제 성공하였습니다. [작업번호:9993]
09:31:36:191;ERR;[GetJobCompleteReport] .. 작업 정보를 바르게 가져오지 못했습니다.[작업번호:9993]
09:31:37:292;IMP;[DeleteJobMst] .. 정상 처리되었습니다. 작업번호[9993]
09:31:37:300;IMP;[GetJobCompleteReport] .. SIM MODE 작업 (완료)삭제 성공하였습니다. [작업번호:9993]
09:31:37:386;ERR;[GetJobCompleteReport] .. 작업 정보를 바르게 가져오지 못했습니다.[작업번호:9993]
09:31:38:468;IMP;[DeleteJobMst] .. 정상 처리되었습니다. 작업번호[9993]
09:31:38:482;IMP;[GetJobCompleteReport] .. SIM MODE 작업 (완료)삭제 성공하였습니다. [작업번호:9993]
09:31:38:575;ERR;[GetJobCompleteReport] .. 작업 정보를 바르게 가져오지 못했습니다.[작업번호:9993]
09:31:39:656;IMP;[DeleteJobMst] .. 정상 처리되었습니다. 작업번호[9993]
09:31:39:675;IMP;[GetJobCompleteReport] .. SIM MODE 작업 (완료)삭제 성공하였습니다. [작업번호:9993]
09:31:39:817;ERR;[GetJobCompleteReport] .. 작업 정보를 바르게 가져오지 못했습니다.[작업번호:9993]
09:31:40:895;IMP;[DeleteJobMst] .. 정상 처리되었습니다. 작업번호[9993]
09:31:40:932;IMP;[GetJobCompleteReport] .. SIM MODE 작업 (완료)삭제 성공하였습니다. [작업번호:9993]
09:31:41:076;ERR;[GetJobCompleteReport] .. 작업 정보를 바르게 가져오지 못했습니다.[작업번호:9993]
09:31:42:489;IMP;[DeleteJobMst] .. 정상 처리되었습니다. 작업번호[9993]
09:31:42:568;IMP;[GetJobCompleteReport] .. SIM MODE 작업 (완료)삭제 성공하였습니다. [작업번호:9993]
09:31:42:875;ERR;[GetJobCompleteReport] .. 작업 정보를 바르게 가져오지 못했습니다.[작업번호:9993]
09:31:43:988;IMP;[DeleteJobMst] .. 정상 처리되었습니다. 작업번호[9993]
09:31:44:130;IMP;[GetJobCompleteReport] .. SIM MODE 작업 (완료)삭제 성공하였습니다. [작업번호:9993]
09:31:44:476;ERR;[GetJobCompleteReport] .. 작업 정보를 바르게 가져오지 못했습니다.[작업번호:9993]
09:31:45:623;IMP;[DeleteJobMst] .. 정상 처리되었습니다. 작업번호[9993]
09:31:45:677;IMP;[GetJobCompleteReport] .. SIM MODE 작업 (완료)삭제 성공하였습니다. [작업번호:9993]
09:31:45:879;ERR;[GetJobCompleteReport] .. 작업 정보를 바르게 가져오지 못했습니다.[작업번호:9993]
09:31:47:003;IMP;[DeleteJobMst] .. 정상 처리되었습니다. 작업번호[9993]
09:31:47:046;IMP;[GetJobCompleteReport] .. SIM MODE 작업 (완료)삭제 성공하였습니다. [작업번호:9993]
09:31:47:251;ERR;[GetJobCompleteReport] .. 작업 정보를 바르게 가져오지 못했습니다.[작업번호:9993]
09:31:48:363;IMP;[DeleteJobMst] .. 정상 처리되었습니다. 작업번호[9993]
09:31:48:412;IMP;[GetJobCompleteReport] .. SIM MODE 작업 (완료)삭제 성공하였습니다. [작업번호:9993]
09:31:48:608;ERR;[GetJobCompleteReport] .. 작업 정보를 바르게 가져오지 못했습니다.[작업번호:9993]
09:31:49:724;IMP;[DeleteJobMst] .. 정상 처리되었습니다. 작업번호[9993]
09:31:49:773;IMP;[GetJobCompleteReport] .. SIM MODE 작업 (완료)삭제 성공하였습니다. [작업번호:9993]
09:31:49:987;ERR;[GetJobCompleteReport] .. 작업 정보를 바르게 가져오지 못했습니다.[작업번호:9993]
09:31:51:106;IMP;[DeleteJobMst] .. 정상 처리되었습니다. 작업번호[9993]
09:31:51:164;IMP;[GetJobCompleteReport] .. SIM MODE 작업 (완료)삭제 성공하였습니다. [작업번호:9993]
09:31:51:441;ERR;[GetJobCompleteReport] .. 작업 정보를 바르게 가져오지 못했습니다.[작업번호:9993]
09:31:52:682;IMP;[DeleteJobMst] .. 정상 처리되었습니다. 작업번호[9993]
09:31:52:752;IMP;[GetJobCompleteReport] .. SIM MODE 작업 (완료)삭제 성공하였습니다. [작업번호:9993]
09:31:53:175;ERR;[GetJobCompleteReport] .. 작업 정보를 바르게 가져오지 못했습니다.[작업번호:9993]
09:31:54:348;IMP;[DeleteJobMst] .. 정상 처리되었습니다. 작업번호[9993]
09:31:54:405;IMP;[GetJobCompleteReport] .. SIM MODE 작업 (완료)삭제 성공하였습니다. [작업번호:9993]
09:31:54:659;ERR;[GetJobCompleteReport] .. 작업 정보를 바르게 가져오지 못했습니다.[작업번호:9993]
09:31:55:793;IMP;[DeleteJobMst] .. 정상 처리되었습니다. 작업번호[9993]
09:31:55:855;IMP;[GetJobCompleteReport] .. SIM MODE 작업 (완료)삭제 성공하였습니다. [작업번호:9993]
09:31:56:134;ERR;[GetJobCompleteReport] .. 작업 정보를 바르게 가져오지 못했습니다.[작업번호:9993]
09:31:57:241;IMP;[DeleteJobMst] .. 정상 처리되었습니다. 작업번호[9993]
09:31:57:290;IMP;[GetJobCompleteReport] .. SIM MODE 작업 (완료)삭제 성공하였습니다. [작업번호:9993]
09:31:57:536;ERR;[GetJobCompleteReport] .. 작업 정보를 바르게 가져오지 못했습니다.[작업번호:9993]
09:31:58:650;IMP;[DeleteJobMst] .. 정상 처리되었습니다. 작업번호[9993]
09:31:58:695;IMP;[GetJobCompleteReport] .. SIM MODE 작업 (완료)삭제 성공하였습니다. [작업번호:9993]
09:31:59:055;ERR;[GetJobCompleteReport] .. 작업 정보를 바르게 가져오지 못했습니다.[작업번호:9993]
09:32:00:192;IMP;[DeleteJobMst] .. 정상 처리되었습니다. 작업번호[9993]
09:32:00:304;IMP;[GetJobCompleteReport] .. SIM MODE 작업 (완료)삭제 성공하였습니다. [작업번호:9993]
09:32:00:646;ERR;[GetJobCompleteReport] .. 작업 정보를 바르게 가져오지 못했습니다.[작업번호:9993]
09:32:01:733;IMP;[DeleteJobMst] .. 정상 처리되었습니다. 작업번호[9993]
09:32:01:741;IMP;[GetJobCompleteReport] .. SIM MODE 작업 (완료)삭제 성공하였습니다. [작업번호:9993]
09:32:01:922;ERR;[GetJobCompleteReport] .. 작업 정보를 바르게 가져오지 못했습니다.[작업번호:9993]
09:32:02:998;IMP;[DeleteJobMst] .. 정상 처리되었습니다. 작업번호[9993]
09:32:03:011;IMP;[GetJobCompleteReport] .. SIM MODE 작업 (완료)삭제 성공하였습니다. [작업번호:9993]
09:32:03:196;ERR;[GetJobCompleteReport] .. 작업 정보를 바르게 가져오지 못했습니다.[작업번호:9993]
09:32:04:292;IMP;[DeleteJobMst] .. 정상 처리되었습니다. 작업번호[9993]
09:32:04:333;IMP;[GetJobCompleteReport] .. SIM MODE 작업 (완료)삭제 성공하였습니다. [작업번호:9993]
09:32:04:600;ERR;[GetJobCompleteReport] .. 작업 정보를 바르게 가져오지 못했습니다.[작업번호:9993]
09:32:05:678;IMP;[DeleteJobMst] .. 정상 처리되었습니다. 작업번호[9993]
09:32:05:703;IMP;[GetJobCompleteReport] .. SIM MODE 작업 (완료)삭제 성공하였습니다. [작업번호:9993]
09:32:06:029;ERR;[GetJobCompleteReport] .. 작업 정보를 바르게 가져오지 못했습니다.[작업번호:9993]
09:32:07:163;IMP;[DeleteJobMst] .. 정상 처리되었습니다. 작업번호[9993]
09:32:07:248;IMP;[GetJobCompleteReport] .. SIM MODE 작업 (완료)삭제 성공하였습니다. [작업번호:9993]
09:32:07:925;ERR;[GetJobCompleteReport] .. 작업 정보를 바르게 가져오지 못했습니다.[작업번호:9993]
09:32:09:176;IMP;[DeleteJobMst] .. 정상 처리되었습니다. 작업번호[9993]
09:32:09:212;IMP;[GetJobCompleteReport] .. SIM MODE 작업 (완료)삭제 성공하였습니다. [작업번호:9993]
09:32:09:436;ERR;[GetJobCompleteReport] .. 작업 정보를 바르게 가져오지 못했습니다.[작업번호:9993]
09:32:10:631;IMP;[DeleteJobMst] .. 정상 처리되었습니다. 작업번호[9993]
09:32:10:669;IMP;[GetJobCompleteReport] .. SIM MODE 작업 (완료)삭제 성공하였습니다. [작업번호:9993]
09:32:10:898;ERR;[GetJobCompleteReport] .. 작업 정보를 바르게 가져오지 못했습니다.[작업번호:9993]
09:32:12:009;IMP;[DeleteJobMst] .. 정상 처리되었습니다. 작업번호[9993]
09:32:12:096;IMP;[GetJobCompleteReport] .. SIM MODE 작업 (완료)삭제 성공하였습니다. [작업번호:9993]
09:32:12:320;ERR;[GetJobCompleteReport] .. 작업 정보를 바르게 가져오지 못했습니다.[작업번호:9993]
09:32:13:430;IMP;[DeleteJobMst] .. 정상 처리되었습니다. 작업번호[9993]
09:32:13:477;IMP;[GetJobCompleteReport] .. SIM MODE 작업 (완료)삭제 성공하였습니다. [작업번호:9993]
09:32:13:683;ERR;[GetJobCompleteReport] .. 작업 정보를 바르게 가져오지 못했습니다.[작업번호:9993]
09:32:14:795;IMP;[DeleteJobMst] .. 정상 처리되었습니다. 작업번호[9993]
09:32:14:929;IMP;[GetJobCompleteReport] .. SIM MODE 작업 (완료)삭제 성공하였습니다. [작업번호:9993]
09:32:15:530;ERR;[GetJobCompleteReport] .. 작업 정보를 바르게 가져오지 못했습니다.[작업번호:9993]
09:32:16:826;IMP;[DeleteJobMst] .. 정상 처리되었습니다. 작업번호[9993]
09:32:16:923;IMP;[GetJobCompleteReport] .. SIM MODE 작업 (완료)삭제 성공하였습니다. [작업번호:9993]
09:32:17:351;ERR;[GetJobCompleteReport] .. 작업 정보를 바르게 가져오지 못했습니다.[작업번호:9993]
09:32:18:470;IMP;[DeleteJobMst] .. 정상 처리되었습니다. 작업번호[9993]
09:32:18:515;IMP;[GetJobCompleteReport] .. SIM MODE 작업 (완료)삭제 성공하였습니다. [작업번호:9993]
09:32:18:714;ERR;[GetJobCompleteReport] .. 작업 정보를 바르게 가져오지 못했습니다.[작업번호:9993]
09:32:19:836;IMP;[DeleteJobMst] .. 정상 처리되었습니다. 작업번호[9993]
09:32:19:885;IMP;[GetJobCompleteReport] .. SIM MODE 작업 (완료)삭제 성공하였습니다. [작업번호:9993]
09:32:20:121;ERR;[GetJobCompleteReport] .. 작업 정보를 바르게 가져오지 못했습니다.[작업번호:9993]
09:32:21:228;IMP;[DeleteJobMst] .. 정상 처리되었습니다. 작업번호[9993]
09:32:21:294;IMP;[GetJobCompleteReport] .. SIM MODE 작업 (완료)삭제 성공하였습니다. [작업번호:9993]
09:32:21:518;ERR;[GetJobCompleteReport] .. 작업 정보를 바르게 가져오지 못했습니다.[작업번호:9993]
09:32:22:644;IMP;[DeleteJobMst] .. 정상 처리되었습니다. 작업번호[9993]
09:32:22:796;IMP;[GetJobCompleteReport] .. SIM MODE 작업 (완료)삭제 성공하였습니다. [작업번호:9993]
09:32:23:355;ERR;[GetJobCompleteReport] .. 작업 정보를 바르게 가져오지 못했습니다.[작업번호:9993]
09:32:24:591;IMP;[DeleteJobMst] .. 정상 처리되었습니다. 작업번호[9993]
09:32:24:808;IMP;[GetJobCompleteReport] .. SIM MODE 작업 (완료)삭제 성공하였습니다. [작업번호:9993]
09:32:25:499;ERR;[GetJobCompleteReport] .. 작업 정보를 바르게 가져오지 못했습니다.[작업번호:9993]
09:32:26:610;IMP;[DeleteJobMst] .. 정상 처리되었습니다. 작업번호[9993]
09:32:26:675;IMP;[GetJobCompleteReport] .. SIM MODE 작업 (완료)삭제 성공하였습니다. [작업번호:9993]
09:32:26:866;ERR;[GetJobCompleteReport] .. 작업 정보를 바르게 가져오지 못했습니다.[작업번호:9993]
09:32:27:933;IMP;[DeleteJobMst] .. 정상 처리되었습니다. 작업번호[9993]
09:32:27:948;IMP;[GetJobCompleteReport] .. SIM MODE 작업 (완료)삭제 성공하였습니다. [작업번호:9993]
09:32:28:127;ERR;[GetJobCompleteReport] .. 작업 정보를 바르게 가져오지 못했습니다.[작업번호:9993]
09:32:29:209;IMP;[DeleteJobMst] .. 정상 처리되었습니다. 작업번호[9993]
09:32:29:223;IMP;[GetJobCompleteReport] .. SIM MODE 작업 (완료)삭제 성공하였습니다. [작업번호:9993]
09:32:29:705;ERR;[GetJobCompleteReport] .. 작업 정보를 바르게 가져오지 못했습니다.[작업번호:9993]
09:32:30:856;IMP;[DeleteJobMst] .. 정상 처리되었습니다. 작업번호[9993]
09:32:30:894;IMP;[GetJobCompleteReport] .. SIM MODE 작업 (완료)삭제 성공하였습니다. [작업번호:9993]
09:32:31:366;ERR;[GetJobCompleteReport] .. 작업 정보를 바르게 가져오지 못했습니다.[작업번호:9993]
09:32:32:537;IMP;[DeleteJobMst] .. 정상 처리되었습니다. 작업번호[9993]
09:32:32:648;IMP;[GetJobCompleteReport] .. SIM MODE 작업 (완료)삭제 성공하였습니다. [작업번호:9993]
09:32:33:217;ERR;[GetJobCompleteReport] .. 작업 정보를 바르게 가져오지 못했습니다.[작업번호:9993]
09:32:34:382;IMP;[DeleteJobMst] .. 정상 처리되었습니다. 작업번호[9993]
09:32:34:411;IMP;[GetJobCompleteReport] .. SIM MODE 작업 (완료)삭제 성공하였습니다. [작업번호:9993]
09:32:34:611;ERR;[GetJobCompleteReport] .. 작업 정보를 바르게 가져오지 못했습니다.[작업번호:9993]
09:32:35:705;IMP;[DeleteJobMst] .. 정상 처리되었습니다. 작업번호[9993]
09:32:35:744;IMP;[GetJobCompleteReport] .. SIM MODE 작업 (완료)삭제 성공하였습니다. [작업번호:9993]
09:32:35:956;ERR;[GetJobCompleteReport] .. 작업 정보를 바르게 가져오지 못했습니다.[작업번호:9993]
09:32:37:065;IMP;[DeleteJobMst] .. 정상 처리되었습니다. 작업번호[9993]
09:32:37:105;IMP;[GetJobCompleteReport] .. SIM MODE 작업 (완료)삭제 성공하였습니다. [작업번호:9993]
09:32:37:309;ERR;[GetJobCompleteReport] .. 작업 정보를 바르게 가져오지 못했습니다.[작업번호:9993]
09:32:38:424;IMP;[DeleteJobMst] .. 정상 처리되었습니다. 작업번호[9993]
09:32:38:516;IMP;[GetJobCompleteReport] .. SIM MODE 작업 (완료)삭제 성공하였습니다. [작업번호:9993]
09:32:38:711;ERR;[GetJobCompleteReport] .. 작업 정보를 바르게 가져오지 못했습니다.[작업번호:9993]
09:32:40:237;IMP;[DeleteJobMst] .. 정상 처리되었습니다. 작업번호[9993]
09:32:40:330;IMP;[GetJobCompleteReport] .. SIM MODE 작업 (완료)삭제 성공하였습니다. [작업번호:9993]
09:32:40:794;ERR;[GetJobCompleteReport] .. 작업 정보를 바르게 가져오지 못했습니다.[작업번호:9993]
09:32:41:908;IMP;[DeleteJobMst] .. 정상 처리되었습니다. 작업번호[9993]
09:32:41:950;IMP;[GetJobCompleteReport] .. SIM MODE 작업 (완료)삭제 성공하였습니다. [작업번호:9993]
09:32:42:169;ERR;[GetJobCompleteReport] .. 작업 정보를 바르게 가져오지 못했습니다.[작업번호:9993]
09:32:43:278;IMP;[DeleteJobMst] .. 정상 처리되었습니다. 작업번호[9993]
09:32:43:331;IMP;[GetJobCompleteReport] .. SIM MODE 작업 (완료)삭제 성공하였습니다. [작업번호:9993]
09:32:43:556;ERR;[GetJobCompleteReport] .. 작업 정보를 바르게 가져오지 못했습니다.[작업번호:9993]
09:32:44:679;IMP;[DeleteJobMst] .. 정상 처리되었습니다. 작업번호[9993]
09:32:44:735;IMP;[GetJobCompleteReport] .. SIM MODE 작업 (완료)삭제 성공하였습니다. [작업번호:9993]
09:32:44:892;ERR;[GetJobCompleteReport] .. 작업 정보를 바르게 가져오지 못했습니다.[작업번호:9993]
09:32:46:019;IMP;[DeleteJobMst] .. 정상 처리되었습니다. 작업번호[9993]
09:32:46:199;IMP;[GetJobCompleteReport] .. SIM MODE 작업 (완료)삭제 성공하였습니다. [작업번호:9993]
09:32:46:404;ERR;[GetJobCompleteReport] .. 작업 정보를 바르게 가져오지 못했습니다.[작업번호:9993]
09:32:47:704;IMP;[DeleteJobMst] .. 정상 처리되었습니다. 작업번호[9993]
09:32:47:810;IMP;[GetJobCompleteReport] .. SIM MODE 작업 (완료)삭제 성공하였습니다. [작업번호:9993]
09:32:48:078;ERR;[GetJobCompleteReport] .. 작업 정보를 바르게 가져오지 못했습니다.[작업번호:9993]
09:32:49:365;IMP;[DeleteJobMst] .. 정상 처리되었습니다. 작업번호[9993]
09:32:49:428;IMP;[GetJobCompleteReport] .. SIM MODE 작업 (완료)삭제 성공하였습니다. [작업번호:9993]
09:32:49:544;ERR;[GetJobCompleteReport] .. 작업 정보를 바르게 가져오지 못했습니다.[작업번호:9993]
09:32:50:653;IMP;[DeleteJobMst] .. 정상 처리되었습니다. 작업번호[9993]
09:32:50:699;IMP;[GetJobCompleteReport] .. SIM MODE 작업 (완료)삭제 성공하였습니다. [작업번호:9993]
09:32:50:809;ERR;[GetJobCompleteReport] .. 작업 정보를 바르게 가져오지 못했습니다.[작업번호:9993]
09:32:51:927;IMP;[DeleteJobMst] .. 정상 처리되었습니다. 작업번호[9993]
09:32:51:987;IMP;[GetJobCompleteReport] .. SIM MODE 작업 (완료)삭제 성공하였습니다. [작업번호:9993]
09:32:52:065;ERR;[GetJobCompleteReport] .. 작업 정보를 바르게 가져오지 못했습니다.[작업번호:9993]
09:32:53:134;IMP;[DeleteJobMst] .. 정상 처리되었습니다. 작업번호[9993]
09:32:53:143;IMP;[GetJobCompleteReport] .. SIM MODE 작업 (완료)삭제 성공하였습니다. [작업번호:9993]
09:32:53:227;ERR;[GetJobCompleteReport] .. 작업 정보를 바르게 가져오지 못했습니다.[작업번호:9993]
09:32:54:326;IMP;[DeleteJobMst] .. 정상 처리되었습니다. 작업번호[9993]
09:32:54:364;IMP;[GetJobCompleteReport] .. SIM MODE 작업 (완료)삭제 성공하였습니다. [작업번호:9993]
09:32:54:669;ERR;[GetJobCompleteReport] .. 작업 정보를 바르게 가져오지 못했습니다.[작업번호:9993]
09:32:55:811;IMP;[DeleteJobMst] .. 정상 처리되었습니다. 작업번호[9993]
09:32:55:897;IMP;[GetJobCompleteReport] .. SIM MODE 작업 (완료)삭제 성공하였습니다. [작업번호:9993]
09:32:56:164;ERR;[GetJobCompleteReport] .. 작업 정보를 바르게 가져오지 못했습니다.[작업번호:9993]
09:32:57:355;IMP;[DeleteJobMst] .. 정상 처리되었습니다. 작업번호[9993]
09:32:57:379;IMP;[GetJobCompleteReport] .. SIM MODE 작업 (완료)삭제 성공하였습니다. [작업번호:9993]
09:32:57:546;ERR;[GetJobCompleteReport] .. 작업 정보를 바르게 가져오지 못했습니다.[작업번호:9993]
09:32:58:676;IMP;[DeleteJobMst] .. 정상 처리되었습니다. 작업번호[9993]
09:32:58:705;IMP;[GetJobCompleteReport] .. SIM MODE 작업 (완료)삭제 성공하였습니다. [작업번호:9993]
09:32:58:894;ERR;[GetJobCompleteReport] .. 작업 정보를 바르게 가져오지 못했습니다.[작업번호:9993]
09:32:59:988;IMP;[DeleteJobMst] .. 정상 처리되었습니다. 작업번호[9993]
09:33:00:029;IMP;[GetJobCompleteReport] .. SIM MODE 작업 (완료)삭제 성공하였습니다. [작업번호:9993]
09:33:00:186;ERR;[GetJobCompleteReport] .. 작업 정보를 바르게 가져오지 못했습니다.[작업번호:9993]
09:33:01:294;IMP;[DeleteJobMst] .. 정상 처리되었습니다. 작업번호[9993]
09:33:01:333;IMP;[GetJobCompleteReport] .. SIM MODE 작업 (완료)삭제 성공하였습니다. [작업번호:9993]
09:33:01:568;ERR;[GetJobCompleteReport] .. 작업 정보를 바르게 가져오지 못했습니다.[작업번호:9993]
09:33:02:685;IMP;[DeleteJobMst] .. 정상 처리되었습니다. 작업번호[9993]
09:33:02:847;IMP;[GetJobCompleteReport] .. SIM MODE 작업 (완료)삭제 성공하였습니다. [작업번호:9993]
09:33:03:194;ERR;[GetJobCompleteReport] .. 작업 정보를 바르게 가져오지 못했습니다.[작업번호:9993]
09:33:04:417;IMP;[DeleteJobMst] .. 정상 처리되었습니다. 작업번호[9993]
09:33:04:557;IMP;[GetJobCompleteReport] .. SIM MODE 작업 (완료)삭제 성공하였습니다. [작업번호:9993]
09:33:05:094;ERR;[GetJobCompleteReport] .. 작업 정보를 바르게 가져오지 못했습니다.[작업번호:9993]
09:33:06:310;IMP;[DeleteJobMst] .. 정상 처리되었습니다. 작업번호[9993]
09:33:06:352;IMP;[GetJobCompleteReport] .. SIM MODE 작업 (완료)삭제 성공하였습니다. [작업번호:9993]
09:33:06:552;ERR;[GetJobCompleteReport] .. 작업 정보를 바르게 가져오지 못했습니다.[작업번호:9993]
09:33:07:685;IMP;[DeleteJobMst] .. 정상 처리되었습니다. 작업번호[9993]
09:33:07:735;IMP;[GetJobCompleteReport] .. SIM MODE 작업 (완료)삭제 성공하였습니다. [작업번호:9993]
09:33:07:918;ERR;[GetJobCompleteReport] .. 작업 정보를 바르게 가져오지 못했습니다.[작업번호:9993]
09:33:09:096;IMP;[DeleteJobMst] .. 정상 처리되었습니다. 작업번호[9993]
09:33:09:137;IMP;[GetJobCompleteReport] .. SIM MODE 작업 (완료)삭제 성공하였습니다. [작업번호:9993]
09:33:09:395;ERR;[GetJobCompleteReport] .. 작업 정보를 바르게 가져오지 못했습니다.[작업번호:9993]
09:33:10:541;IMP;[DeleteJobMst] .. 정상 처리되었습니다. 작업번호[9993]
09:33:10:682;IMP;[GetJobCompleteReport] .. SIM MODE 작업 (완료)삭제 성공하였습니다. [작업번호:9993]
09:33:11:228;ERR;[GetJobCompleteReport] .. 작업 정보를 바르게 가져오지 못했습니다.[작업번호:9993]
09:33:12:513;IMP;[DeleteJobMst] .. 정상 처리되었습니다. 작업번호[9993]
09:33:12:632;IMP;[GetJobCompleteReport] .. SIM MODE 작업 (완료)삭제 성공하였습니다. [작업번호:9993]
09:33:13:233;ERR;[GetJobCompleteReport] .. 작업 정보를 바르게 가져오지 못했습니다.[작업번호:9993]
09:33:14:523;IMP;[DeleteJobMst] .. 정상 처리되었습니다. 작업번호[9993]
09:33:14:567;IMP;[GetJobCompleteReport] .. SIM MODE 작업 (완료)삭제 성공하였습니다. [작업번호:9993]
09:33:14:791;ERR;[GetJobCompleteReport] .. 작업 정보를 바르게 가져오지 못했습니다.[작업번호:9993]
09:33:15:896;IMP;[DeleteJobMst] .. 정상 처리되었습니다. 작업번호[9993]
09:33:15:938;IMP;[GetJobCompleteReport] .. SIM MODE 작업 (완료)삭제 성공하였습니다. [작업번호:9993]
09:33:16:152;ERR;[GetJobCompleteReport] .. 작업 정보를 바르게 가져오지 못했습니다.[작업번호:9993]
09:33:17:263;IMP;[DeleteJobMst] .. 정상 처리되었습니다. 작업번호[9993]
09:33:17:325;IMP;[GetJobCompleteReport] .. SIM MODE 작업 (완료)삭제 성공하였습니다. [작업번호:9993]
09:33:17:514;ERR;[GetJobCompleteReport] .. 작업 정보를 바르게 가져오지 못했습니다.[작업번호:9993]
09:33:18:606;IMP;[DeleteJobMst] .. 정상 처리되었습니다. 작업번호[9993]
09:33:18:633;IMP;[GetJobCompleteReport] .. SIM MODE 작업 (완료)삭제 성공하였습니다. [작업번호:9993]
09:33:18:954;ERR;[GetJobCompleteReport] .. 작업 정보를 바르게 가져오지 못했습니다.[작업번호:9993]
09:33:20:098;IMP;[DeleteJobMst] .. 정상 처리되었습니다. 작업번호[9993]
09:33:20:161;IMP;[GetJobCompleteReport] .. SIM MODE 작업 (완료)삭제 성공하였습니다. [작업번호:9993]
09:33:20:581;ERR;[GetJobCompleteReport] .. 작업 정보를 바르게 가져오지 못했습니다.[작업번호:9993]
09:33:21:804;IMP;[DeleteJobMst] .. 정상 처리되었습니다. 작업번호[9993]
09:33:21:824;IMP;[GetJobCompleteReport] .. SIM MODE 작업 (완료)삭제 성공하였습니다. [작업번호:9993]
09:33:22:035;ERR;[GetJobCompleteReport] .. 작업 정보를 바르게 가져오지 못했습니다.[작업번호:9993]
09:33:23:134;IMP;[DeleteJobMst] .. 정상 처리되었습니다. 작업번호[9993]
09:33:23:163;IMP;[GetJobCompleteReport] .. SIM MODE 작업 (완료)삭제 성공하였습니다. [작업번호:9993]
09:33:23:371;ERR;[GetJobCompleteReport] .. 작업 정보를 바르게 가져오지 못했습니다.[작업번호:9993]
09:33:24:500;IMP;[DeleteJobMst] .. 정상 처리되었습니다. 작업번호[9993]
09:33:24:532;IMP;[GetJobCompleteReport] .. SIM MODE 작업 (완료)삭제 성공하였습니다. [작업번호:9993]
09:33:24:740;ERR;[GetJobCompleteReport] .. 작업 정보를 바르게 가져오지 못했습니다.[작업번호:9993]
09:33:25:911;IMP;[DeleteJobMst] .. 정상 처리되었습니다. 작업번호[9993]
09:33:25:948;IMP;[GetJobCompleteReport] .. SIM MODE 작업 (완료)삭제 성공하였습니다. [작업번호:9993]
09:33:26:203;ERR;[GetJobCompleteReport] .. 작업 정보를 바르게 가져오지 못했습니다.[작업번호:9993]
09:33:27:395;IMP;[DeleteJobMst] .. 정상 처리되었습니다. 작업번호[9993]
09:33:27:581;IMP;[GetJobCompleteReport] .. SIM MODE 작업 (완료)삭제 성공하였습니다. [작업번호:9993]
09:33:28:211;ERR;[GetJobCompleteReport] .. 작업 정보를 바르게 가져오지 못했습니다.[작업번호:9993]
09:33:29:635;IMP;[DeleteJobMst] .. 정상 처리되었습니다. 작업번호[9993]
09:33:29:872;IMP;[GetJobCompleteReport] .. SIM MODE 작업 (완료)삭제 성공하였습니다. [작업번호:9993]
09:33:30:244;ERR;[GetJobCompleteReport] .. 작업 정보를 바르게 가져오지 못했습니다.[작업번호:9993]
09:33:31:478;IMP;[DeleteJobMst] .. 정상 처리되었습니다. 작업번호[9993]
09:33:31:519;IMP;[GetJobCompleteReport] .. SIM MODE 작업 (완료)삭제 성공하였습니다. [작업번호:9993]
09:33:31:800;ERR;[GetJobCompleteReport] .. 작업 정보를 바르게 가져오지 못했습니다.[작업번호:9993]
09:33:32:919;IMP;[DeleteJobMst] .. 정상 처리되었습니다. 작업번호[9993]
09:33:32:960;IMP;[GetJobCompleteReport] .. SIM MODE 작업 (완료)삭제 성공하였습니다. [작업번호:9993]
09:33:33:169;ERR;[GetJobCompleteReport] .. 작업 정보를 바르게 가져오지 못했습니다.[작업번호:9993]
09:33:34:333;IMP;[DeleteJobMst] .. 정상 처리되었습니다. 작업번호[9993]
09:33:34:376;IMP;[GetJobCompleteReport] .. SIM MODE 작업 (완료)삭제 성공하였습니다. [작업번호:9993]
09:33:34:586;ERR;[GetJobCompleteReport] .. 작업 정보를 바르게 가져오지 못했습니다.[작업번호:9993]
09:33:35:731;IMP;[DeleteJobMst] .. 정상 처리되었습니다. 작업번호[9993]
09:33:35:826;IMP;[GetJobCompleteReport] .. SIM MODE 작업 (완료)삭제 성공하였습니다. [작업번호:9993]
09:33:36:543;ERR;[GetJobCompleteReport] .. 작업 정보를 바르게 가져오지 못했습니다.[작업번호:9993]
09:33:37:712;IMP;[DeleteJobMst] .. 정상 처리되었습니다. 작업번호[9993]
09:33:37:826;IMP;[GetJobCompleteReport] .. SIM MODE 작업 (완료)삭제 성공하였습니다. [작업번호:9993]
09:33:38:258;ERR;[GetJobCompleteReport] .. 작업 정보를 바르게 가져오지 못했습니다.[작업번호:9993]
09:33:39:415;IMP;[DeleteJobMst] .. 정상 처리되었습니다. 작업번호[9993]
09:33:39:462;IMP;[GetJobCompleteReport] .. SIM MODE 작업 (완료)삭제 성공하였습니다. [작업번호:9993]
09:33:39:671;ERR;[GetJobCompleteReport] .. 작업 정보를 바르게 가져오지 못했습니다.[작업번호:9993]
09:33:40:780;IMP;[DeleteJobMst] .. 정상 처리되었습니다. 작업번호[9993]
09:33:40:821;IMP;[GetJobCompleteReport] .. SIM MODE 작업 (완료)삭제 성공하였습니다. [작업번호:9993]
09:33:41:124;ERR;[GetJobCompleteReport] .. 작업 정보를 바르게 가져오지 못했습니다.[작업번호:9993]
09:33:42:275;IMP;[DeleteJobMst] .. 정상 처리되었습니다. 작업번호[9993]
09:33:42:317;IMP;[GetJobCompleteReport] .. SIM MODE 작업 (완료)삭제 성공하였습니다. [작업번호:9993]
09:33:42:530;ERR;[GetJobCompleteReport] .. 작업 정보를 바르게 가져오지 못했습니다.[작업번호:9993]
09:33:43:696;IMP;[DeleteJobMst] .. 정상 처리되었습니다. 작업번호[9993]
09:33:43:925;IMP;[GetJobCompleteReport] .. SIM MODE 작업 (완료)삭제 성공하였습니다. [작업번호:9993]
09:33:44:358;ERR;[GetJobCompleteReport] .. 작업 정보를 바르게 가져오지 못했습니다.[작업번호:9993]
09:33:45:470;IMP;[DeleteJobMst] .. 정상 처리되었습니다. 작업번호[9993]
09:33:45:500;IMP;[GetJobCompleteReport] .. SIM MODE 작업 (완료)삭제 성공하였습니다. [작업번호:9993]
09:33:46:093;ERR;[GetJobCompleteReport] .. 작업 정보를 바르게 가져오지 못했습니다.[작업번호:9993]
09:33:47:181;IMP;[DeleteJobMst] .. 정상 처리되었습니다. 작업번호[9993]
09:33:47:195;IMP;[GetJobCompleteReport] .. SIM MODE 작업 (완료)삭제 성공하였습니다. [작업번호:9993]
09:33:47:377;ERR;[GetJobCompleteReport] .. 작업 정보를 바르게 가져오지 못했습니다.[작업번호:9993]
09:33:48:458;IMP;[DeleteJobMst] .. 정상 처리되었습니다. 작업번호[9993]
09:33:48:479;IMP;[GetJobCompleteReport] .. SIM MODE 작업 (완료)삭제 성공하였습니다. [작업번호:9993]
09:33:48:689;ERR;[GetJobCompleteReport] .. 작업 정보를 바르게 가져오지 못했습니다.[작업번호:9993]
09:33:49:794;IMP;[DeleteJobMst] .. 정상 처리되었습니다. 작업번호[9993]
09:33:49:820;IMP;[GetJobCompleteReport] .. SIM MODE 작업 (완료)삭제 성공하였습니다. [작업번호:9993]
09:33:49:997;ERR;[GetJobCompleteReport] .. 작업 정보를 바르게 가져오지 못했습니다.[작업번호:9993]
09:33:51:108;IMP;[DeleteJobMst] .. 정상 처리되었습니다. 작업번호[9993]
09:33:51:147;IMP;[GetJobCompleteReport] .. SIM MODE 작업 (완료)삭제 성공하였습니다. [작업번호:9993]
09:33:51:365;ERR;[GetJobCompleteReport] .. 작업 정보를 바르게 가져오지 못했습니다.[작업번호:9993]
09:33:52:497;IMP;[DeleteJobMst] .. 정상 처리되었습니다. 작업번호[9993]
09:33:52:625;IMP;[GetJobCompleteReport] .. SIM MODE 작업 (완료)삭제 성공하였습니다. [작업번호:9993]
09:33:53:168;ERR;[GetJobCompleteReport] .. 작업 정보를 바르게 가져오지 못했습니다.[작업번호:9993]
09:33:54:387;IMP;[DeleteJobMst] .. 정상 처리되었습니다. 작업번호[9993]
09:33:54:556;IMP;[GetJobCompleteReport] .. SIM MODE 작업 (완료)삭제 성공하였습니다. [작업번호:9993]
09:33:54:837;ERR;[GetJobCompleteReport] .. 작업 정보를 바르게 가져오지 못했습니다.[작업번호:9993]
09:33:55:962;IMP;[DeleteJobMst] .. 정상 처리되었습니다. 작업번호[9993]
09:33:56:005;IMP;[GetJobCompleteReport] .. SIM MODE 작업 (완료)삭제 성공하였습니다. [작업번호:9993]
09:33:56:236;ERR;[GetJobCompleteReport] .. 작업 정보를 바르게 가져오지 못했습니다.[작업번호:9993]
09:33:57:354;IMP;[DeleteJobMst] .. 정상 처리되었습니다. 작업번호[9993]
09:33:57:408;IMP;[GetJobCompleteReport] .. SIM MODE 작업 (완료)삭제 성공하였습니다. [작업번호:9993]
09:33:57:638;ERR;[GetJobCompleteReport] .. 작업 정보를 바르게 가져오지 못했습니다.[작업번호:9993]
09:33:58:749;IMP;[DeleteJobMst] .. 정상 처리되었습니다. 작업번호[9993]
09:33:58:792;IMP;[GetJobCompleteReport] .. SIM MODE 작업 (완료)삭제 성공하였습니다. [작업번호:9993]
09:33:59:008;ERR;[GetJobCompleteReport] .. 작업 정보를 바르게 가져오지 못했습니다.[작업번호:9993]
09:34:00:127;IMP;[DeleteJobMst] .. 정상 처리되었습니다. 작업번호[9993]
09:34:00:234;IMP;[GetJobCompleteReport] .. SIM MODE 작업 (완료)삭제 성공하였습니다. [작업번호:9993]
09:34:00:973;ERR;[GetJobCompleteReport] .. 작업 정보를 바르게 가져오지 못했습니다.[작업번호:9993]
09:34:02:243;IMP;[DeleteJobMst] .. 정상 처리되었습니다. 작업번호[9993]
09:34:02:344;IMP;[GetJobCompleteReport] .. SIM MODE 작업 (완료)삭제 성공하였습니다. [작업번호:9993]
09:34:02:865;ERR;[GetJobCompleteReport] .. 작업 정보를 바르게 가져오지 못했습니다.[작업번호:9993]
09:34:04:090;IMP;[DeleteJobMst] .. 정상 처리되었습니다. 작업번호[9993]
09:34:04:133;IMP;[GetJobCompleteReport] .. SIM MODE 작업 (완료)삭제 성공하였습니다. [작업번호:9993]
09:34:04:226;ERR;[GetJobCompleteReport] .. 작업 정보를 바르게 가져오지 못했습니다.[작업번호:9993]
09:34:05:329;IMP;[DeleteJobMst] .. 정상 처리되었습니다. 작업번호[9993]
09:34:05:372;IMP;[GetJobCompleteReport] .. SIM MODE 작업 (완료)삭제 성공하였습니다. [작업번호:9993]
09:34:05:486;ERR;[GetJobCompleteReport] .. 작업 정보를 바르게 가져오지 못했습니다.[작업번호:9993]
09:34:06:598;IMP;[DeleteJobMst] .. 정상 처리되었습니다. 작업번호[9993]
09:34:06:642;IMP;[GetJobCompleteReport] .. SIM MODE 작업 (완료)삭제 성공하였습니다. [작업번호:9993]
09:34:06:762;ERR;[GetJobCompleteReport] .. 작업 정보를 바르게 가져오지 못했습니다.[작업번호:9993]
09:34:07:872;IMP;[DeleteJobMst] .. 정상 처리되었습니다. 작업번호[9993]
09:34:07:913;IMP;[GetJobCompleteReport] .. SIM MODE 작업 (완료)삭제 성공하였습니다. [작업번호:9993]
09:34:08:095;ERR;[GetJobCompleteReport] .. 작업 정보를 바르게 가져오지 못했습니다.[작업번호:9993]
09:34:09:324;IMP;[DeleteJobMst] .. 정상 처리되었습니다. 작업번호[9993]
09:34:09:624;IMP;[GetJobCompleteReport] .. SIM MODE 작업 (완료)삭제 성공하였습니다. [작업번호:9993]
09:34:09:791;ERR;[GetJobCompleteReport] .. 작업 정보를 바르게 가져오지 못했습니다.[작업번호:9993]
09:34:10:915;IMP;[DeleteJobMst] .. 정상 처리되었습니다. 작업번호[9993]
09:34:10:938;IMP;[GetJobCompleteReport] .. SIM MODE 작업 (완료)삭제 성공하였습니다. [작업번호:9993]
09:34:11:175;ERR;[GetJobCompleteReport] .. 작업 정보를 바르게 가져오지 못했습니다.[작업번호:9993]
09:34:12:298;IMP;[DeleteJobMst] .. 정상 처리되었습니다. 작업번호[9993]
09:34:12:320;IMP;[GetJobCompleteReport] .. SIM MODE 작업 (완료)삭제 성공하였습니다. [작업번호:9993]
09:34:12:432;ERR;[GetJobCompleteReport] .. 작업 정보를 바르게 가져오지 못했습니다.[작업번호:9993]
09:34:13:510;IMP;[DeleteJobMst] .. 정상 처리되었습니다. 작업번호[9993]
09:34:13:530;IMP;[GetJobCompleteReport] .. SIM MODE 작업 (완료)삭제 성공하였습니다. [작업번호:9993]
09:34:13:655;ERR;[GetJobCompleteReport] .. 작업 정보를 바르게 가져오지 못했습니다.[작업번호:9993]
09:34:14:762;IMP;[DeleteJobMst] .. 정상 처리되었습니다. 작업번호[9993]
09:34:14:786;IMP;[GetJobCompleteReport] .. SIM MODE 작업 (완료)삭제 성공하였습니다. [작업번호:9993]
09:34:14:916;ERR;[GetJobCompleteReport] .. 작업 정보를 바르게 가져오지 못했습니다.[작업번호:9993]
09:34:16:008;IMP;[DeleteJobMst] .. 정상 처리되었습니다. 작업번호[9993]
09:34:16:065;IMP;[GetJobCompleteReport] .. SIM MODE 작업 (완료)삭제 성공하였습니다. [작업번호:9993]
09:34:16:198;ERR;[GetJobCompleteReport] .. 작업 정보를 바르게 가져오지 못했습니다.[작업번호:9993]
09:34:17:339;IMP;[DeleteJobMst] .. 정상 처리되었습니다. 작업번호[9993]
09:34:17:433;IMP;[GetJobCompleteReport] .. SIM MODE 작업 (완료)삭제 성공하였습니다. [작업번호:9993]
09:34:17:871;ERR;[GetJobCompleteReport] .. 작업 정보를 바르게 가져오지 못했습니다.[작업번호:9993]
09:34:19:212;IMP;[DeleteJobMst] .. 정상 처리되었습니다. 작업번호[9993]
09:34:19:467;IMP;[GetJobCompleteReport] .. SIM MODE 작업 (완료)삭제 성공하였습니다. [작업번호:9993]
09:34:19:678;ERR;[GetJobCompleteReport] .. 작업 정보를 바르게 가져오지 못했습니다.[작업번호:9993]
09:34:20:784;IMP;[DeleteJobMst] .. 정상 처리되었습니다. 작업번호[9993]
09:34:20:825;IMP;[GetJobCompleteReport] .. SIM MODE 작업 (완료)삭제 성공하였습니다. [작업번호:9993]
09:34:20:997;ERR;[GetJobCompleteReport] .. 작업 정보를 바르게 가져오지 못했습니다.[작업번호:9993]
09:34:22:110;IMP;[DeleteJobMst] .. 정상 처리되었습니다. 작업번호[9993]
09:34:22:196;IMP;[GetJobCompleteReport] .. SIM MODE 작업 (완료)삭제 성공하였습니다. [작업번호:9993]
09:34:22:372;ERR;[GetJobCompleteReport] .. 작업 정보를 바르게 가져오지 못했습니다.[작업번호:9993]
09:34:23:489;IMP;[DeleteJobMst] .. 정상 처리되었습니다. 작업번호[9993]
09:34:23:532;IMP;[GetJobCompleteReport] .. SIM MODE 작업 (완료)삭제 성공하였습니다. [작업번호:9993]
09:34:23:800;ERR;[GetJobCompleteReport] .. 작업 정보를 바르게 가져오지 못했습니다.[작업번호:9993]
09:34:24:924;IMP;[DeleteJobMst] .. 정상 처리되었습니다. 작업번호[9993]
09:34:25:060;IMP;[GetJobCompleteReport] .. SIM MODE 작업 (완료)삭제 성공하였습니다. [작업번호:9993]
09:34:25:625;ERR;[GetJobCompleteReport] .. 작업 정보를 바르게 가져오지 못했습니다.[작업번호:9993]
09:34:26:773;IMP;[DeleteJobMst] .. 정상 처리되었습니다. 작업번호[9993]
09:34:26:887;IMP;[GetJobCompleteReport] .. SIM MODE 작업 (완료)삭제 성공하였습니다. [작업번호:9993]
09:34:27:405;ERR;[GetJobCompleteReport] .. 작업 정보를 바르게 가져오지 못했습니다.[작업번호:9993]
09:34:28:696;IMP;[DeleteJobMst] .. 정상 처리되었습니다. 작업번호[9993]
09:34:28:739;IMP;[GetJobCompleteReport] .. SIM MODE 작업 (완료)삭제 성공하였습니다. [작업번호:9993]
09:34:28:960;ERR;[GetJobCompleteReport] .. 작업 정보를 바르게 가져오지 못했습니다.[작업번호:9993]
09:34:30:067;IMP;[DeleteJobMst] .. 정상 처리되었습니다. 작업번호[9993]
09:34:30:148;IMP;[GetJobCompleteReport] .. SIM MODE 작업 (완료)삭제 성공하였습니다. [작업번호:9993]
09:34:30:377;ERR;[GetJobCompleteReport] .. 작업 정보를 바르게 가져오지 못했습니다.[작업번호:9993]
09:34:31:475;IMP;[DeleteJobMst] .. 정상 처리되었습니다. 작업번호[9993]
09:34:31:518;IMP;[GetJobCompleteReport] .. SIM MODE 작업 (완료)삭제 성공하였습니다. [작업번호:9993]
09:34:31:718;ERR;[GetJobCompleteReport] .. 작업 정보를 바르게 가져오지 못했습니다.[작업번호:9993]
09:34:33:184;IMP;[DeleteJobMst] .. 정상 처리되었습니다. 작업번호[9993]
09:34:33:241;IMP;[GetJobCompleteReport] .. SIM MODE 작업 (완료)삭제 성공하였습니다. [작업번호:9993]
09:34:33:649;ERR;[GetJobCompleteReport] .. 작업 정보를 바르게 가져오지 못했습니다.[작업번호:9993]
09:34:34:799;IMP;[DeleteJobMst] .. 정상 처리되었습니다. 작업번호[9993]
09:34:35:031;IMP;[GetJobCompleteReport] .. SIM MODE 작업 (완료)삭제 성공하였습니다. [작업번호:9993]
09:34:35:692;ERR;[GetJobCompleteReport] .. 작업 정보를 바르게 가져오지 못했습니다.[작업번호:9993]
09:34:36:949;IMP;[DeleteJobMst] .. 정상 처리되었습니다. 작업번호[9993]
09:34:36:957;IMP;[GetJobCompleteReport] .. SIM MODE 작업 (완료)삭제 성공하였습니다. [작업번호:9993]
09:34:37:129;ERR;[GetJobCompleteReport] .. 작업 정보를 바르게 가져오지 못했습니다.[작업번호:9993]
09:34:38:191;IMP;[DeleteJobMst] .. 정상 처리되었습니다. 작업번호[9993]
09:34:38:212;IMP;[GetJobCompleteReport] .. SIM MODE 작업 (완료)삭제 성공하였습니다. [작업번호:9993]
09:34:38:381;ERR;[GetJobCompleteReport] .. 작업 정보를 바르게 가져오지 못했습니다.[작업번호:9993]
09:34:39:474;IMP;[DeleteJobMst] .. 정상 처리되었습니다. 작업번호[9993]
09:34:39:492;IMP;[GetJobCompleteReport] .. SIM MODE 작업 (완료)삭제 성공하였습니다. [작업번호:9993]
09:34:39:677;ERR;[GetJobCompleteReport] .. 작업 정보를 바르게 가져오지 못했습니다.[작업번호:9993]
09:34:40:774;IMP;[DeleteJobMst] .. 정상 처리되었습니다. 작업번호[9993]
09:34:40:795;IMP;[GetJobCompleteReport] .. SIM MODE 작업 (완료)삭제 성공하였습니다. [작업번호:9993]
09:34:40:963;ERR;[GetJobCompleteReport] .. 작업 정보를 바르게 가져오지 못했습니다.[작업번호:9993]
09:34:42:043;IMP;[DeleteJobMst] .. 정상 처리되었습니다. 작업번호[9993]
09:34:42:067;IMP;[GetJobCompleteReport] .. SIM MODE 작업 (완료)삭제 성공하였습니다. [작업번호:9993]
09:34:42:258;ERR;[GetJobCompleteReport] .. 작업 정보를 바르게 가져오지 못했습니다.[작업번호:9993]
09:34:43:351;IMP;[DeleteJobMst] .. 정상 처리되었습니다. 작업번호[9993]
09:34:43:380;IMP;[GetJobCompleteReport] .. SIM MODE 작업 (완료)삭제 성공하였습니다. [작업번호:9993]
09:34:43:594;ERR;[GetJobCompleteReport] .. 작업 정보를 바르게 가져오지 못했습니다.[작업번호:9993]
09:34:44:686;IMP;[DeleteJobMst] .. 정상 처리되었습니다. 작업번호[9993]
09:34:44:718;IMP;[GetJobCompleteReport] .. SIM MODE 작업 (완료)삭제 성공하였습니다. [작업번호:9993]
09:34:44:894;ERR;[GetJobCompleteReport] .. 작업 정보를 바르게 가져오지 못했습니다.[작업번호:9993]
09:34:46:021;IMP;[DeleteJobMst] .. 정상 처리되었습니다. 작업번호[9993]
09:34:46:055;IMP;[GetJobCompleteReport] .. SIM MODE 작업 (완료)삭제 성공하였습니다. [작업번호:9993]
09:34:46:250;ERR;[GetJobCompleteReport] .. 작업 정보를 바르게 가져오지 못했습니다.[작업번호:9993]
09:34:47:347;IMP;[DeleteJobMst] .. 정상 처리되었습니다. 작업번호[9993]
09:34:47:380;IMP;[GetJobCompleteReport] .. SIM MODE 작업 (완료)삭제 성공하였습니다. [작업번호:9993]
09:34:47:579;ERR;[GetJobCompleteReport] .. 작업 정보를 바르게 가져오지 못했습니다.[작업번호:9993]
09:34:48:683;IMP;[DeleteJobMst] .. 정상 처리되었습니다. 작업번호[9993]
09:34:48:715;IMP;[GetJobCompleteReport] .. SIM MODE 작업 (완료)삭제 성공하였습니다. [작업번호:9993]
09:34:48:922;ERR;[GetJobCompleteReport] .. 작업 정보를 바르게 가져오지 못했습니다.[작업번호:9993]
09:34:50:016;IMP;[DeleteJobMst] .. 정상 처리되었습니다. 작업번호[9993]
09:34:50:052;IMP;[GetJobCompleteReport] .. SIM MODE 작업 (완료)삭제 성공하였습니다. [작업번호:9993]
09:34:50:220;ERR;[GetJobCompleteReport] .. 작업 정보를 바르게 가져오지 못했습니다.[작업번호:9993]
09:34:51:316;IMP;[DeleteJobMst] .. 정상 처리되었습니다. 작업번호[9993]
09:34:51:352;IMP;[GetJobCompleteReport] .. SIM MODE 작업 (완료)삭제 성공하였습니다. [작업번호:9993]
09:34:51:540;ERR;[GetJobCompleteReport] .. 작업 정보를 바르게 가져오지 못했습니다.[작업번호:9993]
09:34:52:651;IMP;[DeleteJobMst] .. 정상 처리되었습니다. 작업번호[9993]
09:34:52:688;IMP;[GetJobCompleteReport] .. SIM MODE 작업 (완료)삭제 성공하였습니다. [작업번호:9993]
09:34:52:903;ERR;[GetJobCompleteReport] .. 작업 정보를 바르게 가져오지 못했습니다.[작업번호:9993]
09:34:54:002;IMP;[DeleteJobMst] .. 정상 처리되었습니다. 작업번호[9993]
09:34:54:041;IMP;[GetJobCompleteReport] .. SIM MODE 작업 (완료)삭제 성공하였습니다. [작업번호:9993]
09:34:54:224;ERR;[GetJobCompleteReport] .. 작업 정보를 바르게 가져오지 못했습니다.[작업번호:9993]
09:34:55:324;IMP;[DeleteJobMst] .. 정상 처리되었습니다. 작업번호[9993]
09:34:55:361;IMP;[GetJobCompleteReport] .. SIM MODE 작업 (완료)삭제 성공하였습니다. [작업번호:9993]
09:34:55:551;ERR;[GetJobCompleteReport] .. 작업 정보를 바르게 가져오지 못했습니다.[작업번호:9993]
09:34:56:649;IMP;[DeleteJobMst] .. 정상 처리되었습니다. 작업번호[9993]
09:34:56:724;IMP;[GetJobCompleteReport] .. SIM MODE 작업 (완료)삭제 성공하였습니다. [작업번호:9993]
09:34:56:909;ERR;[GetJobCompleteReport] .. 작업 정보를 바르게 가져오지 못했습니다.[작업번호:9993]
09:34:58:006;IMP;[DeleteJobMst] .. 정상 처리되었습니다. 작업번호[9993]
09:34:58:080;IMP;[GetJobCompleteReport] .. SIM MODE 작업 (완료)삭제 성공하였습니다. [작업번호:9993]
09:34:58:234;ERR;[GetJobCompleteReport] .. 작업 정보를 바르게 가져오지 못했습니다.[작업번호:9993]
09:34:59:308;IMP;[DeleteJobMst] .. 정상 처리되었습니다. 작업번호[9993]
09:34:59:318;IMP;[GetJobCompleteReport] .. SIM MODE 작업 (완료)삭제 성공하였습니다. [작업번호:9993]
09:34:59:515;ERR;[GetJobCompleteReport] .. 작업 정보를 바르게 가져오지 못했습니다.[작업번호:9993]
09:35:00:599;IMP;[DeleteJobMst] .. 정상 처리되었습니다. 작업번호[9993]
09:35:00:611;IMP;[GetJobCompleteReport] .. SIM MODE 작업 (완료)삭제 성공하였습니다. [작업번호:9993]
09:35:00:779;ERR;[GetJobCompleteReport] .. 작업 정보를 바르게 가져오지 못했습니다.[작업번호:9993]
09:35:01:860;IMP;[DeleteJobMst] .. 정상 처리되었습니다. 작업번호[9993]
09:35:01:878;IMP;[GetJobCompleteReport] .. SIM MODE 작업 (완료)삭제 성공하였습니다. [작업번호:9993]
09:35:02:026;ERR;[GetJobCompleteReport] .. 작업 정보를 바르게 가져오지 못했습니다.[작업번호:9993]
09:35:03:102;IMP;[DeleteJobMst] .. 정상 처리되었습니다. 작업번호[9993]
09:35:03:122;IMP;[GetJobCompleteReport] .. SIM MODE 작업 (완료)삭제 성공하였습니다. [작업번호:9993]
09:35:03:419;ERR;[GetJobCompleteReport] .. 작업 정보를 바르게 가져오지 못했습니다.[작업번호:9993]
09:35:04:522;IMP;[DeleteJobMst] .. 정상 처리되었습니다. 작업번호[9993]
09:35:04:548;IMP;[GetJobCompleteReport] .. SIM MODE 작업 (완료)삭제 성공하였습니다. [작업번호:9993]
09:35:04:738;ERR;[GetJobCompleteReport] .. 작업 정보를 바르게 가져오지 못했습니다.[작업번호:9993]
09:35:05:821;IMP;[DeleteJobMst] .. 정상 처리되었습니다. 작업번호[9993]
09:35:05:851;IMP;[GetJobCompleteReport] .. SIM MODE 작업 (완료)삭제 성공하였습니다. [작업번호:9993]
09:35:06:057;ERR;[GetJobCompleteReport] .. 작업 정보를 바르게 가져오지 못했습니다.[작업번호:9993]
09:35:07:163;IMP;[DeleteJobMst] .. 정상 처리되었습니다. 작업번호[9993]
09:35:07:195;IMP;[GetJobCompleteReport] .. SIM MODE 작업 (완료)삭제 성공하였습니다. [작업번호:9993]
09:35:07:413;ERR;[GetJobCompleteReport] .. 작업 정보를 바르게 가져오지 못했습니다.[작업번호:9993]
09:35:08:514;IMP;[DeleteJobMst] .. 정상 처리되었습니다. 작업번호[9993]
09:35:08:550;IMP;[GetJobCompleteReport] .. SIM MODE 작업 (완료)삭제 성공하였습니다. [작업번호:9993]
09:35:08:776;ERR;[GetJobCompleteReport] .. 작업 정보를 바르게 가져오지 못했습니다.[작업번호:9993]
09:35:09:884;IMP;[DeleteJobMst] .. 정상 처리되었습니다. 작업번호[9993]
09:35:09:922;IMP;[GetJobCompleteReport] .. SIM MODE 작업 (완료)삭제 성공하였습니다. [작업번호:9993]
09:35:10:103;ERR;[GetJobCompleteReport] .. 작업 정보를 바르게 가져오지 못했습니다.[작업번호:9993]
09:35:11:216;IMP;[DeleteJobMst] .. 정상 처리되었습니다. 작업번호[9993]
09:35:11:250;IMP;[GetJobCompleteReport] .. SIM MODE 작업 (완료)삭제 성공하였습니다. [작업번호:9993]
09:35:11:447;ERR;[GetJobCompleteReport] .. 작업 정보를 바르게 가져오지 못했습니다.[작업번호:9993]
09:35:12:539;IMP;[DeleteJobMst] .. 정상 처리되었습니다. 작업번호[9993]
09:35:12:607;IMP;[GetJobCompleteReport] .. SIM MODE 작업 (완료)삭제 성공하였습니다. [작업번호:9993]
09:35:12:857;ERR;[GetJobCompleteReport] .. 작업 정보를 바르게 가져오지 못했습니다.[작업번호:9993]
09:35:13:974;IMP;[DeleteJobMst] .. 정상 처리되었습니다. 작업번호[9993]
09:35:14:010;IMP;[GetJobCompleteReport] .. SIM MODE 작업 (완료)삭제 성공하였습니다. [작업번호:9993]
09:35:14:173;ERR;[GetJobCompleteReport] .. 작업 정보를 바르게 가져오지 못했습니다.[작업번호:9993]
09:35:15:276;IMP;[DeleteJobMst] .. 정상 처리되었습니다. 작업번호[9993]
09:35:15:310;IMP;[GetJobCompleteReport] .. SIM MODE 작업 (완료)삭제 성공하였습니다. [작업번호:9993]
09:35:15:378;ERR;[GetJobCompleteReport] .. 작업 정보를 바르게 가져오지 못했습니다.[작업번호:9993]
09:35:16:486;IMP;[DeleteJobMst] .. 정상 처리되었습니다. 작업번호[9993]
09:35:16:518;IMP;[GetJobCompleteReport] .. SIM MODE 작업 (완료)삭제 성공하였습니다. [작업번호:9993]
09:35:16:624;ERR;[GetJobCompleteReport] .. 작업 정보를 바르게 가져오지 못했습니다.[작업번호:9993]
09:35:17:724;IMP;[DeleteJobMst] .. 정상 처리되었습니다. 작업번호[9993]
09:35:17:778;IMP;[GetJobCompleteReport] .. SIM MODE 작업 (완료)삭제 성공하였습니다. [작업번호:9993]
09:35:17:868;ERR;[GetJobCompleteReport] .. 작업 정보를 바르게 가져오지 못했습니다.[작업번호:9993]
09:35:18:963;IMP;[DeleteJobMst] .. 정상 처리되었습니다. 작업번호[9993]
09:35:19:004;IMP;[GetJobCompleteReport] .. SIM MODE 작업 (완료)삭제 성공하였습니다. [작업번호:9993]
09:35:19:393;ERR;[GetJobCompleteReport] .. 작업 정보를 바르게 가져오지 못했습니다.[작업번호:9993]
09:35:20:515;IMP;[DeleteJobMst] .. 정상 처리되었습니다. 작업번호[9993]
09:35:20:566;IMP;[GetJobCompleteReport] .. SIM MODE 작업 (완료)삭제 성공하였습니다. [작업번호:9993]
09:35:20:643;ERR;[GetJobCompleteReport] .. 작업 정보를 바르게 가져오지 못했습니다.[작업번호:9993]
09:35:21:712;IMP;[DeleteJobMst] .. 정상 처리되었습니다. 작업번호[9993]
09:35:21:719;IMP;[GetJobCompleteReport] .. SIM MODE 작업 (완료)삭제 성공하였습니다. [작업번호:9993]
09:35:21:806;ERR;[GetJobCompleteReport] .. 작업 정보를 바르게 가져오지 못했습니다.[작업번호:9993]
09:35:22:869;IMP;[DeleteJobMst] .. 정상 처리되었습니다. 작업번호[9993]
09:35:22:880;IMP;[GetJobCompleteReport] .. SIM MODE 작업 (완료)삭제 성공하였습니다. [작업번호:9993]
09:35:22:969;ERR;[GetJobCompleteReport] .. 작업 정보를 바르게 가져오지 못했습니다.[작업번호:9993]
09:35:24:046;IMP;[DeleteJobMst] .. 정상 처리되었습니다. 작업번호[9993]
09:35:24:064;IMP;[GetJobCompleteReport] .. SIM MODE 작업 (완료)삭제 성공하였습니다. [작업번호:9993]
09:35:24:167;ERR;[GetJobCompleteReport] .. 작업 정보를 바르게 가져오지 못했습니다.[작업번호:9993]
09:35:25:256;IMP;[DeleteJobMst] .. 정상 처리되었습니다. 작업번호[9993]
09:35:25:307;IMP;[GetJobCompleteReport] .. SIM MODE 작업 (완료)삭제 성공하였습니다. [작업번호:9993]
09:35:25:427;ERR;[GetJobCompleteReport] .. 작업 정보를 바르게 가져오지 못했습니다.[작업번호:9993]
09:35:26:515;IMP;[DeleteJobMst] .. 정상 처리되었습니다. 작업번호[9993]
09:35:26:541;IMP;[GetJobCompleteReport] .. SIM MODE 작업 (완료)삭제 성공하였습니다. [작업번호:9993]
09:35:26:653;ERR;[GetJobCompleteReport] .. 작업 정보를 바르게 가져오지 못했습니다.[작업번호:9993]
09:35:27:736;IMP;[DeleteJobMst] .. 정상 처리되었습니다. 작업번호[9993]
09:35:27:766;IMP;[GetJobCompleteReport] .. SIM MODE 작업 (완료)삭제 성공하였습니다. [작업번호:9993]
09:35:27:888;ERR;[GetJobCompleteReport] .. 작업 정보를 바르게 가져오지 못했습니다.[작업번호:9993]
09:35:28:982;IMP;[DeleteJobMst] .. 정상 처리되었습니다. 작업번호[9993]
09:35:29:017;IMP;[GetJobCompleteReport] .. SIM MODE 작업 (완료)삭제 성공하였습니다. [작업번호:9993]
09:35:29:144;ERR;[GetJobCompleteReport] .. 작업 정보를 바르게 가져오지 못했습니다.[작업번호:9993]
09:35:30:237;IMP;[DeleteJobMst] .. 정상 처리되었습니다. 작업번호[9993]
09:35:30:271;IMP;[GetJobCompleteReport] .. SIM MODE 작업 (완료)삭제 성공하였습니다. [작업번호:9993]
09:35:30:438;ERR;[GetJobCompleteReport] .. 작업 정보를 바르게 가져오지 못했습니다.[작업번호:9993]
09:35:31:545;IMP;[DeleteJobMst] .. 정상 처리되었습니다. 작업번호[9993]
09:35:31:642;IMP;[GetJobCompleteReport] .. SIM MODE 작업 (완료)삭제 성공하였습니다. [작업번호:9993]
09:35:31:856;ERR;[GetJobCompleteReport] .. 작업 정보를 바르게 가져오지 못했습니다.[작업번호:9993]
09:35:32:954;IMP;[DeleteJobMst] .. 정상 처리되었습니다. 작업번호[9993]
09:35:32:990;IMP;[GetJobCompleteReport] .. SIM MODE 작업 (완료)삭제 성공하였습니다. [작업번호:9993]
09:35:33:139;ERR;[GetJobCompleteReport] .. 작업 정보를 바르게 가져오지 못했습니다.[작업번호:9993]
09:35:34:234;IMP;[DeleteJobMst] .. 정상 처리되었습니다. 작업번호[9993]
09:35:34:270;IMP;[GetJobCompleteReport] .. SIM MODE 작업 (완료)삭제 성공하였습니다. [작업번호:9993]
09:35:34:421;ERR;[GetJobCompleteReport] .. 작업 정보를 바르게 가져오지 못했습니다.[작업번호:9993]
09:35:35:525;IMP;[DeleteJobMst] .. 정상 처리되었습니다. 작업번호[9993]
09:35:35:558;IMP;[GetJobCompleteReport] .. SIM MODE 작업 (완료)삭제 성공하였습니다. [작업번호:9993]
09:35:35:727;ERR;[GetJobCompleteReport] .. 작업 정보를 바르게 가져오지 못했습니다.[작업번호:9993]
09:35:36:823;IMP;[DeleteJobMst] .. 정상 처리되었습니다. 작업번호[9993]
09:35:36:858;IMP;[GetJobCompleteReport] .. SIM MODE 작업 (완료)삭제 성공하였습니다. [작업번호:9993]
09:35:37:089;ERR;[GetJobCompleteReport] .. 작업 정보를 바르게 가져오지 못했습니다.[작업번호:9993]
09:35:38:186;IMP;[DeleteJobMst] .. 정상 처리되었습니다. 작업번호[9993]
09:35:38:244;IMP;[GetJobCompleteReport] .. SIM MODE 작업 (완료)삭제 성공하였습니다. [작업번호:9993]
09:35:38:445;ERR;[GetJobCompleteReport] .. 작업 정보를 바르게 가져오지 못했습니다.[작업번호:9993]
09:35:39:534;IMP;[DeleteJobMst] .. 정상 처리되었습니다. 작업번호[9993]
09:35:39:572;IMP;[GetJobCompleteReport] .. SIM MODE 작업 (완료)삭제 성공하였습니다. [작업번호:9993]
09:35:39:899;ERR;[GetJobCompleteReport] .. 작업 정보를 바르게 가져오지 못했습니다.[작업번호:9993]
09:35:41:002;IMP;[DeleteJobMst] .. 정상 처리되었습니다. 작업번호[9993]
09:35:41:038;IMP;[GetJobCompleteReport] .. SIM MODE 작업 (완료)삭제 성공하였습니다. [작업번호:9993]
09:35:41:227;ERR;[GetJobCompleteReport] .. 작업 정보를 바르게 가져오지 못했습니다.[작업번호:9993]
09:35:42:315;IMP;[DeleteJobMst] .. 정상 처리되었습니다. 작업번호[9993]
09:35:42:372;IMP;[GetJobCompleteReport] .. SIM MODE 작업 (완료)삭제 성공하였습니다. [작업번호:9993]
09:35:42:570;ERR;[GetJobCompleteReport] .. 작업 정보를 바르게 가져오지 못했습니다.[작업번호:9993]
09:35:43:645;IMP;[DeleteJobMst] .. 정상 처리되었습니다. 작업번호[9993]
09:35:43:672;IMP;[GetJobCompleteReport] .. SIM MODE 작업 (완료)삭제 성공하였습니다. [작업번호:9993]
09:35:43:837;ERR;[GetJobCompleteReport] .. 작업 정보를 바르게 가져오지 못했습니다.[작업번호:9993]
09:35:44:914;IMP;[DeleteJobMst] .. 정상 처리되었습니다. 작업번호[9993]
09:35:44:925;IMP;[GetJobCompleteReport] .. SIM MODE 작업 (완료)삭제 성공하였습니다. [작업번호:9993]
09:35:45:084;ERR;[GetJobCompleteReport] .. 작업 정보를 바르게 가져오지 못했습니다.[작업번호:9993]
09:35:46:156;IMP;[DeleteJobMst] .. 정상 처리되었습니다. 작업번호[9993]
09:35:46:172;IMP;[GetJobCompleteReport] .. SIM MODE 작업 (완료)삭제 성공하였습니다. [작업번호:9993]
09:35:46:335;ERR;[GetJobCompleteReport] .. 작업 정보를 바르게 가져오지 못했습니다.[작업번호:9993]
09:35:47:419;IMP;[DeleteJobMst] .. 정상 처리되었습니다. 작업번호[9993]
09:35:47:440;IMP;[GetJobCompleteReport] .. SIM MODE 작업 (완료)삭제 성공하였습니다. [작업번호:9993]
09:35:47:594;ERR;[GetJobCompleteReport] .. 작업 정보를 바르게 가져오지 못했습니다.[작업번호:9993]
09:35:48:705;IMP;[DeleteJobMst] .. 정상 처리되었습니다. 작업번호[9993]
09:35:48:755;IMP;[GetJobCompleteReport] .. SIM MODE 작업 (완료)삭제 성공하였습니다. [작업번호:9993]
09:35:49:026;ERR;[GetJobCompleteReport] .. 작업 정보를 바르게 가져오지 못했습니다.[작업번호:9993]
09:35:50:126;IMP;[DeleteJobMst] .. 정상 처리되었습니다. 작업번호[9993]
09:35:50:154;IMP;[GetJobCompleteReport] .. SIM MODE 작업 (완료)삭제 성공하였습니다. [작업번호:9993]
09:35:50:352;ERR;[GetJobCompleteReport] .. 작업 정보를 바르게 가져오지 못했습니다.[작업번호:9993]
09:35:51:463;IMP;[DeleteJobMst] .. 정상 처리되었습니다. 작업번호[9993]
09:35:51:501;IMP;[GetJobCompleteReport] .. SIM MODE 작업 (완료)삭제 성공하였습니다. [작업번호:9993]
09:35:51:763;ERR;[GetJobCompleteReport] .. 작업 정보를 바르게 가져오지 못했습니다.[작업번호:9993]
09:35:52:870;IMP;[DeleteJobMst] .. 정상 처리되었습니다. 작업번호[9993]
09:35:52:948;IMP;[GetJobCompleteReport] .. SIM MODE 작업 (완료)삭제 성공하였습니다. [작업번호:9993]
09:35:53:138;ERR;[GetJobCompleteReport] .. 작업 정보를 바르게 가져오지 못했습니다.[작업번호:9993]
09:35:54:241;IMP;[DeleteJobMst] .. 정상 처리되었습니다. 작업번호[9993]
09:35:54:311;IMP;[GetJobCompleteReport] .. SIM MODE 작업 (완료)삭제 성공하였습니다. [작업번호:9993]
09:35:54:504;ERR;[GetJobCompleteReport] .. 작업 정보를 바르게 가져오지 못했습니다.[작업번호:9993]
09:35:55:603;IMP;[DeleteJobMst] .. 정상 처리되었습니다. 작업번호[9993]
09:35:55:637;IMP;[GetJobCompleteReport] .. SIM MODE 작업 (완료)삭제 성공하였습니다. [작업번호:9993]
09:35:55:813;ERR;[GetJobCompleteReport] .. 작업 정보를 바르게 가져오지 못했습니다.[작업번호:9993]
09:35:56:908;IMP;[DeleteJobMst] .. 정상 처리되었습니다. 작업번호[9993]
09:35:56:984;IMP;[GetJobCompleteReport] .. SIM MODE 작업 (완료)삭제 성공하였습니다. [작업번호:9993]
09:35:57:180;ERR;[GetJobCompleteReport] .. 작업 정보를 바르게 가져오지 못했습니다.[작업번호:9993]
09:35:58:279;IMP;[DeleteJobMst] .. 정상 처리되었습니다. 작업번호[9993]
09:35:58:318;IMP;[GetJobCompleteReport] .. SIM MODE 작업 (완료)삭제 성공하였습니다. [작업번호:9993]
09:35:58:490;ERR;[GetJobCompleteReport] .. 작업 정보를 바르게 가져오지 못했습니다.[작업번호:9993]
09:35:59:582;IMP;[DeleteJobMst] .. 정상 처리되었습니다. 작업번호[9993]
09:35:59:617;IMP;[GetJobCompleteReport] .. SIM MODE 작업 (완료)삭제 성공하였습니다. [작업번호:9993]
09:35:59:799;ERR;[GetJobCompleteReport] .. 작업 정보를 바르게 가져오지 못했습니다.[작업번호:9993]
09:36:00:900;IMP;[DeleteJobMst] .. 정상 처리되었습니다. 작업번호[9993]
09:36:01:032;IMP;[GetJobCompleteReport] .. SIM MODE 작업 (완료)삭제 성공하였습니다. [작업번호:9993]
09:36:01:225;ERR;[GetJobCompleteReport] .. 작업 정보를 바르게 가져오지 못했습니다.[작업번호:9993]
09:36:02:324;IMP;[DeleteJobMst] .. 정상 처리되었습니다. 작업번호[9993]
09:36:02:396;IMP;[GetJobCompleteReport] .. SIM MODE 작업 (완료)삭제 성공하였습니다. [작업번호:9993]
09:36:02:625;ERR;[GetJobCompleteReport] .. 작업 정보를 바르게 가져오지 못했습니다.[작업번호:9993]
09:36:03:743;IMP;[DeleteJobMst] .. 정상 처리되었습니다. 작업번호[9993]
09:36:03:803;IMP;[GetJobCompleteReport] .. SIM MODE 작업 (완료)삭제 성공하였습니다. [작업번호:9993]
09:36:03:991;ERR;[GetJobCompleteReport] .. 작업 정보를 바르게 가져오지 못했습니다.[작업번호:9993]
09:36:05:096;IMP;[DeleteJobMst] .. 정상 처리되었습니다. 작업번호[9993]
09:36:05:144;IMP;[GetJobCompleteReport] .. SIM MODE 작업 (완료)삭제 성공하였습니다. [작업번호:9993]
09:36:05:384;ERR;[GetJobCompleteReport] .. 작업 정보를 바르게 가져오지 못했습니다.[작업번호:9993]
09:36:06:467;IMP;[DeleteJobMst] .. 정상 처리되었습니다. 작업번호[9993]
09:36:06:474;IMP;[GetJobCompleteReport] .. SIM MODE 작업 (완료)삭제 성공하였습니다. [작업번호:9993]
09:36:06:639;ERR;[GetJobCompleteReport] .. 작업 정보를 바르게 가져오지 못했습니다.[작업번호:9993]
09:36:07:725;IMP;[DeleteJobMst] .. 정상 처리되었습니다. 작업번호[9993]
09:36:07:737;IMP;[GetJobCompleteReport] .. SIM MODE 작업 (완료)삭제 성공하였습니다. [작업번호:9993]
09:36:07:956;ERR;[GetJobCompleteReport] .. 작업 정보를 바르게 가져오지 못했습니다.[작업번호:9993]
09:36:09:038;IMP;[DeleteJobMst] .. 정상 처리되었습니다. 작업번호[9993]
09:36:09:055;IMP;[GetJobCompleteReport] .. SIM MODE 작업 (완료)삭제 성공하였습니다. [작업번호:9993]
09:36:09:237;ERR;[GetJobCompleteReport] .. 작업 정보를 바르게 가져오지 못했습니다.[작업번호:9993]
09:36:10:337;IMP;[DeleteJobMst] .. 정상 처리되었습니다. 작업번호[9993]
09:36:10:358;IMP;[GetJobCompleteReport] .. SIM MODE 작업 (완료)삭제 성공하였습니다. [작업번호:9993]
09:36:10:511;ERR;[GetJobCompleteReport] .. 작업 정보를 바르게 가져오지 못했습니다.[작업번호:9993]
09:36:11:617;IMP;[DeleteJobMst] .. 정상 처리되었습니다. 작업번호[9993]
09:36:11:641;IMP;[GetJobCompleteReport] .. SIM MODE 작업 (완료)삭제 성공하였습니다. [작업번호:9993]
09:36:11:812;ERR;[GetJobCompleteReport] .. 작업 정보를 바르게 가져오지 못했습니다.[작업번호:9993]
09:36:12:903;IMP;[DeleteJobMst] .. 정상 처리되었습니다. 작업번호[9993]
09:36:12:933;IMP;[GetJobCompleteReport] .. SIM MODE 작업 (완료)삭제 성공하였습니다. [작업번호:9993]
09:36:13:116;ERR;[GetJobCompleteReport] .. 작업 정보를 바르게 가져오지 못했습니다.[작업번호:9993]
09:36:14:217;IMP;[DeleteJobMst] .. 정상 처리되었습니다. 작업번호[9993]
09:36:14:287;IMP;[GetJobCompleteReport] .. SIM MODE 작업 (완료)삭제 성공하였습니다. [작업번호:9993]
09:36:14:476;ERR;[GetJobCompleteReport] .. 작업 정보를 바르게 가져오지 못했습니다.[작업번호:9993]
09:36:15:650;IMP;[DeleteJobMst] .. 정상 처리되었습니다. 작업번호[9993]
09:36:15:686;IMP;[GetJobCompleteReport] .. SIM MODE 작업 (완료)삭제 성공하였습니다. [작업번호:9993]
09:36:15:888;ERR;[GetJobCompleteReport] .. 작업 정보를 바르게 가져오지 못했습니다.[작업번호:9993]
09:36:16:987;IMP;[DeleteJobMst] .. 정상 처리되었습니다. 작업번호[9993]
09:36:17:020;IMP;[GetJobCompleteReport] .. SIM MODE 작업 (완료)삭제 성공하였습니다. [작업번호:9993]
09:36:17:243;ERR;[GetJobCompleteReport] .. 작업 정보를 바르게 가져오지 못했습니다.[작업번호:9993]
09:36:18:341;IMP;[DeleteJobMst] .. 정상 처리되었습니다. 작업번호[9993]
09:36:18:379;IMP;[GetJobCompleteReport] .. SIM MODE 작업 (완료)삭제 성공하였습니다. [작업번호:9993]
09:36:18:565;ERR;[GetJobCompleteReport] .. 작업 정보를 바르게 가져오지 못했습니다.[작업번호:9993]
09:36:19:661;IMP;[DeleteJobMst] .. 정상 처리되었습니다. 작업번호[9993]
09:36:19:699;IMP;[GetJobCompleteReport] .. SIM MODE 작업 (완료)삭제 성공하였습니다. [작업번호:9993]
09:36:19:865;ERR;[GetJobCompleteReport] .. 작업 정보를 바르게 가져오지 못했습니다.[작업번호:9993]
09:36:20:963;IMP;[DeleteJobMst] .. 정상 처리되었습니다. 작업번호[9993]
09:36:20:995;IMP;[GetJobCompleteReport] .. SIM MODE 작업 (완료)삭제 성공하였습니다. [작업번호:9993]
09:36:21:135;ERR;[GetJobCompleteReport] .. 작업 정보를 바르게 가져오지 못했습니다.[작업번호:9993]
09:36:22:230;IMP;[DeleteJobMst] .. 정상 처리되었습니다. 작업번호[9993]
09:36:22:266;IMP;[GetJobCompleteReport] .. SIM MODE 작업 (완료)삭제 성공하였습니다. [작업번호:9993]
09:36:22:334;ERR;[GetJobCompleteReport] .. 작업 정보를 바르게 가져오지 못했습니다.[작업번호:9993]
09:36:23:431;IMP;[DeleteJobMst] .. 정상 처리되었습니다. 작업번호[9993]
09:36:23:466;IMP;[GetJobCompleteReport] .. SIM MODE 작업 (완료)삭제 성공하였습니다. [작업번호:9993]
09:36:23:541;ERR;[GetJobCompleteReport] .. 작업 정보를 바르게 가져오지 못했습니다.[작업번호:9993]
09:36:24:681;IMP;[DeleteJobMst] .. 정상 처리되었습니다. 작업번호[9993]
09:36:24:714;IMP;[GetJobCompleteReport] .. SIM MODE 작업 (완료)삭제 성공하였습니다. [작업번호:9993]
09:36:24:806;ERR;[GetJobCompleteReport] .. 작업 정보를 바르게 가져오지 못했습니다.[작업번호:9993]
09:36:25:929;IMP;[DeleteJobMst] .. 정상 처리되었습니다. 작업번호[9993]
09:36:25:964;IMP;[GetJobCompleteReport] .. SIM MODE 작업 (완료)삭제 성공하였습니다. [작업번호:9993]
09:36:26:076;ERR;[GetJobCompleteReport] .. 작업 정보를 바르게 가져오지 못했습니다.[작업번호:9993]
09:36:27:192;IMP;[DeleteJobMst] .. 정상 처리되었습니다. 작업번호[9993]
09:36:27:248;IMP;[GetJobCompleteReport] .. SIM MODE 작업 (완료)삭제 성공하였습니다. [작업번호:9993]
09:36:27:323;ERR;[GetJobCompleteReport] .. 작업 정보를 바르게 가져오지 못했습니다.[작업번호:9993]
09:36:28:398;IMP;[DeleteJobMst] .. 정상 처리되었습니다. 작업번호[9993]
09:36:28:405;IMP;[GetJobCompleteReport] .. SIM MODE 작업 (완료)삭제 성공하였습니다. [작업번호:9993]
09:36:28:485;ERR;[GetJobCompleteReport] .. 작업 정보를 바르게 가져오지 못했습니다.[작업번호:9993]
09:36:29:569;IMP;[DeleteJobMst] .. 정상 처리되었습니다. 작업번호[9993]
09:36:29:584;IMP;[GetJobCompleteReport] .. SIM MODE 작업 (완료)삭제 성공하였습니다. [작업번호:9993]
09:36:29:672;ERR;[GetJobCompleteReport] .. 작업 정보를 바르게 가져오지 못했습니다.[작업번호:9993]
09:36:30:764;IMP;[DeleteJobMst] .. 정상 처리되었습니다. 작업번호[9993]
09:36:30:812;IMP;[GetJobCompleteReport] .. SIM MODE 작업 (완료)삭제 성공하였습니다. [작업번호:9993]
09:36:30:936;ERR;[GetJobCompleteReport] .. 작업 정보를 바르게 가져오지 못했습니다.[작업번호:9993]
09:36:32:012;IMP;[DeleteJobMst] .. 정상 처리되었습니다. 작업번호[9993]
09:36:32:055;IMP;[GetJobCompleteReport] .. SIM MODE 작업 (완료)삭제 성공하였습니다. [작업번호:9993]
09:36:32:180;ERR;[GetJobCompleteReport] .. 작업 정보를 바르게 가져오지 못했습니다.[작업번호:9993]
09:36:33:268;IMP;[DeleteJobMst] .. 정상 처리되었습니다. 작업번호[9993]
09:36:33:316;IMP;[GetJobCompleteReport] .. SIM MODE 작업 (완료)삭제 성공하였습니다. [작업번호:9993]
09:36:33:448;ERR;[GetJobCompleteReport] .. 작업 정보를 바르게 가져오지 못했습니다.[작업번호:9993]
09:36:34:544;IMP;[DeleteJobMst] .. 정상 처리되었습니다. 작업번호[9993]
09:36:34:573;IMP;[GetJobCompleteReport] .. SIM MODE 작업 (완료)삭제 성공하였습니다. [작업번호:9993]
09:36:34:715;ERR;[GetJobCompleteReport] .. 작업 정보를 바르게 가져오지 못했습니다.[작업번호:9993]
09:36:35:821;IMP;[DeleteJobMst] .. 정상 처리되었습니다. 작업번호[9993]
09:36:35:855;IMP;[GetJobCompleteReport] .. SIM MODE 작업 (완료)삭제 성공하였습니다. [작업번호:9993]
09:36:36:018;ERR;[GetJobCompleteReport] .. 작업 정보를 바르게 가져오지 못했습니다.[작업번호:9993]
09:36:37:122;IMP;[DeleteJobMst] .. 정상 처리되었습니다. 작업번호[9993]
09:36:37:155;IMP;[GetJobCompleteReport] .. SIM MODE 작업 (완료)삭제 성공하였습니다. [작업번호:9993]
09:36:37:305;ERR;[GetJobCompleteReport] .. 작업 정보를 바르게 가져오지 못했습니다.[작업번호:9993]
09:36:38:417;IMP;[DeleteJobMst] .. 정상 처리되었습니다. 작업번호[9993]
09:36:38:462;IMP;[GetJobCompleteReport] .. SIM MODE 작업 (완료)삭제 성공하였습니다. [작업번호:9993]
09:36:38:662;ERR;[GetJobCompleteReport] .. 작업 정보를 바르게 가져오지 못했습니다.[작업번호:9993]
09:36:39:760;IMP;[DeleteJobMst] .. 정상 처리되었습니다. 작업번호[9993]
09:36:39:795;IMP;[GetJobCompleteReport] .. SIM MODE 작업 (완료)삭제 성공하였습니다. [작업번호:9993]
09:36:39:957;ERR;[GetJobCompleteReport] .. 작업 정보를 바르게 가져오지 못했습니다.[작업번호:9993]
09:36:41:060;IMP;[DeleteJobMst] .. 정상 처리되었습니다. 작업번호[9993]
09:36:41:095;IMP;[GetJobCompleteReport] .. SIM MODE 작업 (완료)삭제 성공하였습니다. [작업번호:9993]
09:36:41:260;ERR;[GetJobCompleteReport] .. 작업 정보를 바르게 가져오지 못했습니다.[작업번호:9993]
09:36:42:358;IMP;[DeleteJobMst] .. 정상 처리되었습니다. 작업번호[9993]
09:36:42:392;IMP;[GetJobCompleteReport] .. SIM MODE 작업 (완료)삭제 성공하였습니다. [작업번호:9993]
09:36:42:613;ERR;[GetJobCompleteReport] .. 작업 정보를 바르게 가져오지 못했습니다.[작업번호:9993]
09:36:43:700;IMP;[DeleteJobMst] .. 정상 처리되었습니다. 작업번호[9993]
09:36:43:774;IMP;[GetJobCompleteReport] .. SIM MODE 작업 (완료)삭제 성공하였습니다. [작업번호:9993]
09:36:44:034;ERR;[GetJobCompleteReport] .. 작업 정보를 바르게 가져오지 못했습니다.[작업번호:9993]
09:36:45:137;IMP;[DeleteJobMst] .. 정상 처리되었습니다. 작업번호[9993]
09:36:45:172;IMP;[GetJobCompleteReport] .. SIM MODE 작업 (완료)삭제 성공하였습니다. [작업번호:9993]
09:36:45:338;ERR;[GetJobCompleteReport] .. 작업 정보를 바르게 가져오지 못했습니다.[작업번호:9993]
09:36:46:506;IMP;[DeleteJobMst] .. 정상 처리되었습니다. 작업번호[9993]
09:36:46:543;IMP;[GetJobCompleteReport] .. SIM MODE 작업 (완료)삭제 성공하였습니다. [작업번호:9993]
09:36:46:745;ERR;[GetJobCompleteReport] .. 작업 정보를 바르게 가져오지 못했습니다.[작업번호:9993]
09:36:47:835;IMP;[DeleteJobMst] .. 정상 처리되었습니다. 작업번호[9993]
09:36:47:871;IMP;[GetJobCompleteReport] .. SIM MODE 작업 (완료)삭제 성공하였습니다. [작업번호:9993]
09:36:48:078;ERR;[GetJobCompleteReport] .. 작업 정보를 바르게 가져오지 못했습니다.[작업번호:9993]
09:36:49:198;IMP;[DeleteJobMst] .. 정상 처리되었습니다. 작업번호[9993]
09:36:49:287;IMP;[GetJobCompleteReport] .. SIM MODE 작업 (완료)삭제 성공하였습니다. [작업번호:9993]
09:36:49:436;ERR;[GetJobCompleteReport] .. 작업 정보를 바르게 가져오지 못했습니다.[작업번호:9993]
09:36:50:510;IMP;[DeleteJobMst] .. 정상 처리되었습니다. 작업번호[9993]
09:36:50:516;IMP;[GetJobCompleteReport] .. SIM MODE 작업 (완료)삭제 성공하였습니다. [작업번호:9993]
09:36:50:692;ERR;[GetJobCompleteReport] .. 작업 정보를 바르게 가져오지 못했습니다.[작업번호:9993]
09:36:51:774;IMP;[DeleteJobMst] .. 정상 처리되었습니다. 작업번호[9993]
09:36:51:785;IMP;[GetJobCompleteReport] .. SIM MODE 작업 (완료)삭제 성공하였습니다. [작업번호:9993]
09:36:51:988;ERR;[GetJobCompleteReport] .. 작업 정보를 바르게 가져오지 못했습니다.[작업번호:9993]
09:36:53:070;IMP;[DeleteJobMst] .. 정상 처리되었습니다. 작업번호[9993]
09:36:53:101;IMP;[GetJobCompleteReport] .. SIM MODE 작업 (완료)삭제 성공하였습니다. [작업번호:9993]
09:36:53:332;ERR;[GetJobCompleteReport] .. 작업 정보를 바르게 가져오지 못했습니다.[작업번호:9993]
09:36:54:414;IMP;[DeleteJobMst] .. 정상 처리되었습니다. 작업번호[9993]
09:36:54:436;IMP;[GetJobCompleteReport] .. SIM MODE 작업 (완료)삭제 성공하였습니다. [작업번호:9993]
09:36:54:595;ERR;[GetJobCompleteReport] .. 작업 정보를 바르게 가져오지 못했습니다.[작업번호:9993]
09:36:55:669;IMP;[DeleteJobMst] .. 정상 처리되었습니다. 작업번호[9993]
09:36:55:695;IMP;[GetJobCompleteReport] .. SIM MODE 작업 (완료)삭제 성공하였습니다. [작업번호:9993]
09:36:55:856;ERR;[GetJobCompleteReport] .. 작업 정보를 바르게 가져오지 못했습니다.[작업번호:9993]
09:36:56:953;IMP;[DeleteJobMst] .. 정상 처리되었습니다. 작업번호[9993]
09:36:56:982;IMP;[GetJobCompleteReport] .. SIM MODE 작업 (완료)삭제 성공하였습니다. [작업번호:9993]
09:36:57:263;ERR;[GetJobCompleteReport] .. 작업 정보를 바르게 가져오지 못했습니다.[작업번호:9993]
09:36:58:365;IMP;[DeleteJobMst] .. 정상 처리되었습니다. 작업번호[9993]
09:36:58:436;IMP;[GetJobCompleteReport] .. SIM MODE 작업 (완료)삭제 성공하였습니다. [작업번호:9993]
09:36:58:649;ERR;[GetJobCompleteReport] .. 작업 정보를 바르게 가져오지 못했습니다.[작업번호:9993]
09:36:59:752;IMP;[DeleteJobMst] .. 정상 처리되었습니다. 작업번호[9993]
09:36:59:789;IMP;[GetJobCompleteReport] .. SIM MODE 작업 (완료)삭제 성공하였습니다. [작업번호:9993]
09:37:00:012;ERR;[GetJobCompleteReport] .. 작업 정보를 바르게 가져오지 못했습니다.[작업번호:9993]
09:37:01:107;IMP;[DeleteJobMst] .. 정상 처리되었습니다. 작업번호[9993]
09:37:01:140;IMP;[GetJobCompleteReport] .. SIM MODE 작업 (완료)삭제 성공하였습니다. [작업번호:9993]
09:37:01:320;ERR;[GetJobCompleteReport] .. 작업 정보를 바르게 가져오지 못했습니다.[작업번호:9993]
09:37:02:427;IMP;[DeleteJobMst] .. 정상 처리되었습니다. 작업번호[9993]
09:37:02:464;IMP;[GetJobCompleteReport] .. SIM MODE 작업 (완료)삭제 성공하였습니다. [작업번호:9993]
09:37:02:655;ERR;[GetJobCompleteReport] .. 작업 정보를 바르게 가져오지 못했습니다.[작업번호:9993]
09:37:03:811;IMP;[DeleteJobMst] .. 정상 처리되었습니다. 작업번호[9993]
09:37:03:845;IMP;[GetJobCompleteReport] .. SIM MODE 작업 (완료)삭제 성공하였습니다. [작업번호:9993]
09:37:04:108;ERR;[GetJobCompleteReport] .. 작업 정보를 바르게 가져오지 못했습니다.[작업번호:9993]
09:37:05:208;IMP;[DeleteJobMst] .. 정상 처리되었습니다. 작업번호[9993]
09:37:05:244;IMP;[GetJobCompleteReport] .. SIM MODE 작업 (완료)삭제 성공하였습니다. [작업번호:9993]
09:37:05:432;ERR;[GetJobCompleteReport] .. 작업 정보를 바르게 가져오지 못했습니다.[작업번호:9993]
09:37:06:526;IMP;[DeleteJobMst] .. 정상 처리되었습니다. 작업번호[9993]
09:37:06:559;IMP;[GetJobCompleteReport] .. SIM MODE 작업 (완료)삭제 성공하였습니다. [작업번호:9993]
09:37:06:734;ERR;[GetJobCompleteReport] .. 작업 정보를 바르게 가져오지 못했습니다.[작업번호:9993]
09:37:07:846;IMP;[DeleteJobMst] .. 정상 처리되었습니다. 작업번호[9993]
09:37:07:883;IMP;[GetJobCompleteReport] .. SIM MODE 작업 (완료)삭제 성공하였습니다. [작업번호:9993]
09:37:08:053;ERR;[GetJobCompleteReport] .. 작업 정보를 바르게 가져오지 못했습니다.[작업번호:9993]
09:37:09:153;IMP;[DeleteJobMst] .. 정상 처리되었습니다. 작업번호[9993]
09:37:09:185;IMP;[GetJobCompleteReport] .. SIM MODE 작업 (완료)삭제 성공하였습니다. [작업번호:9993]
09:37:09:471;ERR;[GetJobCompleteReport] .. 작업 정보를 바르게 가져오지 못했습니다.[작업번호:9993]
09:37:10:569;IMP;[DeleteJobMst] .. 정상 처리되었습니다. 작업번호[9993]
09:37:10:612;IMP;[GetJobCompleteReport] .. SIM MODE 작업 (완료)삭제 성공하였습니다. [작업번호:9993]
09:37:10:843;ERR;[GetJobCompleteReport] .. 작업 정보를 바르게 가져오지 못했습니다.[작업번호:9993]
09:37:11:940;IMP;[DeleteJobMst] .. 정상 처리되었습니다. 작업번호[9993]
09:37:11:993;IMP;[GetJobCompleteReport] .. SIM MODE 작업 (완료)삭제 성공하였습니다. [작업번호:9993]
09:37:12:163;ERR;[GetJobCompleteReport] .. 작업 정보를 바르게 가져오지 못했습니다.[작업번호:9993]
09:37:13:232;IMP;[DeleteJobMst] .. 정상 처리되었습니다. 작업번호[9993]
09:37:13:255;IMP;[GetJobCompleteReport] .. SIM MODE 작업 (완료)삭제 성공하였습니다. [작업번호:9993]
09:37:13:430;ERR;[GetJobCompleteReport] .. 작업 정보를 바르게 가져오지 못했습니다.[작업번호:9993]
09:37:14:497;IMP;[DeleteJobMst] .. 정상 처리되었습니다. 작업번호[9993]
09:37:14:508;IMP;[GetJobCompleteReport] .. SIM MODE 작업 (완료)삭제 성공하였습니다. [작업번호:9993]
09:37:14:691;ERR;[GetJobCompleteReport] .. 작업 정보를 바르게 가져오지 못했습니다.[작업번호:9993]
09:37:15:767;IMP;[DeleteJobMst] .. 정상 처리되었습니다. 작업번호[9993]
09:37:15:784;IMP;[GetJobCompleteReport] .. SIM MODE 작업 (완료)삭제 성공하였습니다. [작업번호:9993]
09:37:15:944;ERR;[GetJobCompleteReport] .. 작업 정보를 바르게 가져오지 못했습니다.[작업번호:9993]
09:37:17:020;IMP;[DeleteJobMst] .. 정상 처리되었습니다. 작업번호[9993]
09:37:17:038;IMP;[GetJobCompleteReport] .. SIM MODE 작업 (완료)삭제 성공하였습니다. [작업번호:9993]
09:37:17:196;ERR;[GetJobCompleteReport] .. 작업 정보를 바르게 가져오지 못했습니다.[작업번호:9993]
09:37:18:286;IMP;[DeleteJobMst] .. 정상 처리되었습니다. 작업번호[9993]
09:37:18:352;IMP;[GetJobCompleteReport] .. SIM MODE 작업 (완료)삭제 성공하였습니다. [작업번호:9993]
09:37:18:549;ERR;[GetJobCompleteReport] .. 작업 정보를 바르게 가져오지 못했습니다.[작업번호:9993]
09:37:19:639;IMP;[DeleteJobMst] .. 정상 처리되었습니다. 작업번호[9993]
09:37:19:668;IMP;[GetJobCompleteReport] .. SIM MODE 작업 (완료)삭제 성공하였습니다. [작업번호:9993]
09:37:19:859;ERR;[GetJobCompleteReport] .. 작업 정보를 바르게 가져오지 못했습니다.[작업번호:9993]
09:37:20:954;IMP;[DeleteJobMst] .. 정상 처리되었습니다. 작업번호[9993]
09:37:20:988;IMP;[GetJobCompleteReport] .. SIM MODE 작업 (완료)삭제 성공하였습니다. [작업번호:9993]
09:37:21:168;ERR;[GetJobCompleteReport] .. 작업 정보를 바르게 가져오지 못했습니다.[작업번호:9993]
09:37:22:299;IMP;[DeleteJobMst] .. 정상 처리되었습니다. 작업번호[9993]
09:37:22:379;IMP;[GetJobCompleteReport] .. SIM MODE 작업 (완료)삭제 성공하였습니다. [작업번호:9993]
09:37:22:572;ERR;[GetJobCompleteReport] .. 작업 정보를 바르게 가져오지 못했습니다.[작업번호:9993]
09:37:23:669;IMP;[DeleteJobMst] .. 정상 처리되었습니다. 작업번호[9993]
09:37:23:708;IMP;[GetJobCompleteReport] .. SIM MODE 작업 (완료)삭제 성공하였습니다. [작업번호:9993]
09:37:23:941;ERR;[GetJobCompleteReport] .. 작업 정보를 바르게 가져오지 못했습니다.[작업번호:9993]
09:37:25:064;IMP;[DeleteJobMst] .. 정상 처리되었습니다. 작업번호[9993]
09:37:25:098;IMP;[GetJobCompleteReport] .. SIM MODE 작업 (완료)삭제 성공하였습니다. [작업번호:9993]
09:37:25:277;ERR;[GetJobCompleteReport] .. 작업 정보를 바르게 가져오지 못했습니다.[작업번호:9993]
09:37:26:373;IMP;[DeleteJobMst] .. 정상 처리되었습니다. 작업번호[9993]
09:37:26:411;IMP;[GetJobCompleteReport] .. SIM MODE 작업 (완료)삭제 성공하였습니다. [작업번호:9993]
09:37:26:618;ERR;[GetJobCompleteReport] .. 작업 정보를 바르게 가져오지 못했습니다.[작업번호:9993]
09:37:27:792;IMP;[DeleteJobMst] .. 정상 처리되었습니다. 작업번호[9993]
09:37:27:830;IMP;[GetJobCompleteReport] .. SIM MODE 작업 (완료)삭제 성공하였습니다. [작업번호:9993]
09:37:27:972;ERR;[GetJobCompleteReport] .. 작업 정보를 바르게 가져오지 못했습니다.[작업번호:9993]
09:37:29:070;IMP;[DeleteJobMst] .. 정상 처리되었습니다. 작업번호[9993]
09:37:29:176;IMP;[GetJobCompleteReport] .. SIM MODE 작업 (완료)삭제 성공하였습니다. [작업번호:9993]
09:37:29:256;ERR;[GetJobCompleteReport] .. 작업 정보를 바르게 가져오지 못했습니다.[작업번호:9993]
09:37:30:360;IMP;[DeleteJobMst] .. 정상 처리되었습니다. 작업번호[9993]
09:37:30:397;IMP;[GetJobCompleteReport] .. SIM MODE 작업 (완료)삭제 성공하였습니다. [작업번호:9993]
09:37:30:469;ERR;[GetJobCompleteReport] .. 작업 정보를 바르게 가져오지 못했습니다.[작업번호:9993]
09:37:31:576;IMP;[DeleteJobMst] .. 정상 처리되었습니다. 작업번호[9993]
09:37:31:629;IMP;[GetJobCompleteReport] .. SIM MODE 작업 (완료)삭제 성공하였습니다. [작업번호:9993]
09:37:31:724;ERR;[GetJobCompleteReport] .. 작업 정보를 바르게 가져오지 못했습니다.[작업번호:9993]
09:37:32:865;IMP;[DeleteJobMst] .. 정상 처리되었습니다. 작업번호[9993]
09:37:32:904;IMP;[GetJobCompleteReport] .. SIM MODE 작업 (완료)삭제 성공하였습니다. [작업번호:9993]
09:37:33:030;ERR;[GetJobCompleteReport] .. 작업 정보를 바르게 가져오지 못했습니다.[작업번호:9993]
09:37:34:132;IMP;[DeleteJobMst] .. 정상 처리되었습니다. 작업번호[9993]
09:37:34:200;IMP;[GetJobCompleteReport] .. SIM MODE 작업 (완료)삭제 성공하였습니다. [작업번호:9993]
09:37:34:278;ERR;[GetJobCompleteReport] .. 작업 정보를 바르게 가져오지 못했습니다.[작업번호:9993]
09:37:35:358;IMP;[DeleteJobMst] .. 정상 처리되었습니다. 작업번호[9993]
09:37:35:364;IMP;[GetJobCompleteReport] .. SIM MODE 작업 (완료)삭제 성공하였습니다. [작업번호:9993]
09:37:35:459;ERR;[GetJobCompleteReport] .. 작업 정보를 바르게 가져오지 못했습니다.[작업번호:9993]
09:37:36:537;IMP;[DeleteJobMst] .. 정상 처리되었습니다. 작업번호[9993]
09:37:36:547;IMP;[GetJobCompleteReport] .. SIM MODE 작업 (완료)삭제 성공하였습니다. [작업번호:9993]
09:37:36:637;ERR;[GetJobCompleteReport] .. 작업 정보를 바르게 가져오지 못했습니다.[작업번호:9993]
09:37:37:718;IMP;[DeleteJobMst] .. 정상 처리되었습니다. 작업번호[9993]
09:37:37:734;IMP;[GetJobCompleteReport] .. SIM MODE 작업 (완료)삭제 성공하였습니다. [작업번호:9993]
09:37:37:846;ERR;[GetJobCompleteReport] .. 작업 정보를 바르게 가져오지 못했습니다.[작업번호:9993]
09:37:38:934;IMP;[DeleteJobMst] .. 정상 처리되었습니다. 작업번호[9993]
09:37:39:033;IMP;[GetJobCompleteReport] .. SIM MODE 작업 (완료)삭제 성공하였습니다. [작업번호:9993]
09:37:39:151;ERR;[GetJobCompleteReport] .. 작업 정보를 바르게 가져오지 못했습니다.[작업번호:9993]
09:37:40:246;IMP;[DeleteJobMst] .. 정상 처리되었습니다. 작업번호[9993]
09:37:40:272;IMP;[GetJobCompleteReport] .. SIM MODE 작업 (완료)삭제 성공하였습니다. [작업번호:9993]
09:37:40:698;ERR;[GetJobCompleteReport] .. 작업 정보를 바르게 가져오지 못했습니다.[작업번호:9993]
09:37:41:868;IMP;[DeleteJobMst] .. 정상 처리되었습니다. 작업번호[9993]
09:37:41:899;IMP;[GetJobCompleteReport] .. SIM MODE 작업 (완료)삭제 성공하였습니다. [작업번호:9993]
09:37:42:031;ERR;[GetJobCompleteReport] .. 작업 정보를 바르게 가져오지 못했습니다.[작업번호:9993]
09:37:43:144;IMP;[DeleteJobMst] .. 정상 처리되었습니다. 작업번호[9993]
09:37:43:179;IMP;[GetJobCompleteReport] .. SIM MODE 작업 (완료)삭제 성공하였습니다. [작업번호:9993]
09:37:43:329;ERR;[GetJobCompleteReport] .. 작업 정보를 바르게 가져오지 못했습니다.[작업번호:9993]
09:37:44:430;IMP;[DeleteJobMst] .. 정상 처리되었습니다. 작업번호[9993]
09:37:44:480;IMP;[GetJobCompleteReport] .. SIM MODE 작업 (완료)삭제 성공하였습니다. [작업번호:9993]
09:37:44:676;ERR;[GetJobCompleteReport] .. 작업 정보를 바르게 가져오지 못했습니다.[작업번호:9993]
09:37:45:808;IMP;[DeleteJobMst] .. 정상 처리되었습니다. 작업번호[9993]
09:37:45:873;IMP;[GetJobCompleteReport] .. SIM MODE 작업 (완료)삭제 성공하였습니다. [작업번호:9993]
09:37:46:045;ERR;[GetJobCompleteReport] .. 작업 정보를 바르게 가져오지 못했습니다.[작업번호:9993]
09:37:47:144;IMP;[DeleteJobMst] .. 정상 처리되었습니다. 작업번호[9993]
09:37:47:180;IMP;[GetJobCompleteReport] .. SIM MODE 작업 (완료)삭제 성공하였습니다. [작업번호:9993]
09:37:47:355;ERR;[GetJobCompleteReport] .. 작업 정보를 바르게 가져오지 못했습니다.[작업번호:9993]
09:37:48:451;IMP;[DeleteJobMst] .. 정상 처리되었습니다. 작업번호[9993]
09:37:48:488;IMP;[GetJobCompleteReport] .. SIM MODE 작업 (완료)삭제 성공하였습니다. [작업번호:9993]
09:37:48:648;ERR;[GetJobCompleteReport] .. 작업 정보를 바르게 가져오지 못했습니다.[작업번호:9993]
09:37:49:735;IMP;[DeleteJobMst] .. 정상 처리되었습니다. 작업번호[9993]
09:37:49:771;IMP;[GetJobCompleteReport] .. SIM MODE 작업 (완료)삭제 성공하였습니다. [작업번호:9993]
09:37:50:260;ERR;[GetJobCompleteReport] .. 작업 정보를 바르게 가져오지 못했습니다.[작업번호:9993]
09:37:51:367;IMP;[DeleteJobMst] .. 정상 처리되었습니다. 작업번호[9993]
09:37:51:411;IMP;[GetJobCompleteReport] .. SIM MODE 작업 (완료)삭제 성공하였습니다. [작업번호:9993]
09:37:51:616;ERR;[GetJobCompleteReport] .. 작업 정보를 바르게 가져오지 못했습니다.[작업번호:9993]
09:37:52:727;IMP;[DeleteJobMst] .. 정상 처리되었습니다. 작업번호[9993]
09:37:52:819;IMP;[GetJobCompleteReport] .. SIM MODE 작업 (완료)삭제 성공하였습니다. [작업번호:9993]
09:37:53:016;ERR;[GetJobCompleteReport] .. 작업 정보를 바르게 가져오지 못했습니다.[작업번호:9993]
09:37:54:106;IMP;[DeleteJobMst] .. 정상 처리되었습니다. 작업번호[9993]
09:37:54:151;IMP;[GetJobCompleteReport] .. SIM MODE 작업 (완료)삭제 성공하였습니다. [작업번호:9993]
09:37:54:337;ERR;[GetJobCompleteReport] .. 작업 정보를 바르게 가져오지 못했습니다.[작업번호:9993]
09:37:55:471;IMP;[DeleteJobMst] .. 정상 처리되었습니다. 작업번호[9993]
09:37:55:505;IMP;[GetJobCompleteReport] .. SIM MODE 작업 (완료)삭제 성공하였습니다. [작업번호:9993]
09:37:55:712;ERR;[GetJobCompleteReport] .. 작업 정보를 바르게 가져오지 못했습니다.[작업번호:9993]
09:37:56:827;IMP;[DeleteJobMst] .. 정상 처리되었습니다. 작업번호[9993]
09:37:56:911;IMP;[GetJobCompleteReport] .. SIM MODE 작업 (완료)삭제 성공하였습니다. [작업번호:9993]
09:37:57:072;ERR;[GetJobCompleteReport] .. 작업 정보를 바르게 가져오지 못했습니다.[작업번호:9993]
09:37:58:147;IMP;[DeleteJobMst] .. 정상 처리되었습니다. 작업번호[9993]
09:37:58:154;IMP;[GetJobCompleteReport] .. SIM MODE 작업 (완료)삭제 성공하였습니다. [작업번호:9993]
09:37:58:333;ERR;[GetJobCompleteReport] .. 작업 정보를 바르게 가져오지 못했습니다.[작업번호:9993]
09:37:59:407;IMP;[DeleteJobMst] .. 정상 처리되었습니다. 작업번호[9993]
09:37:59:419;IMP;[GetJobCompleteReport] .. SIM MODE 작업 (완료)삭제 성공하였습니다. [작업번호:9993]
09:37:59:580;ERR;[GetJobCompleteReport] .. 작업 정보를 바르게 가져오지 못했습니다.[작업번호:9993]
09:38:00:660;IMP;[DeleteJobMst] .. 정상 처리되었습니다. 작업번호[9993]
09:38:00:689;IMP;[GetJobCompleteReport] .. SIM MODE 작업 (완료)삭제 성공하였습니다. [작업번호:9993]
09:38:00:852;ERR;[GetJobCompleteReport] .. 작업 정보를 바르게 가져오지 못했습니다.[작업번호:9993]
09:38:01:931;IMP;[DeleteJobMst] .. 정상 처리되었습니다. 작업번호[9993]
09:38:01:953;IMP;[GetJobCompleteReport] .. SIM MODE 작업 (완료)삭제 성공하였습니다. [작업번호:9993]
09:38:02:121;ERR;[GetJobCompleteReport] .. 작업 정보를 바르게 가져오지 못했습니다.[작업번호:9993]
09:38:03:212;IMP;[DeleteJobMst] .. 정상 처리되었습니다. 작업번호[9993]
09:38:03:238;IMP;[GetJobCompleteReport] .. SIM MODE 작업 (완료)삭제 성공하였습니다. [작업번호:9993]
09:38:03:436;ERR;[GetJobCompleteReport] .. 작업 정보를 바르게 가져오지 못했습니다.[작업번호:9993]
09:38:04:533;IMP;[DeleteJobMst] .. 정상 처리되었습니다. 작업번호[9993]
09:38:04:587;IMP;[GetJobCompleteReport] .. SIM MODE 작업 (완료)삭제 성공하였습니다. [작업번호:9993]
09:38:04:764;ERR;[GetJobCompleteReport] .. 작업 정보를 바르게 가져오지 못했습니다.[작업번호:9993]
09:38:05:863;IMP;[DeleteJobMst] .. 정상 처리되었습니다. 작업번호[9993]
09:38:05:897;IMP;[GetJobCompleteReport] .. SIM MODE 작업 (완료)삭제 성공하였습니다. [작업번호:9993]
09:38:06:090;ERR;[GetJobCompleteReport] .. 작업 정보를 바르게 가져오지 못했습니다.[작업번호:9993]
09:38:07:203;IMP;[DeleteJobMst] .. 정상 처리되었습니다. 작업번호[9993]
09:38:07:237;IMP;[GetJobCompleteReport] .. SIM MODE 작업 (완료)삭제 성공하였습니다. [작업번호:9993]
09:38:07:435;ERR;[GetJobCompleteReport] .. 작업 정보를 바르게 가져오지 못했습니다.[작업번호:9993]
09:38:08:531;IMP;[DeleteJobMst] .. 정상 처리되었습니다. 작업번호[9993]
09:38:08:602;IMP;[GetJobCompleteReport] .. SIM MODE 작업 (완료)삭제 성공하였습니다. [작업번호:9993]
09:38:09:111;ERR;[GetJobCompleteReport] .. 작업 정보를 바르게 가져오지 못했습니다.[작업번호:9993]
09:38:10:218;IMP;[DeleteJobMst] .. 정상 처리되었습니다. 작업번호[9993]
09:38:10:256;IMP;[GetJobCompleteReport] .. SIM MODE 작업 (완료)삭제 성공하였습니다. [작업번호:9993]
09:38:10:438;ERR;[GetJobCompleteReport] .. 작업 정보를 바르게 가져오지 못했습니다.[작업번호:9993]
09:38:11:549;IMP;[DeleteJobMst] .. 정상 처리되었습니다. 작업번호[9993]
09:38:11:586;IMP;[GetJobCompleteReport] .. SIM MODE 작업 (완료)삭제 성공하였습니다. [작업번호:9993]
09:38:11:776;ERR;[GetJobCompleteReport] .. 작업 정보를 바르게 가져오지 못했습니다.[작업번호:9993]
09:38:12:882;IMP;[DeleteJobMst] .. 정상 처리되었습니다. 작업번호[9993]
09:38:12:916;IMP;[GetJobCompleteReport] .. SIM MODE 작업 (완료)삭제 성공하였습니다. [작업번호:9993]
09:38:13:156;ERR;[GetJobCompleteReport] .. 작업 정보를 바르게 가져오지 못했습니다.[작업번호:9993]
09:38:14:247;IMP;[DeleteJobMst] .. 정상 처리되었습니다. 작업번호[9993]
09:38:14:287;IMP;[GetJobCompleteReport] .. SIM MODE 작업 (완료)삭제 성공하였습니다. [작업번호:9993]
09:38:14:467;ERR;[GetJobCompleteReport] .. 작업 정보를 바르게 가져오지 못했습니다.[작업번호:9993]
09:38:15:563;IMP;[DeleteJobMst] .. 정상 처리되었습니다. 작업번호[9993]
09:38:15:600;IMP;[GetJobCompleteReport] .. SIM MODE 작업 (완료)삭제 성공하였습니다. [작업번호:9993]
09:38:15:795;ERR;[GetJobCompleteReport] .. 작업 정보를 바르게 가져오지 못했습니다.[작업번호:9993]
09:38:16:886;IMP;[DeleteJobMst] .. 정상 처리되었습니다. 작업번호[9993]
09:38:16:922;IMP;[GetJobCompleteReport] .. SIM MODE 작업 (완료)삭제 성공하였습니다. [작업번호:9993]
09:38:17:132;ERR;[GetJobCompleteReport] .. 작업 정보를 바르게 가져오지 못했습니다.[작업번호:9993]
09:38:18:231;IMP;[DeleteJobMst] .. 정상 처리되었습니다. 작업번호[9993]
09:38:18:268;IMP;[GetJobCompleteReport] .. SIM MODE 작업 (완료)삭제 성공하였습니다. [작업번호:9993]
09:38:18:458;ERR;[GetJobCompleteReport] .. 작업 정보를 바르게 가져오지 못했습니다.[작업번호:9993]
09:38:19:568;IMP;[DeleteJobMst] .. 정상 처리되었습니다. 작업번호[9993]
09:38:19:641;IMP;[GetJobCompleteReport] .. SIM MODE 작업 (완료)삭제 성공하였습니다. [작업번호:9993]
09:38:19:787;ERR;[GetJobCompleteReport] .. 작업 정보를 바르게 가져오지 못했습니다.[작업번호:9993]
09:38:20:864;IMP;[DeleteJobMst] .. 정상 처리되었습니다. 작업번호[9993]
09:38:20:870;IMP;[GetJobCompleteReport] .. SIM MODE 작업 (완료)삭제 성공하였습니다. [작업번호:9993]
09:38:21:064;ERR;[GetJobCompleteReport] .. 작업 정보를 바르게 가져오지 못했습니다.[작업번호:9993]
09:38:22:164;IMP;[DeleteJobMst] .. 정상 처리되었습니다. 작업번호[9993]
09:38:22:179;IMP;[GetJobCompleteReport] .. SIM MODE 작업 (완료)삭제 성공하였습니다. [작업번호:9993]
09:38:22:363;ERR;[GetJobCompleteReport] .. 작업 정보를 바르게 가져오지 못했습니다.[작업번호:9993]
09:38:23:443;IMP;[DeleteJobMst] .. 정상 처리되었습니다. 작업번호[9993]
09:38:23:460;IMP;[GetJobCompleteReport] .. SIM MODE 작업 (완료)삭제 성공하였습니다. [작업번호:9993]
09:38:23:703;ERR;[GetJobCompleteReport] .. 작업 정보를 바르게 가져오지 못했습니다.[작업번호:9993]
09:38:24:779;IMP;[DeleteJobMst] .. 정상 처리되었습니다. 작업번호[9993]
09:38:24:800;IMP;[GetJobCompleteReport] .. SIM MODE 작업 (완료)삭제 성공하였습니다. [작업번호:9993]
09:38:24:962;ERR;[GetJobCompleteReport] .. 작업 정보를 바르게 가져오지 못했습니다.[작업번호:9993]
09:38:26:064;IMP;[DeleteJobMst] .. 정상 처리되었습니다. 작업번호[9993]
09:38:26:091;IMP;[GetJobCompleteReport] .. SIM MODE 작업 (완료)삭제 성공하였습니다. [작업번호:9993]
09:38:26:264;ERR;[GetJobCompleteReport] .. 작업 정보를 바르게 가져오지 못했습니다.[작업번호:9993]
09:38:27:351;IMP;[DeleteJobMst] .. 정상 처리되었습니다. 작업번호[9993]
09:38:27:378;IMP;[GetJobCompleteReport] .. SIM MODE 작업 (완료)삭제 성공하였습니다. [작업번호:9993]
09:38:27:568;ERR;[GetJobCompleteReport] .. 작업 정보를 바르게 가져오지 못했습니다.[작업번호:9993]
09:38:28:687;IMP;[DeleteJobMst] .. 정상 처리되었습니다. 작업번호[9993]
09:38:28:720;IMP;[GetJobCompleteReport] .. SIM MODE 작업 (완료)삭제 성공하였습니다. [작업번호:9993]
09:38:28:899;ERR;[GetJobCompleteReport] .. 작업 정보를 바르게 가져오지 못했습니다.[작업번호:9993]
09:38:30:001;IMP;[DeleteJobMst] .. 정상 처리되었습니다. 작업번호[9993]
09:38:30:036;IMP;[GetJobCompleteReport] .. SIM MODE 작업 (완료)삭제 성공하였습니다. [작업번호:9993]
09:38:30:213;ERR;[GetJobCompleteReport] .. 작업 정보를 바르게 가져오지 못했습니다.[작업번호:9993]
09:38:31:319;IMP;[DeleteJobMst] .. 정상 처리되었습니다. 작업번호[9993]
09:38:31:355;IMP;[GetJobCompleteReport] .. SIM MODE 작업 (완료)삭제 성공하였습니다. [작업번호:9993]
09:38:31:586;ERR;[GetJobCompleteReport] .. 작업 정보를 바르게 가져오지 못했습니다.[작업번호:9993]
09:38:32:680;IMP;[DeleteJobMst] .. 정상 처리되었습니다. 작업번호[9993]
09:38:32:754;IMP;[GetJobCompleteReport] .. SIM MODE 작업 (완료)삭제 성공하였습니다. [작업번호:9993]
09:38:32:955;ERR;[GetJobCompleteReport] .. 작업 정보를 바르게 가져오지 못했습니다.[작업번호:9993]
09:38:34:056;IMP;[DeleteJobMst] .. 정상 처리되었습니다. 작업번호[9993]
09:38:34:091;IMP;[GetJobCompleteReport] .. SIM MODE 작업 (완료)삭제 성공하였습니다. [작업번호:9993]
09:38:34:265;ERR;[GetJobCompleteReport] .. 작업 정보를 바르게 가져오지 못했습니다.[작업번호:9993]
09:38:35:358;IMP;[DeleteJobMst] .. 정상 처리되었습니다. 작업번호[9993]
09:38:35:397;IMP;[GetJobCompleteReport] .. SIM MODE 작업 (완료)삭제 성공하였습니다. [작업번호:9993]
09:38:35:551;ERR;[GetJobCompleteReport] .. 작업 정보를 바르게 가져오지 못했습니다.[작업번호:9993]
09:38:36:647;IMP;[DeleteJobMst] .. 정상 처리되었습니다. 작업번호[9993]
09:38:36:683;IMP;[GetJobCompleteReport] .. SIM MODE 작업 (완료)삭제 성공하였습니다. [작업번호:9993]
09:38:36:755;ERR;[GetJobCompleteReport] .. 작업 정보를 바르게 가져오지 못했습니다.[작업번호:9993]
09:38:37:867;IMP;[DeleteJobMst] .. 정상 처리되었습니다. 작업번호[9993]
09:38:37:906;IMP;[GetJobCompleteReport] .. SIM MODE 작업 (완료)삭제 성공하였습니다. [작업번호:9993]
09:38:37:996;ERR;[GetJobCompleteReport] .. 작업 정보를 바르게 가져오지 못했습니다.[작업번호:9993]
09:38:39:099;IMP;[DeleteJobMst] .. 정상 처리되었습니다. 작업번호[9993]
09:38:39:135;IMP;[GetJobCompleteReport] .. SIM MODE 작업 (완료)삭제 성공하였습니다. [작업번호:9993]
09:38:39:220;ERR;[GetJobCompleteReport] .. 작업 정보를 바르게 가져오지 못했습니다.[작업번호:9993]
09:38:40:318;IMP;[DeleteJobMst] .. 정상 처리되었습니다. 작업번호[9993]
09:38:40:354;IMP;[GetJobCompleteReport] .. SIM MODE 작업 (완료)삭제 성공하였습니다. [작업번호:9993]
09:38:40:451;ERR;[GetJobCompleteReport] .. 작업 정보를 바르게 가져오지 못했습니다.[작업번호:9993]
09:38:41:547;IMP;[DeleteJobMst] .. 정상 처리되었습니다. 작업번호[9993]
09:38:41:600;IMP;[GetJobCompleteReport] .. SIM MODE 작업 (완료)삭제 성공하였습니다. [작업번호:9993]
09:38:41:670;ERR;[GetJobCompleteReport] .. 작업 정보를 바르게 가져오지 못했습니다.[작업번호:9993]
09:38:42:732;IMP;[DeleteJobMst] .. 정상 처리되었습니다. 작업번호[9993]
09:38:42:739;IMP;[GetJobCompleteReport] .. SIM MODE 작업 (완료)삭제 성공하였습니다. [작업번호:9993]
09:38:42:816;ERR;[GetJobCompleteReport] .. 작업 정보를 바르게 가져오지 못했습니다.[작업번호:9993]
09:38:43:891;IMP;[DeleteJobMst] .. 정상 처리되었습니다. 작업번호[9993]
09:38:43:914;IMP;[GetJobCompleteReport] .. SIM MODE 작업 (완료)삭제 성공하였습니다. [작업번호:9993]
09:38:44:006;ERR;[GetJobCompleteReport] .. 작업 정보를 바르게 가져오지 못했습니다.[작업번호:9993]
09:38:45:085;IMP;[DeleteJobMst] .. 정상 처리되었습니다. 작업번호[9993]
09:38:45:099;IMP;[GetJobCompleteReport] .. SIM MODE 작업 (완료)삭제 성공하였습니다. [작업번호:9993]
09:38:45:196;ERR;[GetJobCompleteReport] .. 작업 정보를 바르게 가져오지 못했습니다.[작업번호:9993]
09:38:46:284;IMP;[DeleteJobMst] .. 정상 처리되었습니다. 작업번호[9993]
09:38:46:306;IMP;[GetJobCompleteReport] .. SIM MODE 작업 (완료)삭제 성공하였습니다. [작업번호:9993]
09:38:46:712;ERR;[GetJobCompleteReport] .. 작업 정보를 바르게 가져오지 못했습니다.[작업번호:9993]
09:38:47:824;IMP;[DeleteJobMst] .. 정상 처리되었습니다. 작업번호[9993]
09:38:47:851;IMP;[GetJobCompleteReport] .. SIM MODE 작업 (완료)삭제 성공하였습니다. [작업번호:9993]
09:38:47:981;ERR;[GetJobCompleteReport] .. 작업 정보를 바르게 가져오지 못했습니다.[작업번호:9993]
09:38:49:076;IMP;[DeleteJobMst] .. 정상 처리되었습니다. 작업번호[9993]
09:38:49:104;IMP;[GetJobCompleteReport] .. SIM MODE 작업 (완료)삭제 성공하였습니다. [작업번호:9993]
09:38:49:301;ERR;[GetJobCompleteReport] .. 작업 정보를 바르게 가져오지 못했습니다.[작업번호:9993]
09:38:50:398;IMP;[DeleteJobMst] .. 정상 처리되었습니다. 작업번호[9993]
09:38:50:460;IMP;[GetJobCompleteReport] .. SIM MODE 작업 (완료)삭제 성공하였습니다. [작업번호:9993]
09:38:50:602;ERR;[GetJobCompleteReport] .. 작업 정보를 바르게 가져오지 못했습니다.[작업번호:9993]
09:38:51:696;IMP;[DeleteJobMst] .. 정상 처리되었습니다. 작업번호[9993]
09:38:51:737;IMP;[GetJobCompleteReport] .. SIM MODE 작업 (완료)삭제 성공하였습니다. [작업번호:9993]
09:38:51:877;ERR;[GetJobCompleteReport] .. 작업 정보를 바르게 가져오지 못했습니다.[작업번호:9993]
09:38:52:965;IMP;[DeleteJobMst] .. 정상 처리되었습니다. 작업번호[9993]
09:38:52:997;IMP;[GetJobCompleteReport] .. SIM MODE 작업 (완료)삭제 성공하였습니다. [작업번호:9993]
09:38:53:147;ERR;[GetJobCompleteReport] .. 작업 정보를 바르게 가져오지 못했습니다.[작업번호:9993]
09:38:54:243;IMP;[DeleteJobMst] .. 정상 처리되었습니다. 작업번호[9993]
09:38:54:279;IMP;[GetJobCompleteReport] .. SIM MODE 작업 (완료)삭제 성공하였습니다. [작업번호:9993]
09:38:54:470;ERR;[GetJobCompleteReport] .. 작업 정보를 바르게 가져오지 못했습니다.[작업번호:9993]
09:38:55:560;IMP;[DeleteJobMst] .. 정상 처리되었습니다. 작업번호[9993]
09:38:55:594;IMP;[GetJobCompleteReport] .. SIM MODE 작업 (완료)삭제 성공하였습니다. [작업번호:9993]
09:38:55:848;ERR;[GetJobCompleteReport] .. 작업 정보를 바르게 가져오지 못했습니다.[작업번호:9993]
09:38:56:987;IMP;[DeleteJobMst] .. 정상 처리되었습니다. 작업번호[9993]
09:38:57:025;IMP;[GetJobCompleteReport] .. SIM MODE 작업 (완료)삭제 성공하였습니다. [작업번호:9993]
09:38:57:183;ERR;[GetJobCompleteReport] .. 작업 정보를 바르게 가져오지 못했습니다.[작업번호:9993]
09:38:58:342;IMP;[DeleteJobMst] .. 정상 처리되었습니다. 작업번호[9993]
09:38:58:420;IMP;[GetJobCompleteReport] .. SIM MODE 작업 (완료)삭제 성공하였습니다. [작업번호:9993]
09:38:58:606;ERR;[GetJobCompleteReport] .. 작업 정보를 바르게 가져오지 못했습니다.[작업번호:9993]
09:38:59:695;IMP;[DeleteJobMst] .. 정상 처리되었습니다. 작업번호[9993]
09:38:59:731;IMP;[GetJobCompleteReport] .. SIM MODE 작업 (완료)삭제 성공하였습니다. [작업번호:9993]
09:38:59:900;ERR;[GetJobCompleteReport] .. 작업 정보를 바르게 가져오지 못했습니다.[작업번호:9993]
09:39:00:994;IMP;[DeleteJobMst] .. 정상 처리되었습니다. 작업번호[9993]
09:39:01:030;IMP;[GetJobCompleteReport] .. SIM MODE 작업 (완료)삭제 성공하였습니다. [작업번호:9993]
09:39:01:242;ERR;[GetJobCompleteReport] .. 작업 정보를 바르게 가져오지 못했습니다.[작업번호:9993]
09:39:02:340;IMP;[DeleteJobMst] .. 정상 처리되었습니다. 작업번호[9993]
09:39:02:417;IMP;[GetJobCompleteReport] .. SIM MODE 작업 (완료)삭제 성공하였습니다. [작업번호:9993]
09:39:02:599;ERR;[GetJobCompleteReport] .. 작업 정보를 바르게 가져오지 못했습니다.[작업번호:9993]
09:39:03:695;IMP;[DeleteJobMst] .. 정상 처리되었습니다. 작업번호[9993]
09:39:03:747;IMP;[GetJobCompleteReport] .. SIM MODE 작업 (완료)삭제 성공하였습니다. [작업번호:9993]
09:39:03:909;ERR;[GetJobCompleteReport] .. 작업 정보를 바르게 가져오지 못했습니다.[작업번호:9993]
09:39:04:973;IMP;[DeleteJobMst] .. 정상 처리되었습니다. 작업번호[9993]
09:39:04:980;IMP;[GetJobCompleteReport] .. SIM MODE 작업 (완료)삭제 성공하였습니다. [작업번호:9993]
09:39:05:130;ERR;[GetJobCompleteReport] .. 작업 정보를 바르게 가져오지 못했습니다.[작업번호:9993]
09:39:06:198;IMP;[DeleteJobMst] .. 정상 처리되었습니다. 작업번호[9993]
09:39:06:211;IMP;[GetJobCompleteReport] .. SIM MODE 작업 (완료)삭제 성공하였습니다. [작업번호:9993]
09:39:06:370;ERR;[GetJobCompleteReport] .. 작업 정보를 바르게 가져오지 못했습니다.[작업번호:9993]
09:39:07:441;IMP;[DeleteJobMst] .. 정상 처리되었습니다. 작업번호[9993]
09:39:07:458;IMP;[GetJobCompleteReport] .. SIM MODE 작업 (완료)삭제 성공하였습니다. [작업번호:9993]
09:39:07:628;ERR;[GetJobCompleteReport] .. 작업 정보를 바르게 가져오지 못했습니다.[작업번호:9993]
09:39:08:700;IMP;[DeleteJobMst] .. 정상 처리되었습니다. 작업번호[9993]
09:39:08:720;IMP;[GetJobCompleteReport] .. SIM MODE 작업 (완료)삭제 성공하였습니다. [작업번호:9993]
09:39:08:895;ERR;[GetJobCompleteReport] .. 작업 정보를 바르게 가져오지 못했습니다.[작업번호:9993]
09:39:09:980;IMP;[DeleteJobMst] .. 정상 처리되었습니다. 작업번호[9993]
09:39:10:003;IMP;[GetJobCompleteReport] .. SIM MODE 작업 (완료)삭제 성공하였습니다. [작업번호:9993]
09:39:10:224;ERR;[GetJobCompleteReport] .. 작업 정보를 바르게 가져오지 못했습니다.[작업번호:9993]
09:39:11:299;IMP;[DeleteJobMst] .. 정상 처리되었습니다. 작업번호[9993]
09:39:11:329;IMP;[GetJobCompleteReport] .. SIM MODE 작업 (완료)삭제 성공하였습니다. [작업번호:9993]
09:39:11:520;ERR;[GetJobCompleteReport] .. 작업 정보를 바르게 가져오지 못했습니다.[작업번호:9993]
09:39:12:629;IMP;[DeleteJobMst] .. 정상 처리되었습니다. 작업번호[9993]
09:39:12:701;IMP;[GetJobCompleteReport] .. SIM MODE 작업 (완료)삭제 성공하였습니다. [작업번호:9993]
09:39:12:875;ERR;[GetJobCompleteReport] .. 작업 정보를 바르게 가져오지 못했습니다.[작업번호:9993]
09:39:13:971;IMP;[DeleteJobMst] .. 정상 처리되었습니다. 작업번호[9993]
09:39:14:006;IMP;[GetJobCompleteReport] .. SIM MODE 작업 (완료)삭제 성공하였습니다. [작업번호:9993]
09:39:14:200;ERR;[GetJobCompleteReport] .. 작업 정보를 바르게 가져오지 못했습니다.[작업번호:9993]
09:39:15:287;IMP;[DeleteJobMst] .. 정상 처리되었습니다. 작업번호[9993]
09:39:15:321;IMP;[GetJobCompleteReport] .. SIM MODE 작업 (완료)삭제 성공하였습니다. [작업번호:9993]
09:39:15:517;ERR;[GetJobCompleteReport] .. 작업 정보를 바르게 가져오지 못했습니다.[작업번호:9993]
09:39:16:605;IMP;[DeleteJobMst] .. 정상 처리되었습니다. 작업번호[9993]
09:39:16:641;IMP;[GetJobCompleteReport] .. SIM MODE 작업 (완료)삭제 성공하였습니다. [작업번호:9993]
09:39:16:821;ERR;[GetJobCompleteReport] .. 작업 정보를 바르게 가져오지 못했습니다.[작업번호:9993]
09:39:17:909;IMP;[DeleteJobMst] .. 정상 처리되었습니다. 작업번호[9993]
09:39:17:944;IMP;[GetJobCompleteReport] .. SIM MODE 작업 (완료)삭제 성공하였습니다. [작업번호:9993]
09:39:18:150;ERR;[GetJobCompleteReport] .. 작업 정보를 바르게 가져오지 못했습니다.[작업번호:9993]
09:39:19:253;IMP;[DeleteJobMst] .. 정상 처리되었습니다. 작업번호[9993]
09:39:19:357;IMP;[GetJobCompleteReport] .. SIM MODE 작업 (완료)삭제 성공하였습니다. [작업번호:9993]
09:39:19:537;ERR;[GetJobCompleteReport] .. 작업 정보를 바르게 가져오지 못했습니다.[작업번호:9993]
09:39:20:628;IMP;[DeleteJobMst] .. 정상 처리되었습니다. 작업번호[9993]
09:39:20:662;IMP;[GetJobCompleteReport] .. SIM MODE 작업 (완료)삭제 성공하였습니다. [작업번호:9993]
09:39:20:846;ERR;[GetJobCompleteReport] .. 작업 정보를 바르게 가져오지 못했습니다.[작업번호:9993]
09:39:21:939;IMP;[DeleteJobMst] .. 정상 처리되었습니다. 작업번호[9993]
09:39:21:974;IMP;[GetJobCompleteReport] .. SIM MODE 작업 (완료)삭제 성공하였습니다. [작업번호:9993]
09:39:22:163;ERR;[GetJobCompleteReport] .. 작업 정보를 바르게 가져오지 못했습니다.[작업번호:9993]
09:39:23:253;IMP;[DeleteJobMst] .. 정상 처리되었습니다. 작업번호[9993]
09:39:23:291;IMP;[GetJobCompleteReport] .. SIM MODE 작업 (완료)삭제 성공하였습니다. [작업번호:9993]
09:39:23:476;ERR;[GetJobCompleteReport] .. 작업 정보를 바르게 가져오지 못했습니다.[작업번호:9993]
09:39:24:573;IMP;[DeleteJobMst] .. 정상 처리되었습니다. 작업번호[9993]
09:39:24:612;IMP;[GetJobCompleteReport] .. SIM MODE 작업 (완료)삭제 성공하였습니다. [작업번호:9993]
09:39:24:860;ERR;[GetJobCompleteReport] .. 작업 정보를 바르게 가져오지 못했습니다.[작업번호:9993]
09:39:25:961;IMP;[DeleteJobMst] .. 정상 처리되었습니다. 작업번호[9993]
09:39:26:066;IMP;[GetJobCompleteReport] .. SIM MODE 작업 (완료)삭제 성공하였습니다. [작업번호:9993]
09:39:26:222;ERR;[GetJobCompleteReport] .. 작업 정보를 바르게 가져오지 못했습니다.[작업번호:9993]
09:39:27:289;IMP;[DeleteJobMst] .. 정상 처리되었습니다. 작업번호[9993]
09:39:27:297;IMP;[GetJobCompleteReport] .. SIM MODE 작업 (완료)삭제 성공하였습니다. [작업번호:9993]
09:39:27:485;ERR;[GetJobCompleteReport] .. 작업 정보를 바르게 가져오지 못했습니다.[작업번호:9993]
09:39:28:548;IMP;[DeleteJobMst] .. 정상 처리되었습니다. 작업번호[9993]
09:39:28:559;IMP;[GetJobCompleteReport] .. SIM MODE 작업 (완료)삭제 성공하였습니다. [작업번호:9993]
09:39:28:715;ERR;[GetJobCompleteReport] .. 작업 정보를 바르게 가져오지 못했습니다.[작업번호:9993]
09:39:29:800;IMP;[DeleteJobMst] .. 정상 처리되었습니다. 작업번호[9993]
09:39:29:816;IMP;[GetJobCompleteReport] .. SIM MODE 작업 (완료)삭제 성공하였습니다. [작업번호:9993]
09:39:29:988;ERR;[GetJobCompleteReport] .. 작업 정보를 바르게 가져오지 못했습니다.[작업번호:9993]
09:39:31:089;IMP;[DeleteJobMst] .. 정상 처리되었습니다. 작업번호[9993]
09:39:31:108;IMP;[GetJobCompleteReport] .. SIM MODE 작업 (완료)삭제 성공하였습니다. [작업번호:9993]
09:39:31:322;ERR;[GetJobCompleteReport] .. 작업 정보를 바르게 가져오지 못했습니다.[작업번호:9993]
09:39:32:407;IMP;[DeleteJobMst] .. 정상 처리되었습니다. 작업번호[9993]
09:39:32:432;IMP;[GetJobCompleteReport] .. SIM MODE 작업 (완료)삭제 성공하였습니다. [작업번호:9993]
09:39:32:601;ERR;[GetJobCompleteReport] .. 작업 정보를 바르게 가져오지 못했습니다.[작업번호:9993]
09:39:33:695;IMP;[DeleteJobMst] .. 정상 처리되었습니다. 작업번호[9993]
09:39:33:726;IMP;[GetJobCompleteReport] .. SIM MODE 작업 (완료)삭제 성공하였습니다. [작업번호:9993]
09:39:33:916;ERR;[GetJobCompleteReport] .. 작업 정보를 바르게 가져오지 못했습니다.[작업번호:9993]
09:39:35:001;IMP;[DeleteJobMst] .. 정상 처리되었습니다. 작업번호[9993]
09:39:35:034;IMP;[GetJobCompleteReport] .. SIM MODE 작업 (완료)삭제 성공하였습니다. [작업번호:9993]
09:39:35:206;ERR;[GetJobCompleteReport] .. 작업 정보를 바르게 가져오지 못했습니다.[작업번호:9993]
09:39:36:328;IMP;[DeleteJobMst] .. 정상 처리되었습니다. 작업번호[9993]
09:39:36:365;IMP;[GetJobCompleteReport] .. SIM MODE 작업 (완료)삭제 성공하였습니다. [작업번호:9993]
09:39:36:621;ERR;[GetJobCompleteReport] .. 작업 정보를 바르게 가져오지 못했습니다.[작업번호:9993]
09:39:37:712;IMP;[DeleteJobMst] .. 정상 처리되었습니다. 작업번호[9993]
09:39:37:750;IMP;[GetJobCompleteReport] .. SIM MODE 작업 (완료)삭제 성공하였습니다. [작업번호:9993]
09:39:37:975;ERR;[GetJobCompleteReport] .. 작업 정보를 바르게 가져오지 못했습니다.[작업번호:9993]
09:39:39:074;IMP;[DeleteJobMst] .. 정상 처리되었습니다. 작업번호[9993]
09:39:39:111;IMP;[GetJobCompleteReport] .. SIM MODE 작업 (완료)삭제 성공하였습니다. [작업번호:9993]
09:39:39:296;ERR;[GetJobCompleteReport] .. 작업 정보를 바르게 가져오지 못했습니다.[작업번호:9993]
09:39:40:395;IMP;[DeleteJobMst] .. 정상 처리되었습니다. 작업번호[9993]
09:39:40:428;IMP;[GetJobCompleteReport] .. SIM MODE 작업 (완료)삭제 성공하였습니다. [작업번호:9993]
09:39:40:606;ERR;[GetJobCompleteReport] .. 작업 정보를 바르게 가져오지 못했습니다.[작업번호:9993]
09:39:41:713;IMP;[DeleteJobMst] .. 정상 처리되었습니다. 작업번호[9993]
09:39:41:749;IMP;[GetJobCompleteReport] .. SIM MODE 작업 (완료)삭제 성공하였습니다. [작업번호:9993]
09:39:41:933;ERR;[GetJobCompleteReport] .. 작업 정보를 바르게 가져오지 못했습니다.[작업번호:9993]
09:39:43:024;IMP;[DeleteJobMst] .. 정상 처리되었습니다. 작업번호[9993]
09:39:43:056;IMP;[GetJobCompleteReport] .. SIM MODE 작업 (완료)삭제 성공하였습니다. [작업번호:9993]
09:39:43:130;ERR;[GetJobCompleteReport] .. 작업 정보를 바르게 가져오지 못했습니다.[작업번호:9993]
09:39:44:223;IMP;[DeleteJobMst] .. 정상 처리되었습니다. 작업번호[9993]
09:39:44:257;IMP;[GetJobCompleteReport] .. SIM MODE 작업 (완료)삭제 성공하였습니다. [작업번호:9993]
09:39:44:358;ERR;[GetJobCompleteReport] .. 작업 정보를 바르게 가져오지 못했습니다.[작업번호:9993]
09:39:45:459;IMP;[DeleteJobMst] .. 정상 처리되었습니다. 작업번호[9993]
09:39:45:509;IMP;[GetJobCompleteReport] .. SIM MODE 작업 (완료)삭제 성공하였습니다. [작업번호:9993]
09:39:45:628;ERR;[GetJobCompleteReport] .. 작업 정보를 바르게 가져오지 못했습니다.[작업번호:9993]
09:39:46:727;IMP;[DeleteJobMst] .. 정상 처리되었습니다. 작업번호[9993]
09:39:46:811;IMP;[GetJobCompleteReport] .. SIM MODE 작업 (완료)삭제 성공하였습니다. [작업번호:9993]
09:39:46:958;ERR;[GetJobCompleteReport] .. 작업 정보를 바르게 가져오지 못했습니다.[작업번호:9993]
09:39:48:070;IMP;[DeleteJobMst] .. 정상 처리되었습니다. 작업번호[9993]
09:39:48:135;IMP;[GetJobCompleteReport] .. SIM MODE 작업 (완료)삭제 성공하였습니다. [작업번호:9993]
09:39:48:214;ERR;[GetJobCompleteReport] .. 작업 정보를 바르게 가져오지 못했습니다.[작업번호:9993]
09:39:49:296;IMP;[DeleteJobMst] .. 정상 처리되었습니다. 작업번호[9993]
09:39:49:303;IMP;[GetJobCompleteReport] .. SIM MODE 작업 (완료)삭제 성공하였습니다. [작업번호:9993]
09:39:49:378;ERR;[GetJobCompleteReport] .. 작업 정보를 바르게 가져오지 못했습니다.[작업번호:9993]
09:39:50:450;IMP;[DeleteJobMst] .. 정상 처리되었습니다. 작업번호[9993]
09:39:50:461;IMP;[GetJobCompleteReport] .. SIM MODE 작업 (완료)삭제 성공하였습니다. [작업번호:9993]
09:39:50:552;ERR;[GetJobCompleteReport] .. 작업 정보를 바르게 가져오지 못했습니다.[작업번호:9993]
09:39:51:634;IMP;[DeleteJobMst] .. 정상 처리되었습니다. 작업번호[9993]
09:39:51:652;IMP;[GetJobCompleteReport] .. SIM MODE 작업 (완료)삭제 성공하였습니다. [작업번호:9993]
09:39:51:767;ERR;[GetJobCompleteReport] .. 작업 정보를 바르게 가져오지 못했습니다.[작업번호:9993]
09:39:52:847;IMP;[DeleteJobMst] .. 정상 처리되었습니다. 작업번호[9993]
09:39:52:867;IMP;[GetJobCompleteReport] .. SIM MODE 작업 (완료)삭제 성공하였습니다. [작업번호:9993]
09:39:52:969;ERR;[GetJobCompleteReport] .. 작업 정보를 바르게 가져오지 못했습니다.[작업번호:9993]
09:39:54:058;IMP;[DeleteJobMst] .. 정상 처리되었습니다. 작업번호[9993]
09:39:54:083;IMP;[GetJobCompleteReport] .. SIM MODE 작업 (완료)삭제 성공하였습니다. [작업번호:9993]
09:39:54:205;ERR;[GetJobCompleteReport] .. 작업 정보를 바르게 가져오지 못했습니다.[작업번호:9993]
09:39:55:312;IMP;[DeleteJobMst] .. 정상 처리되었습니다. 작업번호[9993]
09:39:55:344;IMP;[GetJobCompleteReport] .. SIM MODE 작업 (완료)삭제 성공하였습니다. [작업번호:9993]
09:39:55:481;ERR;[GetJobCompleteReport] .. 작업 정보를 바르게 가져오지 못했습니다.[작업번호:9993]
09:39:56:570;IMP;[DeleteJobMst] .. 정상 처리되었습니다. 작업번호[9993]
09:39:56:603;IMP;[GetJobCompleteReport] .. SIM MODE 작업 (완료)삭제 성공하였습니다. [작업번호:9993]
09:39:56:730;ERR;[GetJobCompleteReport] .. 작업 정보를 바르게 가져오지 못했습니다.[작업번호:9993]
09:39:57:829;IMP;[DeleteJobMst] .. 정상 처리되었습니다. 작업번호[9993]
09:39:57:871;IMP;[GetJobCompleteReport] .. SIM MODE 작업 (완료)삭제 성공하였습니다. [작업번호:9993]
09:39:58:013;ERR;[GetJobCompleteReport] .. 작업 정보를 바르게 가져오지 못했습니다.[작업번호:9993]
09:39:59:104;IMP;[DeleteJobMst] .. 정상 처리되었습니다. 작업번호[9993]
09:39:59:140;IMP;[GetJobCompleteReport] .. SIM MODE 작업 (완료)삭제 성공하였습니다. [작업번호:9993]
09:39:59:284;ERR;[GetJobCompleteReport] .. 작업 정보를 바르게 가져오지 못했습니다.[작업번호:9993]
09:40:00:385;IMP;[DeleteJobMst] .. 정상 처리되었습니다. 작업번호[9993]
09:40:00:421;IMP;[GetJobCompleteReport] .. SIM MODE 작업 (완료)삭제 성공하였습니다. [작업번호:9993]
09:40:00:583;ERR;[GetJobCompleteReport] .. 작업 정보를 바르게 가져오지 못했습니다.[작업번호:9993]
09:40:01:674;IMP;[DeleteJobMst] .. 정상 처리되었습니다. 작업번호[9993]
09:40:01:741;IMP;[GetJobCompleteReport] .. SIM MODE 작업 (완료)삭제 성공하였습니다. [작업번호:9993]
09:40:01:916;ERR;[GetJobCompleteReport] .. 작업 정보를 바르게 가져오지 못했습니다.[작업번호:9993]
09:40:03:031;IMP;[DeleteJobMst] .. 정상 처리되었습니다. 작업번호[9993]
09:40:03:065;IMP;[GetJobCompleteReport] .. SIM MODE 작업 (완료)삭제 성공하였습니다. [작업번호:9993]
09:40:03:251;ERR;[GetJobCompleteReport] .. 작업 정보를 바르게 가져오지 못했습니다.[작업번호:9993]
09:40:04:352;IMP;[DeleteJobMst] .. 정상 처리되었습니다. 작업번호[9993]
09:40:04:387;IMP;[GetJobCompleteReport] .. SIM MODE 작업 (완료)삭제 성공하였습니다. [작업번호:9993]
09:40:04:571;ERR;[GetJobCompleteReport] .. 작업 정보를 바르게 가져오지 못했습니다.[작업번호:9993]
09:40:05:668;IMP;[DeleteJobMst] .. 정상 처리되었습니다. 작업번호[9993]
09:40:05:701;IMP;[GetJobCompleteReport] .. SIM MODE 작업 (완료)삭제 성공하였습니다. [작업번호:9993]
09:40:05:876;ERR;[GetJobCompleteReport] .. 작업 정보를 바르게 가져오지 못했습니다.[작업번호:9993]
09:40:06:964;IMP;[DeleteJobMst] .. 정상 처리되었습니다. 작업번호[9993]
09:40:07:036;IMP;[GetJobCompleteReport] .. SIM MODE 작업 (완료)삭제 성공하였습니다. [작업번호:9993]
09:40:07:224;ERR;[GetJobCompleteReport] .. 작업 정보를 바르게 가져오지 못했습니다.[작업번호:9993]
09:40:08:327;IMP;[DeleteJobMst] .. 정상 처리되었습니다. 작업번호[9993]
09:40:08:363;IMP;[GetJobCompleteReport] .. SIM MODE 작업 (완료)삭제 성공하였습니다. [작업번호:9993]
09:40:08:546;ERR;[GetJobCompleteReport] .. 작업 정보를 바르게 가져오지 못했습니다.[작업번호:9993]
09:40:09:639;IMP;[DeleteJobMst] .. 정상 처리되었습니다. 작업번호[9993]
09:40:09:702;IMP;[GetJobCompleteReport] .. SIM MODE 작업 (완료)삭제 성공하였습니다. [작업번호:9993]
09:40:09:845;ERR;[GetJobCompleteReport] .. 작업 정보를 바르게 가져오지 못했습니다.[작업번호:9993]
09:40:10:922;IMP;[DeleteJobMst] .. 정상 처리되었습니다. 작업번호[9993]
09:40:10:928;IMP;[GetJobCompleteReport] .. SIM MODE 작업 (완료)삭제 성공하였습니다. [작업번호:9993]
09:40:11:075;ERR;[GetJobCompleteReport] .. 작업 정보를 바르게 가져오지 못했습니다.[작업번호:9993]
09:40:12:152;IMP;[DeleteJobMst] .. 정상 처리되었습니다. 작업번호[9993]
09:40:12:164;IMP;[GetJobCompleteReport] .. SIM MODE 작업 (완료)삭제 성공하였습니다. [작업번호:9993]
09:40:12:324;ERR;[GetJobCompleteReport] .. 작업 정보를 바르게 가져오지 못했습니다.[작업번호:9993]
09:40:13:400;IMP;[DeleteJobMst] .. 정상 처리되었습니다. 작업번호[9993]
09:40:13:426;IMP;[GetJobCompleteReport] .. SIM MODE 작업 (완료)삭제 성공하였습니다. [작업번호:9993]
09:40:13:601;ERR;[GetJobCompleteReport] .. 작업 정보를 바르게 가져오지 못했습니다.[작업번호:9993]
09:40:14:682;IMP;[DeleteJobMst] .. 정상 처리되었습니다. 작업번호[9993]
09:40:14:704;IMP;[GetJobCompleteReport] .. SIM MODE 작업 (완료)삭제 성공하였습니다. [작업번호:9993]
09:40:14:874;ERR;[GetJobCompleteReport] .. 작업 정보를 바르게 가져오지 못했습니다.[작업번호:9993]
09:40:15:968;IMP;[DeleteJobMst] .. 정상 처리되었습니다. 작업번호[9993]
09:40:15:995;IMP;[GetJobCompleteReport] .. SIM MODE 작업 (완료)삭제 성공하였습니다. [작업번호:9993]
09:40:16:181;ERR;[GetJobCompleteReport] .. 작업 정보를 바르게 가져오지 못했습니다.[작업번호:9993]
09:40:17:274;IMP;[DeleteJobMst] .. 정상 처리되었습니다. 작업번호[9993]
09:40:17:301;IMP;[GetJobCompleteReport] .. SIM MODE 작업 (완료)삭제 성공하였습니다. [작업번호:9993]
09:40:17:507;ERR;[GetJobCompleteReport] .. 작업 정보를 바르게 가져오지 못했습니다.[작업번호:9993]
09:40:18:624;IMP;[DeleteJobMst] .. 정상 처리되었습니다. 작업번호[9993]
09:40:18:690;IMP;[GetJobCompleteReport] .. SIM MODE 작업 (완료)삭제 성공하였습니다. [작업번호:9993]
09:40:18:892;ERR;[GetJobCompleteReport] .. 작업 정보를 바르게 가져오지 못했습니다.[작업번호:9993]
09:40:19:990;IMP;[DeleteJobMst] .. 정상 처리되었습니다. 작업번호[9993]
09:40:20:031;IMP;[GetJobCompleteReport] .. SIM MODE 작업 (완료)삭제 성공하였습니다. [작업번호:9993]
09:40:20:225;ERR;[GetJobCompleteReport] .. 작업 정보를 바르게 가져오지 못했습니다.[작업번호:9993]
09:40:21:327;IMP;[DeleteJobMst] .. 정상 처리되었습니다. 작업번호[9993]
09:40:21:358;IMP;[GetJobCompleteReport] .. SIM MODE 작업 (완료)삭제 성공하였습니다. [작업번호:9993]
09:40:21:619;ERR;[GetJobCompleteReport] .. 작업 정보를 바르게 가져오지 못했습니다.[작업번호:9993]
09:40:22:725;IMP;[DeleteJobMst] .. 정상 처리되었습니다. 작업번호[9993]
09:40:22:760;IMP;[GetJobCompleteReport] .. SIM MODE 작업 (완료)삭제 성공하였습니다. [작업번호:9993]
09:40:22:966;ERR;[GetJobCompleteReport] .. 작업 정보를 바르게 가져오지 못했습니다.[작업번호:9993]
09:40:24:066;IMP;[DeleteJobMst] .. 정상 처리되었습니다. 작업번호[9993]
09:40:24:102;IMP;[GetJobCompleteReport] .. SIM MODE 작업 (완료)삭제 성공하였습니다. [작업번호:9993]
09:40:24:288;ERR;[GetJobCompleteReport] .. 작업 정보를 바르게 가져오지 못했습니다.[작업번호:9993]
09:40:25:386;IMP;[DeleteJobMst] .. 정상 처리되었습니다. 작업번호[9993]
09:40:25:451;IMP;[GetJobCompleteReport] .. SIM MODE 작업 (완료)삭제 성공하였습니다. [작업번호:9993]
09:40:25:699;ERR;[GetJobCompleteReport] .. 작업 정보를 바르게 가져오지 못했습니다.[작업번호:9993]
09:40:26:811;IMP;[DeleteJobMst] .. 정상 처리되었습니다. 작업번호[9993]
09:40:26:878;IMP;[GetJobCompleteReport] .. SIM MODE 작업 (완료)삭제 성공하였습니다. [작업번호:9993]
09:40:27:069;ERR;[GetJobCompleteReport] .. 작업 정보를 바르게 가져오지 못했습니다.[작업번호:9993]
09:40:28:163;IMP;[DeleteJobMst] .. 정상 처리되었습니다. 작업번호[9993]
09:40:28:202;IMP;[GetJobCompleteReport] .. SIM MODE 작업 (완료)삭제 성공하였습니다. [작업번호:9993]
09:40:28:403;ERR;[GetJobCompleteReport] .. 작업 정보를 바르게 가져오지 못했습니다.[작업번호:9993]
09:40:29:498;IMP;[DeleteJobMst] .. 정상 처리되었습니다. 작업번호[9993]
09:40:29:532;IMP;[GetJobCompleteReport] .. SIM MODE 작업 (완료)삭제 성공하였습니다. [작업번호:9993]
09:40:29:758;ERR;[GetJobCompleteReport] .. 작업 정보를 바르게 가져오지 못했습니다.[작업번호:9993]
09:40:30:860;IMP;[DeleteJobMst] .. 정상 처리되었습니다. 작업번호[9993]
09:40:30:899;IMP;[GetJobCompleteReport] .. SIM MODE 작업 (완료)삭제 성공하였습니다. [작업번호:9993]
09:40:31:081;ERR;[GetJobCompleteReport] .. 작업 정보를 바르게 가져오지 못했습니다.[작업번호:9993]
09:40:32:185;IMP;[DeleteJobMst] .. 정상 처리되었습니다. 작업번호[9993]
09:40:32:241;IMP;[GetJobCompleteReport] .. SIM MODE 작업 (완료)삭제 성공하였습니다. [작업번호:9993]
09:40:32:389;ERR;[GetJobCompleteReport] .. 작업 정보를 바르게 가져오지 못했습니다.[작업번호:9993]
09:40:33:466;IMP;[DeleteJobMst] .. 정상 처리되었습니다. 작업번호[9993]
09:40:33:484;IMP;[GetJobCompleteReport] .. SIM MODE 작업 (완료)삭제 성공하였습니다. [작업번호:9993]
09:40:33:646;ERR;[GetJobCompleteReport] .. 작업 정보를 바르게 가져오지 못했습니다.[작업번호:9993]
09:40:34:720;IMP;[DeleteJobMst] .. 정상 처리되었습니다. 작업번호[9993]
09:40:34:731;IMP;[GetJobCompleteReport] .. SIM MODE 작업 (완료)삭제 성공하였습니다. [작업번호:9993]
09:40:34:886;ERR;[GetJobCompleteReport] .. 작업 정보를 바르게 가져오지 못했습니다.[작업번호:9993]
09:40:35:978;IMP;[DeleteJobMst] .. 정상 처리되었습니다. 작업번호[9993]
09:40:36:038;IMP;[GetJobCompleteReport] .. SIM MODE 작업 (완료)삭제 성공하였습니다. [작업번호:9993]
09:40:36:228;ERR;[GetJobCompleteReport] .. 작업 정보를 바르게 가져오지 못했습니다.[작업번호:9993]
09:40:37:316;IMP;[DeleteJobMst] .. 정상 처리되었습니다. 작업번호[9993]
09:40:37:359;IMP;[GetJobCompleteReport] .. SIM MODE 작업 (완료)삭제 성공하였습니다. [작업번호:9993]
09:40:37:541;ERR;[GetJobCompleteReport] .. 작업 정보를 바르게 가져오지 못했습니다.[작업번호:9993]
09:40:38:653;IMP;[DeleteJobMst] .. 정상 처리되었습니다. 작업번호[9993]
09:40:38:679;IMP;[GetJobCompleteReport] .. SIM MODE 작업 (완료)삭제 성공하였습니다. [작업번호:9993]
09:40:38:864;ERR;[GetJobCompleteReport] .. 작업 정보를 바르게 가져오지 못했습니다.[작업번호:9993]
09:40:39:976;IMP;[DeleteJobMst] .. 정상 처리되었습니다. 작업번호[9993]
09:40:40:007;IMP;[GetJobCompleteReport] .. SIM MODE 작업 (완료)삭제 성공하였습니다. [작업번호:9993]
09:40:40:224;ERR;[GetJobCompleteReport] .. 작업 정보를 바르게 가져오지 못했습니다.[작업번호:9993]
09:40:41:327;IMP;[DeleteJobMst] .. 정상 처리되었습니다. 작업번호[9993]
09:40:41:397;IMP;[GetJobCompleteReport] .. SIM MODE 작업 (완료)삭제 성공하였습니다. [작업번호:9993]
09:40:41:599;ERR;[GetJobCompleteReport] .. 작업 정보를 바르게 가져오지 못했습니다.[작업번호:9993]
09:40:42:694;IMP;[DeleteJobMst] .. 정상 처리되었습니다. 작업번호[9993]
09:40:42:729;IMP;[GetJobCompleteReport] .. SIM MODE 작업 (완료)삭제 성공하였습니다. [작업번호:9993]
09:40:42:914;ERR;[GetJobCompleteReport] .. 작업 정보를 바르게 가져오지 못했습니다.[작업번호:9993]
09:40:44:014;IMP;[DeleteJobMst] .. 정상 처리되었습니다. 작업번호[9993]
09:40:44:048;IMP;[GetJobCompleteReport] .. SIM MODE 작업 (완료)삭제 성공하였습니다. [작업번호:9993]
09:40:44:308;ERR;[GetJobCompleteReport] .. 작업 정보를 바르게 가져오지 못했습니다.[작업번호:9993]
09:40:45:412;IMP;[DeleteJobMst] .. 정상 처리되었습니다. 작업번호[9993]
09:40:45:446;IMP;[GetJobCompleteReport] .. SIM MODE 작업 (완료)삭제 성공하였습니다. [작업번호:9993]
09:40:45:629;ERR;[GetJobCompleteReport] .. 작업 정보를 바르게 가져오지 못했습니다.[작업번호:9993]
09:40:46:727;IMP;[DeleteJobMst] .. 정상 처리되었습니다. 작업번호[9993]
09:40:46:762;IMP;[GetJobCompleteReport] .. SIM MODE 작업 (완료)삭제 성공하였습니다. [작업번호:9993]
09:40:46:935;ERR;[GetJobCompleteReport] .. 작업 정보를 바르게 가져오지 못했습니다.[작업번호:9993]
09:40:48:029;IMP;[DeleteJobMst] .. 정상 처리되었습니다. 작업번호[9993]
09:40:48:080;IMP;[GetJobCompleteReport] .. SIM MODE 작업 (완료)삭제 성공하였습니다. [작업번호:9993]
09:40:48:242;ERR;[GetJobCompleteReport] .. 작업 정보를 바르게 가져오지 못했습니다.[작업번호:9993]
09:40:49:342;IMP;[DeleteJobMst] .. 정상 처리되었습니다. 작업번호[9993]
09:40:49:430;IMP;[GetJobCompleteReport] .. SIM MODE 작업 (완료)삭제 성공하였습니다. [작업번호:9993]
09:40:49:503;ERR;[GetJobCompleteReport] .. 작업 정보를 바르게 가져오지 못했습니다.[작업번호:9993]
09:40:50:595;IMP;[DeleteJobMst] .. 정상 처리되었습니다. 작업번호[9993]
09:40:50:631;IMP;[GetJobCompleteReport] .. SIM MODE 작업 (완료)삭제 성공하였습니다. [작업번호:9993]
09:40:50:703;ERR;[GetJobCompleteReport] .. 작업 정보를 바르게 가져오지 못했습니다.[작업번호:9993]
09:40:51:845;IMP;[DeleteJobMst] .. 정상 처리되었습니다. 작업번호[9993]
09:40:51:883;IMP;[GetJobCompleteReport] .. SIM MODE 작업 (완료)삭제 성공하였습니다. [작업번호:9993]
09:40:51:974;ERR;[GetJobCompleteReport] .. 작업 정보를 바르게 가져오지 못했습니다.[작업번호:9993]
09:40:53:066;IMP;[DeleteJobMst] .. 정상 처리되었습니다. 작업번호[9993]
09:40:53:102;IMP;[GetJobCompleteReport] .. SIM MODE 작업 (완료)삭제 성공하였습니다. [작업번호:9993]
09:40:53:194;ERR;[GetJobCompleteReport] .. 작업 정보를 바르게 가져오지 못했습니다.[작업번호:9993]
09:40:54:294;IMP;[DeleteJobMst] .. 정상 처리되었습니다. 작업번호[9993]
09:40:54:348;IMP;[GetJobCompleteReport] .. SIM MODE 작업 (완료)삭제 성공하였습니다. [작업번호:9993]
09:40:54:408;ERR;[GetJobCompleteReport] .. 작업 정보를 바르게 가져오지 못했습니다.[작업번호:9993]
09:40:55:476;IMP;[DeleteJobMst] .. 정상 처리되었습니다. 작업번호[9993]
09:40:55:483;IMP;[GetJobCompleteReport] .. SIM MODE 작업 (완료)삭제 성공하였습니다. [작업번호:9993]
09:40:55:553;ERR;[GetJobCompleteReport] .. 작업 정보를 바르게 가져오지 못했습니다.[작업번호:9993]
09:40:56:622;IMP;[DeleteJobMst] .. 정상 처리되었습니다. 작업번호[9993]
09:40:56:633;IMP;[GetJobCompleteReport] .. SIM MODE 작업 (완료)삭제 성공하였습니다. [작업번호:9993]
09:40:56:718;ERR;[GetJobCompleteReport] .. 작업 정보를 바르게 가져오지 못했습니다.[작업번호:9993]
09:40:57:800;IMP;[DeleteJobMst] .. 정상 처리되었습니다. 작업번호[9993]
09:40:57:817;IMP;[GetJobCompleteReport] .. SIM MODE 작업 (완료)삭제 성공하였습니다. [작업번호:9993]
09:40:57:934;ERR;[GetJobCompleteReport] .. 작업 정보를 바르게 가져오지 못했습니다.[작업번호:9993]
09:40:59:015;IMP;[DeleteJobMst] .. 정상 처리되었습니다. 작업번호[9993]
09:40:59:035;IMP;[GetJobCompleteReport] .. SIM MODE 작업 (완료)삭제 성공하였습니다. [작업번호:9993]
09:40:59:153;ERR;[GetJobCompleteReport] .. 작업 정보를 바르게 가져오지 못했습니다.[작업번호:9993]
09:41:00:239;IMP;[DeleteJobMst] .. 정상 처리되었습니다. 작업번호[9993]
09:41:00:264;IMP;[GetJobCompleteReport] .. SIM MODE 작업 (완료)삭제 성공하였습니다. [작업번호:9993]
09:41:00:376;ERR;[GetJobCompleteReport] .. 작업 정보를 바르게 가져오지 못했습니다.[작업번호:9993]
09:41:01:461;IMP;[DeleteJobMst] .. 정상 처리되었습니다. 작업번호[9993]
09:41:01:491;IMP;[GetJobCompleteReport] .. SIM MODE 작업 (완료)삭제 성공하였습니다. [작업번호:9993]
09:41:01:614;ERR;[GetJobCompleteReport] .. 작업 정보를 바르게 가져오지 못했습니다.[작업번호:9993]
09:41:02:701;IMP;[DeleteJobMst] .. 정상 처리되었습니다. 작업번호[9993]
09:41:02:737;IMP;[GetJobCompleteReport] .. SIM MODE 작업 (완료)삭제 성공하였습니다. [작업번호:9993]
09:41:02:875;ERR;[GetJobCompleteReport] .. 작업 정보를 바르게 가져오지 못했습니다.[작업번호:9993]
09:41:03:966;IMP;[DeleteJobMst] .. 정상 처리되었습니다. 작업번호[9993]
09:41:04:000;IMP;[GetJobCompleteReport] .. SIM MODE 작업 (완료)삭제 성공하였습니다. [작업번호:9993]
09:41:04:141;ERR;[GetJobCompleteReport] .. 작업 정보를 바르게 가져오지 못했습니다.[작업번호:9993]
09:41:05:234;IMP;[DeleteJobMst] .. 정상 처리되었습니다. 작업번호[9993]
09:41:05:294;IMP;[GetJobCompleteReport] .. SIM MODE 작업 (완료)삭제 성공하였습니다. [작업번호:9993]
09:41:05:620;ERR;[GetJobCompleteReport] .. 작업 정보를 바르게 가져오지 못했습니다.[작업번호:9993]
09:41:06:737;IMP;[DeleteJobMst] .. 정상 처리되었습니다. 작업번호[9993]
09:41:06:777;IMP;[GetJobCompleteReport] .. SIM MODE 작업 (완료)삭제 성공하였습니다. [작업번호:9993]
09:41:06:937;ERR;[GetJobCompleteReport] .. 작업 정보를 바르게 가져오지 못했습니다.[작업번호:9993]
09:41:08:040;IMP;[DeleteJobMst] .. 정상 처리되었습니다. 작업번호[9993]
09:41:08:075;IMP;[GetJobCompleteReport] .. SIM MODE 작업 (완료)삭제 성공하였습니다. [작업번호:9993]
09:41:08:229;ERR;[GetJobCompleteReport] .. 작업 정보를 바르게 가져오지 못했습니다.[작업번호:9993]
09:41:09:356;IMP;[DeleteJobMst] .. 정상 처리되었습니다. 작업번호[9993]
09:41:09:394;IMP;[GetJobCompleteReport] .. SIM MODE 작업 (완료)삭제 성공하였습니다. [작업번호:9993]
09:41:09:588;ERR;[GetJobCompleteReport] .. 작업 정보를 바르게 가져오지 못했습니다.[작업번호:9993]
09:41:10:682;IMP;[DeleteJobMst] .. 정상 처리되었습니다. 작업번호[9993]
09:41:10:715;IMP;[GetJobCompleteReport] .. SIM MODE 작업 (완료)삭제 성공하였습니다. [작업번호:9993]
09:41:10:907;ERR;[GetJobCompleteReport] .. 작업 정보를 바르게 가져오지 못했습니다.[작업번호:9993]
09:41:12:017;IMP;[DeleteJobMst] .. 정상 처리되었습니다. 작업번호[9993]
09:41:12:053;IMP;[GetJobCompleteReport] .. SIM MODE 작업 (완료)삭제 성공하였습니다. [작업번호:9993]
09:41:12:321;ERR;[GetJobCompleteReport] .. 작업 정보를 바르게 가져오지 못했습니다.[작업번호:9993]
09:41:13:433;IMP;[DeleteJobMst] .. 정상 처리되었습니다. 작업번호[9993]
09:41:13:470;IMP;[GetJobCompleteReport] .. SIM MODE 작업 (완료)삭제 성공하였습니다. [작업번호:9993]
09:41:13:655;ERR;[GetJobCompleteReport] .. 작업 정보를 바르게 가져오지 못했습니다.[작업번호:9993]
09:41:14:764;IMP;[DeleteJobMst] .. 정상 처리되었습니다. 작업번호[9993]
09:41:14:804;IMP;[GetJobCompleteReport] .. SIM MODE 작업 (완료)삭제 성공하였습니다. [작업번호:9993]
09:41:14:990;ERR;[GetJobCompleteReport] .. 작업 정보를 바르게 가져오지 못했습니다.[작업번호:9993]
09:41:16:122;IMP;[DeleteJobMst] .. 정상 처리되었습니다. 작업번호[9993]
09:41:16:177;IMP;[GetJobCompleteReport] .. SIM MODE 작업 (완료)삭제 성공하였습니다. [작업번호:9993]
09:41:16:347;ERR;[GetJobCompleteReport] .. 작업 정보를 바르게 가져오지 못했습니다.[작업번호:9993]
09:41:17:418;IMP;[DeleteJobMst] .. 정상 처리되었습니다. 작업번호[9993]
09:41:17:432;IMP;[GetJobCompleteReport] .. SIM MODE 작업 (완료)삭제 성공하였습니다. [작업번호:9993]
09:41:17:590;ERR;[GetJobCompleteReport] .. 작업 정보를 바르게 가져오지 못했습니다.[작업번호:9993]
09:41:18:677;IMP;[DeleteJobMst] .. 정상 처리되었습니다. 작업번호[9993]
09:41:18:689;IMP;[GetJobCompleteReport] .. SIM MODE 작업 (완료)삭제 성공하였습니다. [작업번호:9993]
09:41:18:851;ERR;[GetJobCompleteReport] .. 작업 정보를 바르게 가져오지 못했습니다.[작업번호:9993]
09:41:19:953;IMP;[DeleteJobMst] .. 정상 처리되었습니다. 작업번호[9993]
09:41:19:969;IMP;[GetJobCompleteReport] .. SIM MODE 작업 (완료)삭제 성공하였습니다. [작업번호:9993]
09:41:20:136;ERR;[GetJobCompleteReport] .. 작업 정보를 바르게 가져오지 못했습니다.[작업번호:9993]
09:41:21:243;IMP;[DeleteJobMst] .. 정상 처리되었습니다. 작업번호[9993]
09:41:21:265;IMP;[GetJobCompleteReport] .. SIM MODE 작업 (완료)삭제 성공하였습니다. [작업번호:9993]
09:41:21:435;ERR;[GetJobCompleteReport] .. 작업 정보를 바르게 가져오지 못했습니다.[작업번호:9993]
09:41:22:517;IMP;[DeleteJobMst] .. 정상 처리되었습니다. 작업번호[9993]
09:41:22:541;IMP;[GetJobCompleteReport] .. SIM MODE 작업 (완료)삭제 성공하였습니다. [작업번호:9993]
09:41:22:733;ERR;[GetJobCompleteReport] .. 작업 정보를 바르게 가져오지 못했습니다.[작업번호:9993]
09:41:23:857;IMP;[DeleteJobMst] .. 정상 처리되었습니다. 작업번호[9993]
09:41:23:887;IMP;[GetJobCompleteReport] .. SIM MODE 작업 (완료)삭제 성공하였습니다. [작업번호:9993]
09:41:24:078;ERR;[GetJobCompleteReport] .. 작업 정보를 바르게 가져오지 못했습니다.[작업번호:9993]
09:41:25:186;IMP;[DeleteJobMst] .. 정상 처리되었습니다. 작업번호[9993]
09:41:25:220;IMP;[GetJobCompleteReport] .. SIM MODE 작업 (완료)삭제 성공하였습니다. [작업번호:9993]
09:41:25:426;ERR;[GetJobCompleteReport] .. 작업 정보를 바르게 가져오지 못했습니다.[작업번호:9993]
09:41:26:829;IMP;[DeleteJobMst] .. 정상 처리되었습니다. 작업번호[9993]
09:41:26:863;IMP;[GetJobCompleteReport] .. SIM MODE 작업 (완료)삭제 성공하였습니다. [작업번호:9993]
09:41:27:051;ERR;[GetJobCompleteReport] .. 작업 정보를 바르게 가져오지 못했습니다.[작업번호:9993]
09:41:28:151;IMP;[DeleteJobMst] .. 정상 처리되었습니다. 작업번호[9993]
09:41:28:186;IMP;[GetJobCompleteReport] .. SIM MODE 작업 (완료)삭제 성공하였습니다. [작업번호:9993]
09:41:28:382;ERR;[GetJobCompleteReport] .. 작업 정보를 바르게 가져오지 못했습니다.[작업번호:9993]
09:41:29:487;IMP;[DeleteJobMst] .. 정상 처리되었습니다. 작업번호[9993]
09:41:29:524;IMP;[GetJobCompleteReport] .. SIM MODE 작업 (완료)삭제 성공하였습니다. [작업번호:9993]
09:41:29:729;ERR;[GetJobCompleteReport] .. 작업 정보를 바르게 가져오지 못했습니다.[작업번호:9993]
09:41:30:835;IMP;[DeleteJobMst] .. 정상 처리되었습니다. 작업번호[9993]
09:41:30:925;IMP;[GetJobCompleteReport] .. SIM MODE 작업 (완료)삭제 성공하였습니다. [작업번호:9993]
09:41:31:141;ERR;[GetJobCompleteReport] .. 작업 정보를 바르게 가져오지 못했습니다.[작업번호:9993]
09:41:32:252;IMP;[DeleteJobMst] .. 정상 처리되었습니다. 작업번호[9993]
09:41:32:289;IMP;[GetJobCompleteReport] .. SIM MODE 작업 (완료)삭제 성공하였습니다. [작업번호:9993]
09:41:32:468;ERR;[GetJobCompleteReport] .. 작업 정보를 바르게 가져오지 못했습니다.[작업번호:9993]
09:41:33:572;IMP;[DeleteJobMst] .. 정상 처리되었습니다. 작업번호[9993]
09:41:33:611;IMP;[GetJobCompleteReport] .. SIM MODE 작업 (완료)삭제 성공하였습니다. [작업번호:9993]
09:41:33:813;ERR;[GetJobCompleteReport] .. 작업 정보를 바르게 가져오지 못했습니다.[작업번호:9993]
09:41:34:924;IMP;[DeleteJobMst] .. 정상 처리되었습니다. 작업번호[9993]
09:41:34:960;IMP;[GetJobCompleteReport] .. SIM MODE 작업 (완료)삭제 성공하였습니다. [작업번호:9993]
09:41:35:140;ERR;[GetJobCompleteReport] .. 작업 정보를 바르게 가져오지 못했습니다.[작업번호:9993]
09:41:36:236;IMP;[DeleteJobMst] .. 정상 처리되었습니다. 작업번호[9993]
09:41:36:274;IMP;[GetJobCompleteReport] .. SIM MODE 작업 (완료)삭제 성공하였습니다. [작업번호:9993]
09:41:36:470;ERR;[GetJobCompleteReport] .. 작업 정보를 바르게 가져오지 못했습니다.[작업번호:9993]
09:41:37:571;IMP;[DeleteJobMst] .. 정상 처리되었습니다. 작업번호[9993]
09:41:37:640;IMP;[GetJobCompleteReport] .. SIM MODE 작업 (완료)삭제 성공하였습니다. [작업번호:9993]
09:41:37:833;ERR;[GetJobCompleteReport] .. 작업 정보를 바르게 가져오지 못했습니다.[작업번호:9993]
09:41:38:941;IMP;[DeleteJobMst] .. 정상 처리되었습니다. 작업번호[9993]
09:41:39:001;IMP;[GetJobCompleteReport] .. SIM MODE 작업 (완료)삭제 성공하였습니다. [작업번호:9993]
09:41:39:150;ERR;[GetJobCompleteReport] .. 작업 정보를 바르게 가져오지 못했습니다.[작업번호:9993]
09:41:40:228;IMP;[DeleteJobMst] .. 정상 처리되었습니다. 작업번호[9993]
09:41:40:237;IMP;[GetJobCompleteReport] .. SIM MODE 작업 (완료)삭제 성공하였습니다. [작업번호:9993]
09:41:40:399;ERR;[GetJobCompleteReport] .. 작업 정보를 바르게 가져오지 못했습니다.[작업번호:9993]
09:41:41:475;IMP;[DeleteJobMst] .. 정상 처리되었습니다. 작업번호[9993]
09:41:41:487;IMP;[GetJobCompleteReport] .. SIM MODE 작업 (완료)삭제 성공하였습니다. [작업번호:9993]
09:41:41:649;ERR;[GetJobCompleteReport] .. 작업 정보를 바르게 가져오지 못했습니다.[작업번호:9993]
09:41:42:736;IMP;[DeleteJobMst] .. 정상 처리되었습니다. 작업번호[9993]
09:41:42:751;IMP;[GetJobCompleteReport] .. SIM MODE 작업 (완료)삭제 성공하였습니다. [작업번호:9993]
09:41:42:925;ERR;[GetJobCompleteReport] .. 작업 정보를 바르게 가져오지 못했습니다.[작업번호:9993]
09:41:44:016;IMP;[DeleteJobMst] .. 정상 처리되었습니다. 작업번호[9993]
09:41:44:082;IMP;[GetJobCompleteReport] .. SIM MODE 작업 (완료)삭제 성공하였습니다. [작업번호:9993]
09:41:44:268;ERR;[GetJobCompleteReport] .. 작업 정보를 바르게 가져오지 못했습니다.[작업번호:9993]
09:41:45:360;IMP;[DeleteJobMst] .. 정상 처리되었습니다. 작업번호[9993]
09:41:45:384;IMP;[GetJobCompleteReport] .. SIM MODE 작업 (완료)삭제 성공하였습니다. [작업번호:9993]
09:41:45:593;ERR;[GetJobCompleteReport] .. 작업 정보를 바르게 가져오지 못했습니다.[작업번호:9993]
09:41:46:689;IMP;[DeleteJobMst] .. 정상 처리되었습니다. 작업번호[9993]
09:41:46:720;IMP;[GetJobCompleteReport] .. SIM MODE 작업 (완료)삭제 성공하였습니다. [작업번호:9993]
09:41:46:941;ERR;[GetJobCompleteReport] .. 작업 정보를 바르게 가져오지 못했습니다.[작업번호:9993]
09:41:48:037;IMP;[DeleteJobMst] .. 정상 처리되었습니다. 작업번호[9993]
09:41:48:069;IMP;[GetJobCompleteReport] .. SIM MODE 작업 (완료)삭제 성공하였습니다. [작업번호:9993]
09:41:48:303;ERR;[GetJobCompleteReport] .. 작업 정보를 바르게 가져오지 못했습니다.[작업번호:9993]
09:41:49:428;IMP;[DeleteJobMst] .. 정상 처리되었습니다. 작업번호[9993]
09:41:49:464;IMP;[GetJobCompleteReport] .. SIM MODE 작업 (완료)삭제 성공하였습니다. [작업번호:9993]
09:41:49:668;ERR;[GetJobCompleteReport] .. 작업 정보를 바르게 가져오지 못했습니다.[작업번호:9993]
09:41:50:769;IMP;[DeleteJobMst] .. 정상 처리되었습니다. 작업번호[9993]
09:41:50:803;IMP;[GetJobCompleteReport] .. SIM MODE 작업 (완료)삭제 성공하였습니다. [작업번호:9993]
09:41:50:978;ERR;[GetJobCompleteReport] .. 작업 정보를 바르게 가져오지 못했습니다.[작업번호:9993]
09:41:52:074;IMP;[DeleteJobMst] .. 정상 처리되었습니다. 작업번호[9993]
09:41:52:112;IMP;[GetJobCompleteReport] .. SIM MODE 작업 (완료)삭제 성공하였습니다. [작업번호:9993]
09:41:52:300;ERR;[GetJobCompleteReport] .. 작업 정보를 바르게 가져오지 못했습니다.[작업번호:9993]
09:41:53:424;IMP;[DeleteJobMst] .. 정상 처리되었습니다. 작업번호[9993]
09:41:53:459;IMP;[GetJobCompleteReport] .. SIM MODE 작업 (완료)삭제 성공하였습니다. [작업번호:9993]
09:41:53:657;ERR;[GetJobCompleteReport] .. 작업 정보를 바르게 가져오지 못했습니다.[작업번호:9993]
09:41:54:746;IMP;[DeleteJobMst] .. 정상 처리되었습니다. 작업번호[9993]
09:41:54:781;IMP;[GetJobCompleteReport] .. SIM MODE 작업 (완료)삭제 성공하였습니다. [작업번호:9993]
09:41:55:011;ERR;[GetJobCompleteReport] .. 작업 정보를 바르게 가져오지 못했습니다.[작업번호:9993]
09:41:56:110;IMP;[DeleteJobMst] .. 정상 처리되었습니다. 작업번호[9993]
09:41:56:153;IMP;[GetJobCompleteReport] .. SIM MODE 작업 (완료)삭제 성공하였습니다. [작업번호:9993]
09:41:56:241;ERR;[GetJobCompleteReport] .. 작업 정보를 바르게 가져오지 못했습니다.[작업번호:9993]
09:41:57:356;IMP;[DeleteJobMst] .. 정상 처리되었습니다. 작업번호[9993]
09:41:57:408;IMP;[GetJobCompleteReport] .. SIM MODE 작업 (완료)삭제 성공하였습니다. [작업번호:9993]
09:41:57:496;ERR;[GetJobCompleteReport] .. 작업 정보를 바르게 가져오지 못했습니다.[작업번호:9993]
09:41:58:585;IMP;[DeleteJobMst] .. 정상 처리되었습니다. 작업번호[9993]
09:41:58:620;IMP;[GetJobCompleteReport] .. SIM MODE 작업 (완료)삭제 성공하였습니다. [작업번호:9993]
09:41:58:769;ERR;[GetJobCompleteReport] .. 작업 정보를 바르게 가져오지 못했습니다.[작업번호:9993]
09:41:59:907;IMP;[DeleteJobMst] .. 정상 처리되었습니다. 작업번호[9993]
09:41:59:942;IMP;[GetJobCompleteReport] .. SIM MODE 작업 (완료)삭제 성공하였습니다. [작업번호:9993]
09:42:00:068;ERR;[GetJobCompleteReport] .. 작업 정보를 바르게 가져오지 못했습니다.[작업번호:9993]
09:42:01:172;IMP;[DeleteJobMst] .. 정상 처리되었습니다. 작업번호[9993]
09:42:01:245;IMP;[GetJobCompleteReport] .. SIM MODE 작업 (완료)삭제 성공하였습니다. [작업번호:9993]
09:42:01:309;ERR;[GetJobCompleteReport] .. 작업 정보를 바르게 가져오지 못했습니다.[작업번호:9993]
09:42:02:384;IMP;[DeleteJobMst] .. 정상 처리되었습니다. 작업번호[9993]
09:42:02:392;IMP;[GetJobCompleteReport] .. SIM MODE 작업 (완료)삭제 성공하였습니다. [작업번호:9993]
09:42:02:480;ERR;[GetJobCompleteReport] .. 작업 정보를 바르게 가져오지 못했습니다.[작업번호:9993]
09:42:03:563;IMP;[DeleteJobMst] .. 정상 처리되었습니다. 작업번호[9993]
09:42:03:573;IMP;[GetJobCompleteReport] .. SIM MODE 작업 (완료)삭제 성공하였습니다. [작업번호:9993]
09:42:03:678;ERR;[GetJobCompleteReport] .. 작업 정보를 바르게 가져오지 못했습니다.[작업번호:9993]
09:42:04:779;IMP;[DeleteJobMst] .. 정상 처리되었습니다. 작업번호[9993]
09:42:04:794;IMP;[GetJobCompleteReport] .. SIM MODE 작업 (완료)삭제 성공하였습니다. [작업번호:9993]
09:42:04:961;ERR;[GetJobCompleteReport] .. 작업 정보를 바르게 가져오지 못했습니다.[작업번호:9993]
09:42:06:046;IMP;[DeleteJobMst] .. 정상 처리되었습니다. 작업번호[9993]
09:42:06:064;IMP;[GetJobCompleteReport] .. SIM MODE 작업 (완료)삭제 성공하였습니다. [작업번호:9993]
09:42:06:168;ERR;[GetJobCompleteReport] .. 작업 정보를 바르게 가져오지 못했습니다.[작업번호:9993]
09:42:07:264;IMP;[DeleteJobMst] .. 정상 처리되었습니다. 작업번호[9993]
09:42:07:318;IMP;[GetJobCompleteReport] .. SIM MODE 작업 (완료)삭제 성공하였습니다. [작업번호:9993]
09:42:07:474;ERR;[GetJobCompleteReport] .. 작업 정보를 바르게 가져오지 못했습니다.[작업번호:9993]
09:42:08:566;IMP;[DeleteJobMst] .. 정상 처리되었습니다. 작업번호[9993]
09:42:08:596;IMP;[GetJobCompleteReport] .. SIM MODE 작업 (완료)삭제 성공하였습니다. [작업번호:9993]
09:42:08:761;ERR;[GetJobCompleteReport] .. 작업 정보를 바르게 가져오지 못했습니다.[작업번호:9993]
09:42:09:856;IMP;[DeleteJobMst] .. 정상 처리되었습니다. 작업번호[9993]
09:42:09:889;IMP;[GetJobCompleteReport] .. SIM MODE 작업 (완료)삭제 성공하였습니다. [작업번호:9993]
09:42:10:050;ERR;[GetJobCompleteReport] .. 작업 정보를 바르게 가져오지 못했습니다.[작업번호:9993]
09:42:11:152;IMP;[DeleteJobMst] .. 정상 처리되었습니다. 작업번호[9993]
09:42:11:189;IMP;[GetJobCompleteReport] .. SIM MODE 작업 (완료)삭제 성공하였습니다. [작업번호:9993]
09:42:11:349;ERR;[GetJobCompleteReport] .. 작업 정보를 바르게 가져오지 못했습니다.[작업번호:9993]
09:42:12:449;IMP;[DeleteJobMst] .. 정상 처리되었습니다. 작업번호[9993]
09:42:12:484;IMP;[GetJobCompleteReport] .. SIM MODE 작업 (완료)삭제 성공하였습니다. [작업번호:9993]
09:42:12:691;ERR;[GetJobCompleteReport] .. 작업 정보를 바르게 가져오지 못했습니다.[작업번호:9993]
09:42:13:788;IMP;[DeleteJobMst] .. 정상 처리되었습니다. 작업번호[9993]
09:42:13:824;IMP;[GetJobCompleteReport] .. SIM MODE 작업 (완료)삭제 성공하였습니다. [작업번호:9993]
09:42:13:970;ERR;[GetJobCompleteReport] .. 작업 정보를 바르게 가져오지 못했습니다.[작업번호:9993]
09:42:15:073;IMP;[DeleteJobMst] .. 정상 처리되었습니다. 작업번호[9993]
09:42:15:106;IMP;[GetJobCompleteReport] .. SIM MODE 작업 (완료)삭제 성공하였습니다. [작업번호:9993]
09:42:15:273;ERR;[GetJobCompleteReport] .. 작업 정보를 바르게 가져오지 못했습니다.[작업번호:9993]
09:42:16:384;IMP;[DeleteJobMst] .. 정상 처리되었습니다. 작업번호[9993]
09:42:16:416;IMP;[GetJobCompleteReport] .. SIM MODE 작업 (완료)삭제 성공하였습니다. [작업번호:9993]
09:42:16:583;ERR;[GetJobCompleteReport] .. 작업 정보를 바르게 가져오지 못했습니다.[작업번호:9993]
09:42:17:700;IMP;[DeleteJobMst] .. 정상 처리되었습니다. 작업번호[9993]
09:42:17:736;IMP;[GetJobCompleteReport] .. SIM MODE 작업 (완료)삭제 성공하였습니다. [작업번호:9993]
09:42:17:928;ERR;[GetJobCompleteReport] .. 작업 정보를 바르게 가져오지 못했습니다.[작업번호:9993]
09:42:19:039;IMP;[DeleteJobMst] .. 정상 처리되었습니다. 작업번호[9993]
09:42:19:080;IMP;[GetJobCompleteReport] .. SIM MODE 작업 (완료)삭제 성공하였습니다. [작업번호:9993]
09:42:19:250;ERR;[GetJobCompleteReport] .. 작업 정보를 바르게 가져오지 못했습니다.[작업번호:9993]
09:42:20:350;IMP;[DeleteJobMst] .. 정상 처리되었습니다. 작업번호[9993]
09:42:20:385;IMP;[GetJobCompleteReport] .. SIM MODE 작업 (완료)삭제 성공하였습니다. [작업번호:9993]
09:42:20:637;ERR;[GetJobCompleteReport] .. 작업 정보를 바르게 가져오지 못했습니다.[작업번호:9993]
09:42:21:734;IMP;[DeleteJobMst] .. 정상 처리되었습니다. 작업번호[9993]
09:42:21:771;IMP;[GetJobCompleteReport] .. SIM MODE 작업 (완료)삭제 성공하였습니다. [작업번호:9993]
09:42:21:955;ERR;[GetJobCompleteReport] .. 작업 정보를 바르게 가져오지 못했습니다.[작업번호:9993]
09:42:23:054;IMP;[DeleteJobMst] .. 정상 처리되었습니다. 작업번호[9993]
09:42:23:163;IMP;[GetJobCompleteReport] .. SIM MODE 작업 (완료)삭제 성공하였습니다. [작업번호:9993]
09:42:23:305;ERR;[GetJobCompleteReport] .. 작업 정보를 바르게 가져오지 못했습니다.[작업번호:9993]
09:42:24:401;IMP;[DeleteJobMst] .. 정상 처리되었습니다. 작업번호[9993]
09:42:24:408;IMP;[GetJobCompleteReport] .. SIM MODE 작업 (완료)삭제 성공하였습니다. [작업번호:9993]
09:42:24:557;ERR;[GetJobCompleteReport] .. 작업 정보를 바르게 가져오지 못했습니다.[작업번호:9993]
09:42:25:626;IMP;[DeleteJobMst] .. 정상 처리되었습니다. 작업번호[9993]
09:42:25:636;IMP;[GetJobCompleteReport] .. SIM MODE 작업 (완료)삭제 성공하였습니다. [작업번호:9993]
09:42:25:795;ERR;[GetJobCompleteReport] .. 작업 정보를 바르게 가져오지 못했습니다.[작업번호:9993]
09:42:26:863;IMP;[DeleteJobMst] .. 정상 처리되었습니다. 작업번호[9993]
09:42:26:878;IMP;[GetJobCompleteReport] .. SIM MODE 작업 (완료)삭제 성공하였습니다. [작업번호:9993]
09:42:27:099;ERR;[GetJobCompleteReport] .. 작업 정보를 바르게 가져오지 못했습니다.[작업번호:9993]
09:42:28:175;IMP;[DeleteJobMst] .. 정상 처리되었습니다. 작업번호[9993]
09:42:28:196;IMP;[GetJobCompleteReport] .. SIM MODE 작업 (완료)삭제 성공하였습니다. [작업번호:9993]
09:42:28:391;ERR;[GetJobCompleteReport] .. 작업 정보를 바르게 가져오지 못했습니다.[작업번호:9993]
09:42:29:489;IMP;[DeleteJobMst] .. 정상 처리되었습니다. 작업번호[9993]
09:42:29:512;IMP;[GetJobCompleteReport] .. SIM MODE 작업 (완료)삭제 성공하였습니다. [작업번호:9993]
09:42:29:684;ERR;[GetJobCompleteReport] .. 작업 정보를 바르게 가져오지 못했습니다.[작업번호:9993]
09:42:30:772;IMP;[DeleteJobMst] .. 정상 처리되었습니다. 작업번호[9993]
09:42:30:800;IMP;[GetJobCompleteReport] .. SIM MODE 작업 (완료)삭제 성공하였습니다. [작업번호:9993]
09:42:31:029;ERR;[GetJobCompleteReport] .. 작업 정보를 바르게 가져오지 못했습니다.[작업번호:9993]
09:42:32:123;IMP;[DeleteJobMst] .. 정상 처리되었습니다. 작업번호[9993]
09:42:32:157;IMP;[GetJobCompleteReport] .. SIM MODE 작업 (완료)삭제 성공하였습니다. [작업번호:9993]
09:42:32:337;ERR;[GetJobCompleteReport] .. 작업 정보를 바르게 가져오지 못했습니다.[작업번호:9993]
09:42:33:431;IMP;[DeleteJobMst] .. 정상 처리되었습니다. 작업번호[9993]
09:42:33:467;IMP;[GetJobCompleteReport] .. SIM MODE 작업 (완료)삭제 성공하였습니다. [작업번호:9993]
09:42:33:640;ERR;[GetJobCompleteReport] .. 작업 정보를 바르게 가져오지 못했습니다.[작업번호:9993]
09:42:34:743;IMP;[DeleteJobMst] .. 정상 처리되었습니다. 작업번호[9993]
09:42:34:790;IMP;[GetJobCompleteReport] .. SIM MODE 작업 (완료)삭제 성공하였습니다. [작업번호:9993]
09:42:35:002;ERR;[GetJobCompleteReport] .. 작업 정보를 바르게 가져오지 못했습니다.[작업번호:9993]
09:42:36:148;IMP;[DeleteJobMst] .. 정상 처리되었습니다. 작업번호[9993]
09:42:36:183;IMP;[GetJobCompleteReport] .. SIM MODE 작업 (완료)삭제 성공하였습니다. [작업번호:9993]
09:42:36:375;ERR;[GetJobCompleteReport] .. 작업 정보를 바르게 가져오지 못했습니다.[작업번호:9993]
09:42:37:476;IMP;[DeleteJobMst] .. 정상 처리되었습니다. 작업번호[9993]
09:42:37:511;IMP;[GetJobCompleteReport] .. SIM MODE 작업 (완료)삭제 성공하였습니다. [작업번호:9993]
09:42:37:736;ERR;[GetJobCompleteReport] .. 작업 정보를 바르게 가져오지 못했습니다.[작업번호:9993]
09:42:38:841;IMP;[DeleteJobMst] .. 정상 처리되었습니다. 작업번호[9993]
09:42:38:879;IMP;[GetJobCompleteReport] .. SIM MODE 작업 (완료)삭제 성공하였습니다. [작업번호:9993]
09:42:39:069;ERR;[GetJobCompleteReport] .. 작업 정보를 바르게 가져오지 못했습니다.[작업번호:9993]
09:42:40:171;IMP;[DeleteJobMst] .. 정상 처리되었습니다. 작업번호[9993]
09:42:40:209;IMP;[GetJobCompleteReport] .. SIM MODE 작업 (완료)삭제 성공하였습니다. [작업번호:9993]
09:42:40:395;ERR;[GetJobCompleteReport] .. 작업 정보를 바르게 가져오지 못했습니다.[작업번호:9993]
09:42:41:503;IMP;[DeleteJobMst] .. 정상 처리되었습니다. 작업번호[9993]
09:42:41:545;IMP;[GetJobCompleteReport] .. SIM MODE 작업 (완료)삭제 성공하였습니다. [작업번호:9993]
09:42:41:739;ERR;[GetJobCompleteReport] .. 작업 정보를 바르게 가져오지 못했습니다.[작업번호:9993]
09:42:42:835;IMP;[DeleteJobMst] .. 정상 처리되었습니다. 작업번호[9993]
09:42:42:867;IMP;[GetJobCompleteReport] .. SIM MODE 작업 (완료)삭제 성공하였습니다. [작업번호:9993]
09:42:43:042;ERR;[GetJobCompleteReport] .. 작업 정보를 바르게 가져오지 못했습니다.[작업번호:9993]
09:42:44:153;IMP;[DeleteJobMst] .. 정상 처리되었습니다. 작업번호[9993]
09:42:44:193;IMP;[GetJobCompleteReport] .. SIM MODE 작업 (완료)삭제 성공하였습니다. [작업번호:9993]
09:42:44:370;ERR;[GetJobCompleteReport] .. 작업 정보를 바르게 가져오지 못했습니다.[작업번호:9993]
09:42:45:460;IMP;[DeleteJobMst] .. 정상 처리되었습니다. 작업번호[9993]
09:42:45:521;IMP;[GetJobCompleteReport] .. SIM MODE 작업 (완료)삭제 성공하였습니다. [작업번호:9993]
09:42:45:669;ERR;[GetJobCompleteReport] .. 작업 정보를 바르게 가져오지 못했습니다.[작업번호:9993]
09:42:46:739;IMP;[DeleteJobMst] .. 정상 처리되었습니다. 작업번호[9993]
09:42:46:749;IMP;[GetJobCompleteReport] .. SIM MODE 작업 (완료)삭제 성공하였습니다. [작업번호:9993]
09:42:46:907;ERR;[GetJobCompleteReport] .. 작업 정보를 바르게 가져오지 못했습니다.[작업번호:9993]
09:42:47:975;IMP;[DeleteJobMst] .. 정상 처리되었습니다. 작업번호[9993]
09:42:47:996;IMP;[GetJobCompleteReport] .. SIM MODE 작업 (완료)삭제 성공하였습니다. [작업번호:9993]
09:42:48:147;ERR;[GetJobCompleteReport] .. 작업 정보를 바르게 가져오지 못했습니다.[작업번호:9993]
09:42:49:222;IMP;[DeleteJobMst] .. 정상 처리되었습니다. 작업번호[9993]
09:42:49:238;IMP;[GetJobCompleteReport] .. SIM MODE 작업 (완료)삭제 성공하였습니다. [작업번호:9993]
09:42:49:393;ERR;[GetJobCompleteReport] .. 작업 정보를 바르게 가져오지 못했습니다.[작업번호:9993]
09:42:50:487;IMP;[DeleteJobMst] .. 정상 처리되었습니다. 작업번호[9993]
09:42:50:505;IMP;[GetJobCompleteReport] .. SIM MODE 작업 (완료)삭제 성공하였습니다. [작업번호:9993]
09:42:50:685;ERR;[GetJobCompleteReport] .. 작업 정보를 바르게 가져오지 못했습니다.[작업번호:9993]
09:42:51:770;IMP;[DeleteJobMst] .. 정상 처리되었습니다. 작업번호[9993]
09:42:51:793;IMP;[GetJobCompleteReport] .. SIM MODE 작업 (완료)삭제 성공하였습니다. [작업번호:9993]
09:42:51:956;ERR;[GetJobCompleteReport] .. 작업 정보를 바르게 가져오지 못했습니다.[작업번호:9993]
09:42:53:076;IMP;[DeleteJobMst] .. 정상 처리되었습니다. 작업번호[9993]
09:42:53:105;IMP;[GetJobCompleteReport] .. SIM MODE 작업 (완료)삭제 성공하였습니다. [작업번호:9993]
09:42:53:294;ERR;[GetJobCompleteReport] .. 작업 정보를 바르게 가져오지 못했습니다.[작업번호:9993]
09:42:54:390;IMP;[DeleteJobMst] .. 정상 처리되었습니다. 작업번호[9993]
09:42:54:422;IMP;[GetJobCompleteReport] .. SIM MODE 작업 (완료)삭제 성공하였습니다. [작업번호:9993]
09:42:54:593;ERR;[GetJobCompleteReport] .. 작업 정보를 바르게 가져오지 못했습니다.[작업번호:9993]
09:42:55:730;IMP;[DeleteJobMst] .. 정상 처리되었습니다. 작업번호[9993]
09:42:55:765;IMP;[GetJobCompleteReport] .. SIM MODE 작업 (완료)삭제 성공하였습니다. [작업번호:9993]
09:42:56:001;ERR;[GetJobCompleteReport] .. 작업 정보를 바르게 가져오지 못했습니다.[작업번호:9993]
09:42:57:096;IMP;[DeleteJobMst] .. 정상 처리되었습니다. 작업번호[9993]
09:42:57:133;IMP;[GetJobCompleteReport] .. SIM MODE 작업 (완료)삭제 성공하였습니다. [작업번호:9993]
09:42:57:480;ERR;[GetJobCompleteReport] .. 작업 정보를 바르게 가져오지 못했습니다.[작업번호:9993]
09:42:58:571;IMP;[DeleteJobMst] .. 정상 처리되었습니다. 작업번호[9993]
09:42:58:606;IMP;[GetJobCompleteReport] .. SIM MODE 작업 (완료)삭제 성공하였습니다. [작업번호:9993]
09:42:58:781;ERR;[GetJobCompleteReport] .. 작업 정보를 바르게 가져오지 못했습니다.[작업번호:9993]
09:42:59:875;IMP;[DeleteJobMst] .. 정상 처리되었습니다. 작업번호[9993]
09:42:59:912;IMP;[GetJobCompleteReport] .. SIM MODE 작업 (완료)삭제 성공하였습니다. [작업번호:9993]
09:43:00:089;ERR;[GetJobCompleteReport] .. 작업 정보를 바르게 가져오지 못했습니다.[작업번호:9993]
09:43:01:192;IMP;[DeleteJobMst] .. 정상 처리되었습니다. 작업번호[9993]
09:43:01:228;IMP;[GetJobCompleteReport] .. SIM MODE 작업 (완료)삭제 성공하였습니다. [작업번호:9993]
09:43:01:358;ERR;[GetJobCompleteReport] .. 작업 정보를 바르게 가져오지 못했습니다.[작업번호:9993]
09:43:02:457;IMP;[DeleteJobMst] .. 정상 처리되었습니다. 작업번호[9993]
09:43:02:490;IMP;[GetJobCompleteReport] .. SIM MODE 작업 (완료)삭제 성공하였습니다. [작업번호:9993]
09:43:02:602;ERR;[GetJobCompleteReport] .. 작업 정보를 바르게 가져오지 못했습니다.[작업번호:9993]
09:43:03:718;IMP;[DeleteJobMst] .. 정상 처리되었습니다. 작업번호[9993]
09:43:03:754;IMP;[GetJobCompleteReport] .. SIM MODE 작업 (완료)삭제 성공하였습니다. [작업번호:9993]
09:43:03:829;ERR;[GetJobCompleteReport] .. 작업 정보를 바르게 가져오지 못했습니다.[작업번호:9993]
09:43:04:932;IMP;[DeleteJobMst] .. 정상 처리되었습니다. 작업번호[9993]
09:43:05:003;IMP;[GetJobCompleteReport] .. SIM MODE 작업 (완료)삭제 성공하였습니다. [작업번호:9993]
09:43:05:087;ERR;[GetJobCompleteReport] .. 작업 정보를 바르게 가져오지 못했습니다.[작업번호:9993]
09:43:06:181;IMP;[DeleteJobMst] .. 정상 처리되었습니다. 작업번호[9993]
09:43:06:221;IMP;[GetJobCompleteReport] .. SIM MODE 작업 (완료)삭제 성공하였습니다. [작업번호:9993]
09:43:06:339;ERR;[GetJobCompleteReport] .. 작업 정보를 바르게 가져오지 못했습니다.[작업번호:9993]
09:43:07:457;IMP;[DeleteJobMst] .. 정상 처리되었습니다. 작업번호[9993]
09:43:07:514;IMP;[GetJobCompleteReport] .. SIM MODE 작업 (완료)삭제 성공하였습니다. [작업번호:9993]
09:43:07:584;ERR;[GetJobCompleteReport] .. 작업 정보를 바르게 가져오지 못했습니다.[작업번호:9993]
09:43:08:650;IMP;[DeleteJobMst] .. 정상 처리되었습니다. 작업번호[9993]
09:43:08:657;IMP;[GetJobCompleteReport] .. SIM MODE 작업 (완료)삭제 성공하였습니다. [작업번호:9993]
09:43:08:734;ERR;[GetJobCompleteReport] .. 작업 정보를 바르게 가져오지 못했습니다.[작업번호:9993]
09:43:09:809;IMP;[DeleteJobMst] .. 정상 처리되었습니다. 작업번호[9993]
09:43:09:822;IMP;[GetJobCompleteReport] .. SIM MODE 작업 (완료)삭제 성공하였습니다. [작업번호:9993]
09:43:09:922;ERR;[GetJobCompleteReport] .. 작업 정보를 바르게 가져오지 못했습니다.[작업번호:9993]
09:43:11:007;IMP;[DeleteJobMst] .. 정상 처리되었습니다. 작업번호[9993]
09:43:11:074;IMP;[GetJobCompleteReport] .. SIM MODE 작업 (완료)삭제 성공하였습니다. [작업번호:9993]
09:43:11:207;ERR;[GetJobCompleteReport] .. 작업 정보를 바르게 가져오지 못했습니다.[작업번호:9993]
09:43:12:290;IMP;[DeleteJobMst] .. 정상 처리되었습니다. 작업번호[9993]
09:43:12:324;IMP;[GetJobCompleteReport] .. SIM MODE 작업 (완료)삭제 성공하였습니다. [작업번호:9993]
09:43:12:433;ERR;[GetJobCompleteReport] .. 작업 정보를 바르게 가져오지 못했습니다.[작업번호:9993]
09:43:13:530;IMP;[DeleteJobMst] .. 정상 처리되었습니다. 작업번호[9993]
09:43:13:579;IMP;[GetJobCompleteReport] .. SIM MODE 작업 (완료)삭제 성공하였습니다. [작업번호:9993]
09:43:13:749;ERR;[GetJobCompleteReport] .. 작업 정보를 바르게 가져오지 못했습니다.[작업번호:9993]
09:43:14:836;IMP;[DeleteJobMst] .. 정상 처리되었습니다. 작업번호[9993]
09:43:14:865;IMP;[GetJobCompleteReport] .. SIM MODE 작업 (완료)삭제 성공하였습니다. [작업번호:9993]
09:43:15:014;ERR;[GetJobCompleteReport] .. 작업 정보를 바르게 가져오지 못했습니다.[작업번호:9993]
09:43:16:108;IMP;[DeleteJobMst] .. 정상 처리되었습니다. 작업번호[9993]
09:43:16:152;IMP;[GetJobCompleteReport] .. SIM MODE 작업 (완료)삭제 성공하였습니다. [작업번호:9993]
09:43:16:291;ERR;[GetJobCompleteReport] .. 작업 정보를 바르게 가져오지 못했습니다.[작업번호:9993]
09:43:17:385;IMP;[DeleteJobMst] .. 정상 처리되었습니다. 작업번호[9993]
09:43:17:436;IMP;[GetJobCompleteReport] .. SIM MODE 작업 (완료)삭제 성공하였습니다. [작업번호:9993]
09:43:17:585;ERR;[GetJobCompleteReport] .. 작업 정보를 바르게 가져오지 못했습니다.[작업번호:9993]
09:43:18:712;IMP;[DeleteJobMst] .. 정상 처리되었습니다. 작업번호[9993]
09:43:18:748;IMP;[GetJobCompleteReport] .. SIM MODE 작업 (완료)삭제 성공하였습니다. [작업번호:9993]
09:43:18:897;ERR;[GetJobCompleteReport] .. 작업 정보를 바르게 가져오지 못했습니다.[작업번호:9993]
09:43:19:996;IMP;[DeleteJobMst] .. 정상 처리되었습니다. 작업번호[9993]
09:43:20:033;IMP;[GetJobCompleteReport] .. SIM MODE 작업 (완료)삭제 성공하였습니다. [작업번호:9993]
09:43:20:203;ERR;[GetJobCompleteReport] .. 작업 정보를 바르게 가져오지 못했습니다.[작업번호:9993]
09:43:21:293;IMP;[DeleteJobMst] .. 정상 처리되었습니다. 작업번호[9993]
09:43:21:345;IMP;[GetJobCompleteReport] .. SIM MODE 작업 (완료)삭제 성공하였습니다. [작업번호:9993]
09:43:21:553;ERR;[GetJobCompleteReport] .. 작업 정보를 바르게 가져오지 못했습니다.[작업번호:9993]
09:43:22:653;IMP;[DeleteJobMst] .. 정상 처리되었습니다. 작업번호[9993]
09:43:22:719;IMP;[GetJobCompleteReport] .. SIM MODE 작업 (완료)삭제 성공하였습니다. [작업번호:9993]
09:43:22:896;ERR;[GetJobCompleteReport] .. 작업 정보를 바르게 가져오지 못했습니다.[작업번호:9993]
09:43:23:990;IMP;[DeleteJobMst] .. 정상 처리되었습니다. 작업번호[9993]
09:43:24:066;IMP;[GetJobCompleteReport] .. SIM MODE 작업 (완료)삭제 성공하였습니다. [작업번호:9993]
09:43:24:228;ERR;[GetJobCompleteReport] .. 작업 정보를 바르게 가져오지 못했습니다.[작업번호:9993]
09:43:25:321;IMP;[DeleteJobMst] .. 정상 처리되었습니다. 작업번호[9993]
09:43:25:358;IMP;[GetJobCompleteReport] .. SIM MODE 작업 (완료)삭제 성공하였습니다. [작업번호:9993]
09:43:25:549;ERR;[GetJobCompleteReport] .. 작업 정보를 바르게 가져오지 못했습니다.[작업번호:9993]
09:43:26:648;IMP;[DeleteJobMst] .. 정상 처리되었습니다. 작업번호[9993]
09:43:26:682;IMP;[GetJobCompleteReport] .. SIM MODE 작업 (완료)삭제 성공하였습니다. [작업번호:9993]
09:43:26:864;ERR;[GetJobCompleteReport] .. 작업 정보를 바르게 가져오지 못했습니다.[작업번호:9993]
09:43:27:955;IMP;[DeleteJobMst] .. 정상 처리되었습니다. 작업번호[9993]
09:43:28:024;IMP;[GetJobCompleteReport] .. SIM MODE 작업 (완료)삭제 성공하였습니다. [작업번호:9993]
09:43:28:215;ERR;[GetJobCompleteReport] .. 작업 정보를 바르게 가져오지 못했습니다.[작업번호:9993]
09:43:29:305;IMP;[DeleteJobMst] .. 정상 처리되었습니다. 작업번호[9993]
09:43:29:360;IMP;[GetJobCompleteReport] .. SIM MODE 작업 (완료)삭제 성공하였습니다. [작업번호:9993]
09:43:29:510;ERR;[GetJobCompleteReport] .. 작업 정보를 바르게 가져오지 못했습니다.[작업번호:9993]
09:43:30:612;IMP;[DeleteJobMst] .. 정상 처리되었습니다. 작업번호[9993]
09:43:30:618;IMP;[GetJobCompleteReport] .. SIM MODE 작업 (완료)삭제 성공하였습니다. [작업번호:9993]
09:43:30:861;ERR;[GetJobCompleteReport] .. 작업 정보를 바르게 가져오지 못했습니다.[작업번호:9993]
09:43:31:933;IMP;[DeleteJobMst] .. 정상 처리되었습니다. 작업번호[9993]
09:43:31:955;IMP;[GetJobCompleteReport] .. SIM MODE 작업 (완료)삭제 성공하였습니다. [작업번호:9993]
09:43:32:105;ERR;[GetJobCompleteReport] .. 작업 정보를 바르게 가져오지 못했습니다.[작업번호:9993]
09:43:33:189;IMP;[DeleteJobMst] .. 정상 처리되었습니다. 작업번호[9993]
09:43:33:226;IMP;[GetJobCompleteReport] .. SIM MODE 작업 (완료)삭제 성공하였습니다. [작업번호:9993]
09:43:33:422;ERR;[GetJobCompleteReport] .. 작업 정보를 바르게 가져오지 못했습니다.[작업번호:9993]
09:43:34:508;IMP;[DeleteJobMst] .. 정상 처리되었습니다. 작업번호[9993]
09:43:34:528;IMP;[GetJobCompleteReport] .. SIM MODE 작업 (완료)삭제 성공하였습니다. [작업번호:9993]
09:43:34:697;ERR;[GetJobCompleteReport] .. 작업 정보를 바르게 가져오지 못했습니다.[작업번호:9993]
09:43:35:786;IMP;[DeleteJobMst] .. 정상 처리되었습니다. 작업번호[9993]
09:43:35:812;IMP;[GetJobCompleteReport] .. SIM MODE 작업 (완료)삭제 성공하였습니다. [작업번호:9993]
09:43:35:976;ERR;[GetJobCompleteReport] .. 작업 정보를 바르게 가져오지 못했습니다.[작업번호:9993]
09:43:37:067;IMP;[DeleteJobMst] .. 정상 처리되었습니다. 작업번호[9993]
09:43:37:098;IMP;[GetJobCompleteReport] .. SIM MODE 작업 (완료)삭제 성공하였습니다. [작업번호:9993]
09:43:37:292;ERR;[GetJobCompleteReport] .. 작업 정보를 바르게 가져오지 못했습니다.[작업번호:9993]
09:43:38:383;IMP;[DeleteJobMst] .. 정상 처리되었습니다. 작업번호[9993]
09:43:38:417;IMP;[GetJobCompleteReport] .. SIM MODE 작업 (완료)삭제 성공하였습니다. [작업번호:9993]
09:43:38:970;ERR;[GetJobCompleteReport] .. 작업 정보를 바르게 가져오지 못했습니다.[작업번호:9993]
09:43:40:102;IMP;[DeleteJobMst] .. 정상 처리되었습니다. 작업번호[9993]
09:43:40:158;IMP;[GetJobCompleteReport] .. SIM MODE 작업 (완료)삭제 성공하였습니다. [작업번호:9993]
09:43:40:343;ERR;[GetJobCompleteReport] .. 작업 정보를 바르게 가져오지 못했습니다.[작업번호:9993]
09:43:41:456;IMP;[DeleteJobMst] .. 정상 처리되었습니다. 작업번호[9993]
09:43:41:491;IMP;[GetJobCompleteReport] .. SIM MODE 작업 (완료)삭제 성공하였습니다. [작업번호:9993]
09:43:41:668;ERR;[GetJobCompleteReport] .. 작업 정보를 바르게 가져오지 못했습니다.[작업번호:9993]
09:43:42:764;IMP;[DeleteJobMst] .. 정상 처리되었습니다. 작업번호[9993]
09:43:42:798;IMP;[GetJobCompleteReport] .. SIM MODE 작업 (완료)삭제 성공하였습니다. [작업번호:9993]
09:43:43:000;ERR;[GetJobCompleteReport] .. 작업 정보를 바르게 가져오지 못했습니다.[작업번호:9993]
09:43:44:131;IMP;[DeleteJobMst] .. 정상 처리되었습니다. 작업번호[9993]
09:43:44:200;IMP;[GetJobCompleteReport] .. SIM MODE 작업 (완료)삭제 성공하였습니다. [작업번호:9993]
09:43:44:428;ERR;[GetJobCompleteReport] .. 작업 정보를 바르게 가져오지 못했습니다.[작업번호:9993]
09:43:45:521;IMP;[DeleteJobMst] .. 정상 처리되었습니다. 작업번호[9993]
09:43:45:557;IMP;[GetJobCompleteReport] .. SIM MODE 작업 (완료)삭제 성공하였습니다. [작업번호:9993]
09:43:45:733;ERR;[GetJobCompleteReport] .. 작업 정보를 바르게 가져오지 못했습니다.[작업번호:9993]
09:43:46:830;IMP;[DeleteJobMst] .. 정상 처리되었습니다. 작업번호[9993]
09:43:46:864;IMP;[GetJobCompleteReport] .. SIM MODE 작업 (완료)삭제 성공하였습니다. [작업번호:9993]
09:43:47:067;ERR;[GetJobCompleteReport] .. 작업 정보를 바르게 가져오지 못했습니다.[작업번호:9993]
09:43:48:165;IMP;[DeleteJobMst] .. 정상 처리되었습니다. 작업번호[9993]
09:43:48:206;IMP;[GetJobCompleteReport] .. SIM MODE 작업 (완료)삭제 성공하였습니다. [작업번호:9993]
09:43:48:434;ERR;[GetJobCompleteReport] .. 작업 정보를 바르게 가져오지 못했습니다.[작업번호:9993]
09:43:49:547;IMP;[DeleteJobMst] .. 정상 처리되었습니다. 작업번호[9993]
09:43:49:584;IMP;[GetJobCompleteReport] .. SIM MODE 작업 (완료)삭제 성공하였습니다. [작업번호:9993]
09:43:49:758;ERR;[GetJobCompleteReport] .. 작업 정보를 바르게 가져오지 못했습니다.[작업번호:9993]
09:43:50:861;IMP;[DeleteJobMst] .. 정상 처리되었습니다. 작업번호[9993]
09:43:50:896;IMP;[GetJobCompleteReport] .. SIM MODE 작업 (완료)삭제 성공하였습니다. [작업번호:9993]
09:43:51:132;ERR;[GetJobCompleteReport] .. 작업 정보를 바르게 가져오지 못했습니다.[작업번호:9993]
09:43:52:247;IMP;[DeleteJobMst] .. 정상 처리되었습니다. 작업번호[9993]
09:43:52:306;IMP;[GetJobCompleteReport] .. SIM MODE 작업 (완료)삭제 성공하였습니다. [작업번호:9993]
09:43:52:513;ERR;[GetJobCompleteReport] .. 작업 정보를 바르게 가져오지 못했습니다.[작업번호:9993]
09:43:53:589;IMP;[DeleteJobMst] .. 정상 처리되었습니다. 작업번호[9993]
09:43:53:607;IMP;[GetJobCompleteReport] .. SIM MODE 작업 (완료)삭제 성공하였습니다. [작업번호:9993]
09:43:53:781;ERR;[GetJobCompleteReport] .. 작업 정보를 바르게 가져오지 못했습니다.[작업번호:9993]
09:43:54:859;IMP;[DeleteJobMst] .. 정상 처리되었습니다. 작업번호[9993]
09:43:54:870;IMP;[GetJobCompleteReport] .. SIM MODE 작업 (완료)삭제 성공하였습니다. [작업번호:9993]
09:43:55:035;ERR;[GetJobCompleteReport] .. 작업 정보를 바르게 가져오지 못했습니다.[작업번호:9993]
09:43:56:111;IMP;[DeleteJobMst] .. 정상 처리되었습니다. 작업번호[9993]
09:43:56:127;IMP;[GetJobCompleteReport] .. SIM MODE 작업 (완료)삭제 성공하였습니다. [작업번호:9993]
09:43:56:288;ERR;[GetJobCompleteReport] .. 작업 정보를 바르게 가져오지 못했습니다.[작업번호:9993]
09:43:57:403;IMP;[DeleteJobMst] .. 정상 처리되었습니다. 작업번호[9993]
09:43:57:431;IMP;[GetJobCompleteReport] .. SIM MODE 작업 (완료)삭제 성공하였습니다. [작업번호:9993]
09:43:57:610;ERR;[GetJobCompleteReport] .. 작업 정보를 바르게 가져오지 못했습니다.[작업번호:9993]
09:43:58:697;IMP;[DeleteJobMst] .. 정상 처리되었습니다. 작업번호[9993]
09:43:58:747;IMP;[GetJobCompleteReport] .. SIM MODE 작업 (완료)삭제 성공하였습니다. [작업번호:9993]
09:43:58:909;ERR;[GetJobCompleteReport] .. 작업 정보를 바르게 가져오지 못했습니다.[작업번호:9993]
09:44:00:009;IMP;[DeleteJobMst] .. 정상 처리되었습니다. 작업번호[9993]
09:44:00:042;IMP;[GetJobCompleteReport] .. SIM MODE 작업 (완료)삭제 성공하였습니다. [작업번호:9993]
09:44:00:208;ERR;[GetJobCompleteReport] .. 작업 정보를 바르게 가져오지 못했습니다.[작업번호:9993]
09:44:01:299;IMP;[DeleteJobMst] .. 정상 처리되었습니다. 작업번호[9993]
09:44:01:372;IMP;[GetJobCompleteReport] .. SIM MODE 작업 (완료)삭제 성공하였습니다. [작업번호:9993]
09:44:01:576;ERR;[GetJobCompleteReport] .. 작업 정보를 바르게 가져오지 못했습니다.[작업번호:9993]
09:44:02:679;IMP;[DeleteJobMst] .. 정상 처리되었습니다. 작업번호[9993]
09:44:02:714;IMP;[GetJobCompleteReport] .. SIM MODE 작업 (완료)삭제 성공하였습니다. [작업번호:9993]
09:44:02:935;ERR;[GetJobCompleteReport] .. 작업 정보를 바르게 가져오지 못했습니다.[작업번호:9993]
09:44:04:049;IMP;[DeleteJobMst] .. 정상 처리되었습니다. 작업번호[9993]
09:44:04:166;IMP;[GetJobCompleteReport] .. SIM MODE 작업 (완료)삭제 성공하였습니다. [작업번호:9993]
09:44:04:354;ERR;[GetJobCompleteReport] .. 작업 정보를 바르게 가져오지 못했습니다.[작업번호:9993]
09:44:05:495;IMP;[DeleteJobMst] .. 정상 처리되었습니다. 작업번호[9993]
09:44:05:533;IMP;[GetJobCompleteReport] .. SIM MODE 작업 (완료)삭제 성공하였습니다. [작업번호:9993]
09:44:05:747;ERR;[GetJobCompleteReport] .. 작업 정보를 바르게 가져오지 못했습니다.[작업번호:9993]
09:44:06:851;IMP;[DeleteJobMst] .. 정상 처리되었습니다. 작업번호[9993]
09:44:06:887;IMP;[GetJobCompleteReport] .. SIM MODE 작업 (완료)삭제 성공하였습니다. [작업번호:9993]
09:44:07:066;ERR;[GetJobCompleteReport] .. 작업 정보를 바르게 가져오지 못했습니다.[작업번호:9993]
09:44:08:170;IMP;[DeleteJobMst] .. 정상 처리되었습니다. 작업번호[9993]
09:44:08:220;IMP;[GetJobCompleteReport] .. SIM MODE 작업 (완료)삭제 성공하였습니다. [작업번호:9993]
09:44:08:404;ERR;[GetJobCompleteReport] .. 작업 정보를 바르게 가져오지 못했습니다.[작업번호:9993]
09:44:09:512;IMP;[DeleteJobMst] .. 정상 처리되었습니다. 작업번호[9993]
09:44:09:549;IMP;[GetJobCompleteReport] .. SIM MODE 작업 (완료)삭제 성공하였습니다. [작업번호:9993]
09:44:09:621;ERR;[GetJobCompleteReport] .. 작업 정보를 바르게 가져오지 못했습니다.[작업번호:9993]
09:44:10:716;IMP;[DeleteJobMst] .. 정상 처리되었습니다. 작업번호[9993]
09:44:10:753;IMP;[GetJobCompleteReport] .. SIM MODE 작업 (완료)삭제 성공하였습니다. [작업번호:9993]
09:44:10:837;ERR;[GetJobCompleteReport] .. 작업 정보를 바르게 가져오지 못했습니다.[작업번호:9993]
09:44:11:937;IMP;[DeleteJobMst] .. 정상 처리되었습니다. 작업번호[9993]
09:44:11:972;IMP;[GetJobCompleteReport] .. SIM MODE 작업 (완료)삭제 성공하였습니다. [작업번호:9993]
09:44:12:050;ERR;[GetJobCompleteReport] .. 작업 정보를 바르게 가져오지 못했습니다.[작업번호:9993]
09:44:13:142;IMP;[DeleteJobMst] .. 정상 처리되었습니다. 작업번호[9993]
09:44:13:176;IMP;[GetJobCompleteReport] .. SIM MODE 작업 (완료)삭제 성공하였습니다. [작업번호:9993]
09:44:13:295;ERR;[GetJobCompleteReport] .. 작업 정보를 바르게 가져오지 못했습니다.[작업번호:9993]
09:44:14:428;IMP;[DeleteJobMst] .. 정상 처리되었습니다. 작업번호[9993]
09:44:14:478;IMP;[GetJobCompleteReport] .. SIM MODE 작업 (완료)삭제 성공하였습니다. [작업번호:9993]
09:44:14:547;ERR;[GetJobCompleteReport] .. 작업 정보를 바르게 가져오지 못했습니다.[작업번호:9993]
09:44:15:609;IMP;[DeleteJobMst] .. 정상 처리되었습니다. 작업번호[9993]
09:44:15:616;IMP;[GetJobCompleteReport] .. SIM MODE 작업 (완료)삭제 성공하였습니다. [작업번호:9993]
09:44:15:683;ERR;[GetJobCompleteReport] .. 작업 정보를 바르게 가져오지 못했습니다.[작업번호:9993]
09:44:16:753;IMP;[DeleteJobMst] .. 정상 처리되었습니다. 작업번호[9993]
09:44:16:766;IMP;[GetJobCompleteReport] .. SIM MODE 작업 (완료)삭제 성공하였습니다. [작업번호:9993]
09:44:16:853;ERR;[GetJobCompleteReport] .. 작업 정보를 바르게 가져오지 못했습니다.[작업번호:9993]
09:44:17:934;IMP;[DeleteJobMst] .. 정상 처리되었습니다. 작업번호[9993]
09:44:17:958;IMP;[GetJobCompleteReport] .. SIM MODE 작업 (완료)삭제 성공하였습니다. [작업번호:9993]
09:44:18:052;ERR;[GetJobCompleteReport] .. 작업 정보를 바르게 가져오지 못했습니다.[작업번호:9993]
09:44:19:130;IMP;[DeleteJobMst] .. 정상 처리되었습니다. 작업번호[9993]
09:44:19:150;IMP;[GetJobCompleteReport] .. SIM MODE 작업 (완료)삭제 성공하였습니다. [작업번호:9993]
09:44:19:268;ERR;[GetJobCompleteReport] .. 작업 정보를 바르게 가져오지 못했습니다.[작업번호:9993]
09:44:20:352;IMP;[DeleteJobMst] .. 정상 처리되었습니다. 작업번호[9993]
09:44:20:375;IMP;[GetJobCompleteReport] .. SIM MODE 작업 (완료)삭제 성공하였습니다. [작업번호:9993]
09:44:20:490;ERR;[GetJobCompleteReport] .. 작업 정보를 바르게 가져오지 못했습니다.[작업번호:9993]
09:44:21:577;IMP;[DeleteJobMst] .. 정상 처리되었습니다. 작업번호[9993]
09:44:21:605;IMP;[GetJobCompleteReport] .. SIM MODE 작업 (완료)삭제 성공하였습니다. [작업번호:9993]
09:44:21:737;ERR;[GetJobCompleteReport] .. 작업 정보를 바르게 가져오지 못했습니다.[작업번호:9993]
09:44:22:826;IMP;[DeleteJobMst] .. 정상 처리되었습니다. 작업번호[9993]
09:44:22:891;IMP;[GetJobCompleteReport] .. SIM MODE 작업 (완료)삭제 성공하였습니다. [작업번호:9993]
09:44:23:057;ERR;[GetJobCompleteReport] .. 작업 정보를 바르게 가져오지 못했습니다.[작업번호:9993]
09:44:24:148;IMP;[DeleteJobMst] .. 정상 처리되었습니다. 작업번호[9993]
09:44:24:218;IMP;[GetJobCompleteReport] .. SIM MODE 작업 (완료)삭제 성공하였습니다. [작업번호:9993]
09:44:24:367;ERR;[GetJobCompleteReport] .. 작업 정보를 바르게 가져오지 못했습니다.[작업번호:9993]
09:44:25:457;IMP;[DeleteJobMst] .. 정상 처리되었습니다. 작업번호[9993]
09:44:25:492;IMP;[GetJobCompleteReport] .. SIM MODE 작업 (완료)삭제 성공하였습니다. [작업번호:9993]
09:44:25:938;ERR;[GetJobCompleteReport] .. 작업 정보를 바르게 가져오지 못했습니다.[작업번호:9993]
09:44:27:087;IMP;[DeleteJobMst] .. 정상 처리되었습니다. 작업번호[9993]
09:44:27:121;IMP;[GetJobCompleteReport] .. SIM MODE 작업 (완료)삭제 성공하였습니다. [작업번호:9993]
09:44:27:267;ERR;[GetJobCompleteReport] .. 작업 정보를 바르게 가져오지 못했습니다.[작업번호:9993]
09:44:28:360;IMP;[DeleteJobMst] .. 정상 처리되었습니다. 작업번호[9993]
09:44:28:401;IMP;[GetJobCompleteReport] .. SIM MODE 작업 (완료)삭제 성공하였습니다. [작업번호:9993]
09:44:28:610;ERR;[GetJobCompleteReport] .. 작업 정보를 바르게 가져오지 못했습니다.[작업번호:9993]
09:44:29:705;IMP;[DeleteJobMst] .. 정상 처리되었습니다. 작업번호[9993]
09:44:29:772;IMP;[GetJobCompleteReport] .. SIM MODE 작업 (완료)삭제 성공하였습니다. [작업번호:9993]
09:44:29:958;ERR;[GetJobCompleteReport] .. 작업 정보를 바르게 가져오지 못했습니다.[작업번호:9993]
09:44:31:058;IMP;[DeleteJobMst] .. 정상 처리되었습니다. 작업번호[9993]
09:44:31:094;IMP;[GetJobCompleteReport] .. SIM MODE 작업 (완료)삭제 성공하였습니다. [작업번호:9993]
09:44:31:276;ERR;[GetJobCompleteReport] .. 작업 정보를 바르게 가져오지 못했습니다.[작업번호:9993]
09:44:32:375;IMP;[DeleteJobMst] .. 정상 처리되었습니다. 작업번호[9993]
09:44:32:411;IMP;[GetJobCompleteReport] .. SIM MODE 작업 (완료)삭제 성공하였습니다. [작업번호:9993]
09:44:32:582;ERR;[GetJobCompleteReport] .. 작업 정보를 바르게 가져오지 못했습니다.[작업번호:9993]
09:44:33:717;IMP;[DeleteJobMst] .. 정상 처리되었습니다. 작업번호[9993]
09:44:33:791;IMP;[GetJobCompleteReport] .. SIM MODE 작업 (완료)삭제 성공하였습니다. [작업번호:9993]
09:44:33:981;ERR;[GetJobCompleteReport] .. 작업 정보를 바르게 가져오지 못했습니다.[작업번호:9993]
09:44:35:100;IMP;[DeleteJobMst] .. 정상 처리되었습니다. 작업번호[9993]
09:44:35:133;IMP;[GetJobCompleteReport] .. SIM MODE 작업 (완료)삭제 성공하였습니다. [작업번호:9993]
09:44:35:313;ERR;[GetJobCompleteReport] .. 작업 정보를 바르게 가져오지 못했습니다.[작업번호:9993]
09:44:36:408;IMP;[DeleteJobMst] .. 정상 처리되었습니다. 작업번호[9993]
09:44:36:500;IMP;[GetJobCompleteReport] .. SIM MODE 작업 (완료)삭제 성공하였습니다. [작업번호:9993]
09:44:36:681;ERR;[GetJobCompleteReport] .. 작업 정보를 바르게 가져오지 못했습니다.[작업번호:9993]
09:44:37:749;IMP;[DeleteJobMst] .. 정상 처리되었습니다. 작업번호[9993]
09:44:37:762;IMP;[GetJobCompleteReport] .. SIM MODE 작업 (완료)삭제 성공하였습니다. [작업번호:9993]
09:44:37:922;ERR;[GetJobCompleteReport] .. 작업 정보를 바르게 가져오지 못했습니다.[작업번호:9993]
09:44:39:009;IMP;[DeleteJobMst] .. 정상 처리되었습니다. 작업번호[9993]
09:44:39:043;IMP;[GetJobCompleteReport] .. SIM MODE 작업 (완료)삭제 성공하였습니다. [작업번호:9993]
09:44:39:212;ERR;[GetJobCompleteReport] .. 작업 정보를 바르게 가져오지 못했습니다.[작업번호:9993]
09:44:40:285;IMP;[DeleteJobMst] .. 정상 처리되었습니다. 작업번호[9993]
09:44:40:301;IMP;[GetJobCompleteReport] .. SIM MODE 작업 (완료)삭제 성공하였습니다. [작업번호:9993]
09:44:40:465;ERR;[GetJobCompleteReport] .. 작업 정보를 바르게 가져오지 못했습니다.[작업번호:9993]
09:44:41:545;IMP;[DeleteJobMst] .. 정상 처리되었습니다. 작업번호[9993]
09:44:41:565;IMP;[GetJobCompleteReport] .. SIM MODE 작업 (완료)삭제 성공하였습니다. [작업번호:9993]
09:44:41:760;ERR;[GetJobCompleteReport] .. 작업 정보를 바르게 가져오지 못했습니다.[작업번호:9993]
09:44:42:872;IMP;[DeleteJobMst] .. 정상 처리되었습니다. 작업번호[9993]
09:44:42:897;IMP;[GetJobCompleteReport] .. SIM MODE 작업 (완료)삭제 성공하였습니다. [작업번호:9993]
09:44:43:055;ERR;[GetJobCompleteReport] .. 작업 정보를 바르게 가져오지 못했습니다.[작업번호:9993]
09:44:44:178;IMP;[DeleteJobMst] .. 정상 처리되었습니다. 작업번호[9993]
09:44:44:227;IMP;[GetJobCompleteReport] .. SIM MODE 작업 (완료)삭제 성공하였습니다. [작업번호:9993]
09:44:44:512;ERR;[GetJobCompleteReport] .. 작업 정보를 바르게 가져오지 못했습니다.[작업번호:9993]
09:44:45:610;IMP;[DeleteJobMst] .. 정상 처리되었습니다. 작업번호[9993]
09:44:45:646;IMP;[GetJobCompleteReport] .. SIM MODE 작업 (완료)삭제 성공하였습니다. [작업번호:9993]
09:44:45:824;ERR;[GetJobCompleteReport] .. 작업 정보를 바르게 가져오지 못했습니다.[작업번호:9993]
09:44:46:917;IMP;[DeleteJobMst] .. 정상 처리되었습니다. 작업번호[9993]
09:44:46:957;IMP;[GetJobCompleteReport] .. SIM MODE 작업 (완료)삭제 성공하였습니다. [작업번호:9993]
09:44:47:135;ERR;[GetJobCompleteReport] .. 작업 정보를 바르게 가져오지 못했습니다.[작업번호:9993]
09:44:48:236;IMP;[DeleteJobMst] .. 정상 처리되었습니다. 작업번호[9993]
09:44:48:286;IMP;[GetJobCompleteReport] .. SIM MODE 작업 (완료)삭제 성공하였습니다. [작업번호:9993]
09:44:48:466;ERR;[GetJobCompleteReport] .. 작업 정보를 바르게 가져오지 못했습니다.[작업번호:9993]
09:44:49:569;IMP;[DeleteJobMst] .. 정상 처리되었습니다. 작업번호[9993]
09:44:49:608;IMP;[GetJobCompleteReport] .. SIM MODE 작업 (완료)삭제 성공하였습니다. [작업번호:9993]
09:44:49:833;ERR;[GetJobCompleteReport] .. 작업 정보를 바르게 가져오지 못했습니다.[작업번호:9993]
09:44:50:926;IMP;[DeleteJobMst] .. 정상 처리되었습니다. 작업번호[9993]
09:44:50:963;IMP;[GetJobCompleteReport] .. SIM MODE 작업 (완료)삭제 성공하였습니다. [작업번호:9993]
09:44:51:152;ERR;[GetJobCompleteReport] .. 작업 정보를 바르게 가져오지 못했습니다.[작업번호:9993]
09:44:52:261;IMP;[DeleteJobMst] .. 정상 처리되었습니다. 작업번호[9993]
09:44:52:305;IMP;[GetJobCompleteReport] .. SIM MODE 작업 (완료)삭제 성공하였습니다. [작업번호:9993]
09:44:52:507;ERR;[GetJobCompleteReport] .. 작업 정보를 바르게 가져오지 못했습니다.[작업번호:9993]
09:44:53:601;IMP;[DeleteJobMst] .. 정상 처리되었습니다. 작업번호[9993]
09:44:53:637;IMP;[GetJobCompleteReport] .. SIM MODE 작업 (완료)삭제 성공하였습니다. [작업번호:9993]
09:44:54:164;ERR;[GetJobCompleteReport] .. 작업 정보를 바르게 가져오지 못했습니다.[작업번호:9993]
09:44:55:318;IMP;[DeleteJobMst] .. 정상 처리되었습니다. 작업번호[9993]
09:44:55:383;IMP;[GetJobCompleteReport] .. SIM MODE 작업 (완료)삭제 성공하였습니다. [작업번호:9993]
09:44:55:582;ERR;[GetJobCompleteReport] .. 작업 정보를 바르게 가져오지 못했습니다.[작업번호:9993]
09:44:56:673;IMP;[DeleteJobMst] .. 정상 처리되었습니다. 작업번호[9993]
09:44:56:712;IMP;[GetJobCompleteReport] .. SIM MODE 작업 (완료)삭제 성공하였습니다. [작업번호:9993]
09:44:56:887;ERR;[GetJobCompleteReport] .. 작업 정보를 바르게 가져오지 못했습니다.[작업번호:9993]
09:44:58:004;IMP;[DeleteJobMst] .. 정상 처리되었습니다. 작업번호[9993]
09:44:58:041;IMP;[GetJobCompleteReport] .. SIM MODE 작업 (완료)삭제 성공하였습니다. [작업번호:9993]
09:44:58:226;ERR;[GetJobCompleteReport] .. 작업 정보를 바르게 가져오지 못했습니다.[작업번호:9993]
09:44:59:333;IMP;[DeleteJobMst] .. 정상 처리되었습니다. 작업번호[9993]
09:44:59:386;IMP;[GetJobCompleteReport] .. SIM MODE 작업 (완료)삭제 성공하였습니다. [작업번호:9993]
09:44:59:551;ERR;[GetJobCompleteReport] .. 작업 정보를 바르게 가져오지 못했습니다.[작업번호:9993]
09:45:00:624;IMP;[DeleteJobMst] .. 정상 처리되었습니다. 작업번호[9993]
09:45:00:632;IMP;[GetJobCompleteReport] .. SIM MODE 작업 (완료)삭제 성공하였습니다. [작업번호:9993]
09:45:00:787;ERR;[GetJobCompleteReport] .. 작업 정보를 바르게 가져오지 못했습니다.[작업번호:9993]
09:45:01:858;IMP;[DeleteJobMst] .. 정상 처리되었습니다. 작업번호[9993]
09:45:01:875;IMP;[GetJobCompleteReport] .. SIM MODE 작업 (완료)삭제 성공하였습니다. [작업번호:9993]
09:45:02:036;ERR;[GetJobCompleteReport] .. 작업 정보를 바르게 가져오지 못했습니다.[작업번호:9993]
09:45:03:108;IMP;[DeleteJobMst] .. 정상 처리되었습니다. 작업번호[9993]
09:45:03:125;IMP;[GetJobCompleteReport] .. SIM MODE 작업 (완료)삭제 성공하였습니다. [작업번호:9993]
09:45:03:599;ERR;[GetJobCompleteReport] .. 작업 정보를 바르게 가져오지 못했습니다.[작업번호:9993]
09:45:04:730;IMP;[DeleteJobMst] .. 정상 처리되었습니다. 작업번호[9993]
09:45:04:751;IMP;[GetJobCompleteReport] .. SIM MODE 작업 (완료)삭제 성공하였습니다. [작업번호:9993]
09:45:04:936;ERR;[GetJobCompleteReport] .. 작업 정보를 바르게 가져오지 못했습니다.[작업번호:9993]
09:45:06:042;IMP;[DeleteJobMst] .. 정상 처리되었습니다. 작업번호[9993]
09:45:06:071;IMP;[GetJobCompleteReport] .. SIM MODE 작업 (완료)삭제 성공하였습니다. [작업번호:9993]
09:45:06:257;ERR;[GetJobCompleteReport] .. 작업 정보를 바르게 가져오지 못했습니다.[작업번호:9993]
09:45:07:347;IMP;[DeleteJobMst] .. 정상 처리되었습니다. 작업번호[9993]
09:45:07:381;IMP;[GetJobCompleteReport] .. SIM MODE 작업 (완료)삭제 성공하였습니다. [작업번호:9993]
09:45:07:585;ERR;[GetJobCompleteReport] .. 작업 정보를 바르게 가져오지 못했습니다.[작업번호:9993]
09:45:08:680;IMP;[DeleteJobMst] .. 정상 처리되었습니다. 작업번호[9993]
09:45:08:769;IMP;[GetJobCompleteReport] .. SIM MODE 작업 (완료)삭제 성공하였습니다. [작업번호:9993]
09:45:08:942;ERR;[GetJobCompleteReport] .. 작업 정보를 바르게 가져오지 못했습니다.[작업번호:9993]
09:45:10:044;IMP;[DeleteJobMst] .. 정상 처리되었습니다. 작업번호[9993]
09:45:10:079;IMP;[GetJobCompleteReport] .. SIM MODE 작업 (완료)삭제 성공하였습니다. [작업번호:9993]
09:45:10:307;ERR;[GetJobCompleteReport] .. 작업 정보를 바르게 가져오지 못했습니다.[작업번호:9993]
09:45:11:420;IMP;[DeleteJobMst] .. 정상 처리되었습니다. 작업번호[9993]
09:45:11:459;IMP;[GetJobCompleteReport] .. SIM MODE 작업 (완료)삭제 성공하였습니다. [작업번호:9993]
09:45:11:641;ERR;[GetJobCompleteReport] .. 작업 정보를 바르게 가져오지 못했습니다.[작업번호:9993]
09:45:12:817;IMP;[DeleteJobMst] .. 정상 처리되었습니다. 작업번호[9993]
09:45:12:851;IMP;[GetJobCompleteReport] .. SIM MODE 작업 (완료)삭제 성공하였습니다. [작업번호:9993]
09:45:13:055;ERR;[GetJobCompleteReport] .. 작업 정보를 바르게 가져오지 못했습니다.[작업번호:9993]
09:45:14:149;IMP;[DeleteJobMst] .. 정상 처리되었습니다. 작업번호[9993]
09:45:14:216;IMP;[GetJobCompleteReport] .. SIM MODE 작업 (완료)삭제 성공하였습니다. [작업번호:9993]
09:45:15:812;ERR;[GetJobCompleteReport] .. 작업 정보를 바르게 가져오지 못했습니다.[작업번호:9993]
09:45:16:962;IMP;[DeleteJobMst] .. 정상 처리되었습니다. 작업번호[9993]
09:45:17:028;IMP;[GetJobCompleteReport] .. SIM MODE 작업 (완료)삭제 성공하였습니다. [작업번호:9993]
09:45:17:231;ERR;[GetJobCompleteReport] .. 작업 정보를 바르게 가져오지 못했습니다.[작업번호:9993]
09:45:18:363;IMP;[DeleteJobMst] .. 정상 처리되었습니다. 작업번호[9993]
09:45:18:416;IMP;[GetJobCompleteReport] .. SIM MODE 작업 (완료)삭제 성공하였습니다. [작업번호:9993]
09:45:18:528;ERR;[GetJobCompleteReport] .. 작업 정보를 바르게 가져오지 못했습니다.[작업번호:9993]
09:45:19:657;IMP;[DeleteJobMst] .. 정상 처리되었습니다. 작업번호[9993]
09:45:19:713;IMP;[GetJobCompleteReport] .. SIM MODE 작업 (완료)삭제 성공하였습니다. [작업번호:9993]
09:45:19:831;ERR;[GetJobCompleteReport] .. 작업 정보를 바르게 가져오지 못했습니다.[작업번호:9993]
09:45:20:945;IMP;[DeleteJobMst] .. 정상 처리되었습니다. 작업번호[9993]
09:45:20:988;IMP;[GetJobCompleteReport] .. SIM MODE 작업 (완료)삭제 성공하였습니다. [작업번호:9993]
09:45:21:073;ERR;[GetJobCompleteReport] .. 작업 정보를 바르게 가져오지 못했습니다.[작업번호:9993]
09:45:22:251;IMP;[DeleteJobMst] .. 정상 처리되었습니다. 작업번호[9993]
09:45:22:295;IMP;[GetJobCompleteReport] .. SIM MODE 작업 (완료)삭제 성공하였습니다. [작업번호:9993]
09:45:22:398;ERR;[GetJobCompleteReport] .. 작업 정보를 바르게 가져오지 못했습니다.[작업번호:9993]
09:45:23:501;IMP;[DeleteJobMst] .. 정상 처리되었습니다. 작업번호[9993]
09:45:23:584;IMP;[GetJobCompleteReport] .. SIM MODE 작업 (완료)삭제 성공하였습니다. [작업번호:9993]
09:45:23:666;ERR;[GetJobCompleteReport] .. 작업 정보를 바르게 가져오지 못했습니다.[작업번호:9993]
09:45:24:743;IMP;[DeleteJobMst] .. 정상 처리되었습니다. 작업번호[9993]
09:45:24:751;IMP;[GetJobCompleteReport] .. SIM MODE 작업 (완료)삭제 성공하였습니다. [작업번호:9993]
09:45:24:855;ERR;[GetJobCompleteReport] .. 작업 정보를 바르게 가져오지 못했습니다.[작업번호:9993]
09:45:25:937;IMP;[DeleteJobMst] .. 정상 처리되었습니다. 작업번호[9993]
09:45:25:951;IMP;[GetJobCompleteReport] .. SIM MODE 작업 (완료)삭제 성공하였습니다. [작업번호:9993]
09:45:26:062;ERR;[GetJobCompleteReport] .. 작업 정보를 바르게 가져오지 못했습니다.[작업번호:9993]
09:45:27:153;IMP;[DeleteJobMst] .. 정상 처리되었습니다. 작업번호[9993]
09:45:27:177;IMP;[GetJobCompleteReport] .. SIM MODE 작업 (완료)삭제 성공하였습니다. [작업번호:9993]
09:45:27:294;ERR;[GetJobCompleteReport] .. 작업 정보를 바르게 가져오지 못했습니다.[작업번호:9993]
09:45:28:382;IMP;[DeleteJobMst] .. 정상 처리되었습니다. 작업번호[9993]
09:45:28:414;IMP;[GetJobCompleteReport] .. SIM MODE 작업 (완료)삭제 성공하였습니다. [작업번호:9993]
09:45:28:549;ERR;[GetJobCompleteReport] .. 작업 정보를 바르게 가져오지 못했습니다.[작업번호:9993]
09:45:29:640;IMP;[DeleteJobMst] .. 정상 처리되었습니다. 작업번호[9993]
09:45:29:671;IMP;[GetJobCompleteReport] .. SIM MODE 작업 (완료)삭제 성공하였습니다. [작업번호:9993]
09:45:29:803;ERR;[GetJobCompleteReport] .. 작업 정보를 바르게 가져오지 못했습니다.[작업번호:9993]
09:45:30:949;IMP;[DeleteJobMst] .. 정상 처리되었습니다. 작업번호[9993]
09:45:30:982;IMP;[GetJobCompleteReport] .. SIM MODE 작업 (완료)삭제 성공하였습니다. [작업번호:9993]
09:45:31:164;ERR;[GetJobCompleteReport] .. 작업 정보를 바르게 가져오지 못했습니다.[작업번호:9993]
09:45:32:403;IMP;[DeleteJobMst] .. 정상 처리되었습니다. 작업번호[9993]
09:45:32:448;IMP;[GetJobCompleteReport] .. SIM MODE 작업 (완료)삭제 성공하였습니다. [작업번호:9993]
09:45:32:653;ERR;[GetJobCompleteReport] .. 작업 정보를 바르게 가져오지 못했습니다.[작업번호:9993]
09:45:33:788;IMP;[DeleteJobMst] .. 정상 처리되었습니다. 작업번호[9993]
09:45:33:827;IMP;[GetJobCompleteReport] .. SIM MODE 작업 (완료)삭제 성공하였습니다. [작업번호:9993]
09:45:34:015;ERR;[GetJobCompleteReport] .. 작업 정보를 바르게 가져오지 못했습니다.[작업번호:9993]
09:45:35:131;IMP;[DeleteJobMst] .. 정상 처리되었습니다. 작업번호[9993]
09:45:35:209;IMP;[GetJobCompleteReport] .. SIM MODE 작업 (완료)삭제 성공하였습니다. [작업번호:9993]
09:45:35:415;ERR;[GetJobCompleteReport] .. 작업 정보를 바르게 가져오지 못했습니다.[작업번호:9993]
09:45:36:528;IMP;[DeleteJobMst] .. 정상 처리되었습니다. 작업번호[9993]
09:45:36:570;IMP;[GetJobCompleteReport] .. SIM MODE 작업 (완료)삭제 성공하였습니다. [작업번호:9993]
09:45:36:739;ERR;[GetJobCompleteReport] .. 작업 정보를 바르게 가져오지 못했습니다.[작업번호:9993]
09:45:37:864;IMP;[DeleteJobMst] .. 정상 처리되었습니다. 작업번호[9993]
09:45:37:933;IMP;[GetJobCompleteReport] .. SIM MODE 작업 (완료)삭제 성공하였습니다. [작업번호:9993]
09:45:38:164;ERR;[GetJobCompleteReport] .. 작업 정보를 바르게 가져오지 못했습니다.[작업번호:9993]
09:45:39:320;IMP;[DeleteJobMst] .. 정상 처리되었습니다. 작업번호[9993]
09:45:39:380;IMP;[GetJobCompleteReport] .. SIM MODE 작업 (완료)삭제 성공하였습니다. [작업번호:9993]
09:45:39:598;ERR;[GetJobCompleteReport] .. 작업 정보를 바르게 가져오지 못했습니다.[작업번호:9993]
09:45:40:708;IMP;[DeleteJobMst] .. 정상 처리되었습니다. 작업번호[9993]
09:45:40:746;IMP;[GetJobCompleteReport] .. SIM MODE 작업 (완료)삭제 성공하였습니다. [작업번호:9993]
09:45:41:043;ERR;[GetJobCompleteReport] .. 작업 정보를 바르게 가져오지 못했습니다.[작업번호:9993]
09:45:42:170;IMP;[DeleteJobMst] .. 정상 처리되었습니다. 작업번호[9993]
09:45:42:209;IMP;[GetJobCompleteReport] .. SIM MODE 작업 (완료)삭제 성공하였습니다. [작업번호:9993]
09:45:42:439;ERR;[GetJobCompleteReport] .. 작업 정보를 바르게 가져오지 못했습니다.[작업번호:9993]
09:45:43:532;IMP;[DeleteJobMst] .. 정상 처리되었습니다. 작업번호[9993]
09:45:43:568;IMP;[GetJobCompleteReport] .. SIM MODE 작업 (완료)삭제 성공하였습니다. [작업번호:9993]
09:45:43:764;ERR;[GetJobCompleteReport] .. 작업 정보를 바르게 가져오지 못했습니다.[작업번호:9993]
09:45:44:865;IMP;[DeleteJobMst] .. 정상 처리되었습니다. 작업번호[9993]
09:45:44:903;IMP;[GetJobCompleteReport] .. SIM MODE 작업 (완료)삭제 성공하였습니다. [작업번호:9993]
09:45:45:103;ERR;[GetJobCompleteReport] .. 작업 정보를 바르게 가져오지 못했습니다.[작업번호:9993]
09:45:46:231;IMP;[DeleteJobMst] .. 정상 처리되었습니다. 작업번호[9993]
09:45:46:292;IMP;[GetJobCompleteReport] .. SIM MODE 작업 (완료)삭제 성공하였습니다. [작업번호:9993]
09:45:46:471;ERR;[GetJobCompleteReport] .. 작업 정보를 바르게 가져오지 못했습니다.[작업번호:9993]
09:45:47:544;IMP;[DeleteJobMst] .. 정상 처리되었습니다. 작업번호[9993]
09:45:47:557;IMP;[GetJobCompleteReport] .. SIM MODE 작업 (완료)삭제 성공하였습니다. [작업번호:9993]
09:45:47:731;ERR;[GetJobCompleteReport] .. 작업 정보를 바르게 가져오지 못했습니다.[작업번호:9993]
09:45:48:803;IMP;[DeleteJobMst] .. 정상 처리되었습니다. 작업번호[9993]
09:45:48:816;IMP;[GetJobCompleteReport] .. SIM MODE 작업 (완료)삭제 성공하였습니다. [작업번호:9993]
09:45:48:966;ERR;[GetJobCompleteReport] .. 작업 정보를 바르게 가져오지 못했습니다.[작업번호:9993]
09:45:50:063;IMP;[DeleteJobMst] .. 정상 처리되었습니다. 작업번호[9993]
09:45:50:093;IMP;[GetJobCompleteReport] .. SIM MODE 작업 (완료)삭제 성공하였습니다. [작업번호:9993]
09:45:50:260;ERR;[GetJobCompleteReport] .. 작업 정보를 바르게 가져오지 못했습니다.[작업번호:9993]
09:45:51:335;IMP;[DeleteJobMst] .. 정상 처리되었습니다. 작업번호[9993]
09:45:51:359;IMP;[GetJobCompleteReport] .. SIM MODE 작업 (완료)삭제 성공하였습니다. [작업번호:9993]
09:45:51:550;ERR;[GetJobCompleteReport] .. 작업 정보를 바르게 가져오지 못했습니다.[작업번호:9993]
09:45:52:636;IMP;[DeleteJobMst] .. 정상 처리되었습니다. 작업번호[9993]
09:45:52:664;IMP;[GetJobCompleteReport] .. SIM MODE 작업 (완료)삭제 성공하였습니다. [작업번호:9993]
09:45:52:845;ERR;[GetJobCompleteReport] .. 작업 정보를 바르게 가져오지 못했습니다.[작업번호:9993]
09:45:53:938;IMP;[DeleteJobMst] .. 정상 처리되었습니다. 작업번호[9993]
09:45:53:968;IMP;[GetJobCompleteReport] .. SIM MODE 작업 (완료)삭제 성공하였습니다. [작업번호:9993]
09:45:54:171;ERR;[GetJobCompleteReport] .. 작업 정보를 바르게 가져오지 못했습니다.[작업번호:9993]
09:45:55:274;IMP;[DeleteJobMst] .. 정상 처리되었습니다. 작업번호[9993]
09:45:55:314;IMP;[GetJobCompleteReport] .. SIM MODE 작업 (완료)삭제 성공하였습니다. [작업번호:9993]
09:45:55:566;ERR;[GetJobCompleteReport] .. 작업 정보를 바르게 가져오지 못했습니다.[작업번호:9993]
09:45:56:664;IMP;[DeleteJobMst] .. 정상 처리되었습니다. 작업번호[9993]
09:45:56:748;IMP;[GetJobCompleteReport] .. SIM MODE 작업 (완료)삭제 성공하였습니다. [작업번호:9993]
09:45:56:933;ERR;[GetJobCompleteReport] .. 작업 정보를 바르게 가져오지 못했습니다.[작업번호:9993]
09:45:58:035;IMP;[DeleteJobMst] .. 정상 처리되었습니다. 작업번호[9993]
09:45:58:074;IMP;[GetJobCompleteReport] .. SIM MODE 작업 (완료)삭제 성공하였습니다. [작업번호:9993]
09:45:58:266;ERR;[GetJobCompleteReport] .. 작업 정보를 바르게 가져오지 못했습니다.[작업번호:9993]
09:45:59:375;IMP;[DeleteJobMst] .. 정상 처리되었습니다. 작업번호[9993]
09:45:59:431;IMP;[GetJobCompleteReport] .. SIM MODE 작업 (완료)삭제 성공하였습니다. [작업번호:9993]
09:45:59:663;ERR;[GetJobCompleteReport] .. 작업 정보를 바르게 가져오지 못했습니다.[작업번호:9993]
09:46:00:773;IMP;[DeleteJobMst] .. 정상 처리되었습니다. 작업번호[9993]
09:46:00:810;IMP;[GetJobCompleteReport] .. SIM MODE 작업 (완료)삭제 성공하였습니다. [작업번호:9993]
09:46:00:990;ERR;[GetJobCompleteReport] .. 작업 정보를 바르게 가져오지 못했습니다.[작업번호:9993]
09:46:02:093;IMP;[DeleteJobMst] .. 정상 처리되었습니다. 작업번호[9993]
09:46:02:126;IMP;[GetJobCompleteReport] .. SIM MODE 작업 (완료)삭제 성공하였습니다. [작업번호:9993]
09:46:02:433;ERR;[GetJobCompleteReport] .. 작업 정보를 바르게 가져오지 못했습니다.[작업번호:9993]
09:46:03:529;IMP;[DeleteJobMst] .. 정상 처리되었습니다. 작업번호[9993]
09:46:03:566;IMP;[GetJobCompleteReport] .. SIM MODE 작업 (완료)삭제 성공하였습니다. [작업번호:9993]
09:46:03:759;ERR;[GetJobCompleteReport] .. 작업 정보를 바르게 가져오지 못했습니다.[작업번호:9993]
09:46:04:859;IMP;[DeleteJobMst] .. 정상 처리되었습니다. 작업번호[9993]
09:46:04:898;IMP;[GetJobCompleteReport] .. SIM MODE 작업 (완료)삭제 성공하였습니다. [작업번호:9993]
09:46:05:117;ERR;[GetJobCompleteReport] .. 작업 정보를 바르게 가져오지 못했습니다.[작업번호:9993]
09:46:06:224;IMP;[DeleteJobMst] .. 정상 처리되었습니다. 작업번호[9993]
09:46:06:274;IMP;[GetJobCompleteReport] .. SIM MODE 작업 (완료)삭제 성공하였습니다. [작업번호:9993]
09:46:06:538;ERR;[GetJobCompleteReport] .. 작업 정보를 바르게 가져오지 못했습니다.[작업번호:9993]
09:46:07:656;IMP;[DeleteJobMst] .. 정상 처리되었습니다. 작업번호[9993]
09:46:07:697;IMP;[GetJobCompleteReport] .. SIM MODE 작업 (완료)삭제 성공하였습니다. [작업번호:9993]
09:46:07:888;ERR;[GetJobCompleteReport] .. 작업 정보를 바르게 가져오지 못했습니다.[작업번호:9993]
09:46:08:986;IMP;[DeleteJobMst] .. 정상 처리되었습니다. 작업번호[9993]
09:46:09:048;IMP;[GetJobCompleteReport] .. SIM MODE 작업 (완료)삭제 성공하였습니다. [작업번호:9993]
09:46:09:221;ERR;[GetJobCompleteReport] .. 작업 정보를 바르게 가져오지 못했습니다.[작업번호:9993]
09:46:10:633;IMP;[DeleteJobMst] .. 정상 처리되었습니다. 작업번호[9993]
09:46:10:641;IMP;[GetJobCompleteReport] .. SIM MODE 작업 (완료)삭제 성공하였습니다. [작업번호:9993]
09:46:10:806;ERR;[GetJobCompleteReport] .. 작업 정보를 바르게 가져오지 못했습니다.[작업번호:9993]
09:46:11:878;IMP;[DeleteJobMst] .. 정상 처리되었습니다. 작업번호[9993]
09:46:11:901;IMP;[GetJobCompleteReport] .. SIM MODE 작업 (완료)삭제 성공하였습니다. [작업번호:9993]
09:46:12:056;ERR;[GetJobCompleteReport] .. 작업 정보를 바르게 가져오지 못했습니다.[작업번호:9993]
09:46:13:140;IMP;[DeleteJobMst] .. 정상 처리되었습니다. 작업번호[9993]
09:46:13:149;IMP;[GetJobCompleteReport] .. SIM MODE 작업 (완료)삭제 성공하였습니다. [작업번호:9993]
09:46:13:178;ERR;[GetJobCompleteReport] .. 작업 정보를 바르게 가져오지 못했습니다.[작업번호:9993]
09:46:14:247;IMP;[DeleteJobMst] .. 정상 처리되었습니다. 작업번호[9993]
09:46:14:248;IMP;[GetJobCompleteReport] .. SIM MODE 작업 (완료)삭제 성공하였습니다. [작업번호:9993]
09:46:14:278;ERR;[GetJobCompleteReport] .. 작업 정보를 바르게 가져오지 못했습니다.[작업번호:9993]
09:46:15:335;IMP;[DeleteJobMst] .. 정상 처리되었습니다. 작업번호[9993]
09:46:15:335;IMP;[GetJobCompleteReport] .. SIM MODE 작업 (완료)삭제 성공하였습니다. [작업번호:9993]
09:46:15:363;ERR;[GetJobCompleteReport] .. 작업 정보를 바르게 가져오지 못했습니다.[작업번호:9993]
09:46:16:425;IMP;[DeleteJobMst] .. 정상 처리되었습니다. 작업번호[9993]
09:46:16:425;IMP;[GetJobCompleteReport] .. SIM MODE 작업 (완료)삭제 성공하였습니다. [작업번호:9993]
09:46:16:460;ERR;[GetJobCompleteReport] .. 작업 정보를 바르게 가져오지 못했습니다.[작업번호:9993]
09:46:17:525;IMP;[DeleteJobMst] .. 정상 처리되었습니다. 작업번호[9993]
09:46:17:525;IMP;[GetJobCompleteReport] .. SIM MODE 작업 (완료)삭제 성공하였습니다. [작업번호:9993]
09:46:17:558;ERR;[GetJobCompleteReport] .. 작업 정보를 바르게 가져오지 못했습니다.[작업번호:9993]
09:46:18:631;IMP;[DeleteJobMst] .. 정상 처리되었습니다. 작업번호[9993]
09:46:18:633;IMP;[GetJobCompleteReport] .. SIM MODE 작업 (완료)삭제 성공하였습니다. [작업번호:9993]
09:46:18:968;ERR;[GetJobCompleteReport] .. 작업 정보를 바르게 가져오지 못했습니다.[작업번호:9993]
09:46:20:086;IMP;[DeleteJobMst] .. 정상 처리되었습니다. 작업번호[9993]
09:46:20:088;IMP;[GetJobCompleteReport] .. SIM MODE 작업 (완료)삭제 성공하였습니다. [작업번호:9993]
09:46:20:119;ERR;[GetJobCompleteReport] .. 작업 정보를 바르게 가져오지 못했습니다.[작업번호:9993]
09:46:21:181;IMP;[DeleteJobMst] .. 정상 처리되었습니다. 작업번호[9993]
09:46:21:183;IMP;[GetJobCompleteReport] .. SIM MODE 작업 (완료)삭제 성공하였습니다. [작업번호:9993]
09:46:21:209;ERR;[GetJobCompleteReport] .. 작업 정보를 바르게 가져오지 못했습니다.[작업번호:9993]
09:46:22:276;IMP;[DeleteJobMst] .. 정상 처리되었습니다. 작업번호[9993]
09:46:22:277;IMP;[GetJobCompleteReport] .. SIM MODE 작업 (완료)삭제 성공하였습니다. [작업번호:9993]
09:46:22:309;ERR;[GetJobCompleteReport] .. 작업 정보를 바르게 가져오지 못했습니다.[작업번호:9993]
09:46:23:372;IMP;[DeleteJobMst] .. 정상 처리되었습니다. 작업번호[9993]
09:46:23:373;IMP;[GetJobCompleteReport] .. SIM MODE 작업 (완료)삭제 성공하였습니다. [작업번호:9993]
09:46:23:428;ERR;[GetJobCompleteReport] .. 작업 정보를 바르게 가져오지 못했습니다.[작업번호:9993]
09:46:24:507;IMP;[DeleteJobMst] .. 정상 처리되었습니다. 작업번호[9993]
09:46:24:510;IMP;[GetJobCompleteReport] .. SIM MODE 작업 (완료)삭제 성공하였습니다. [작업번호:9993]
09:46:24:553;ERR;[GetJobCompleteReport] .. 작업 정보를 바르게 가져오지 못했습니다.[작업번호:9993]
09:46:25:621;IMP;[DeleteJobMst] .. 정상 처리되었습니다. 작업번호[9993]
09:46:25:630;IMP;[GetJobCompleteReport] .. SIM MODE 작업 (완료)삭제 성공하였습니다. [작업번호:9993]
09:46:25:659;ERR;[GetJobCompleteReport] .. 작업 정보를 바르게 가져오지 못했습니다.[작업번호:9993]
09:46:26:727;IMP;[DeleteJobMst] .. 정상 처리되었습니다. 작업번호[9993]
09:46:26:729;IMP;[GetJobCompleteReport] .. SIM MODE 작업 (완료)삭제 성공하였습니다. [작업번호:9993]
09:46:26:760;ERR;[GetJobCompleteReport] .. 작업 정보를 바르게 가져오지 못했습니다.[작업번호:9993]
09:46:27:823;IMP;[DeleteJobMst] .. 정상 처리되었습니다. 작업번호[9993]
09:46:27:825;IMP;[GetJobCompleteReport] .. SIM MODE 작업 (완료)삭제 성공하였습니다. [작업번호:9993]
09:46:27:853;ERR;[GetJobCompleteReport] .. 작업 정보를 바르게 가져오지 못했습니다.[작업번호:9993]
09:46:28:914;IMP;[DeleteJobMst] .. 정상 처리되었습니다. 작업번호[9993]
09:46:28:931;IMP;[GetJobCompleteReport] .. SIM MODE 작업 (완료)삭제 성공하였습니다. [작업번호:9993]
09:46:28:959;ERR;[GetJobCompleteReport] .. 작업 정보를 바르게 가져오지 못했습니다.[작업번호:9993]
09:46:30:020;IMP;[DeleteJobMst] .. 정상 처리되었습니다. 작업번호[9993]
09:46:30:020;IMP;[GetJobCompleteReport] .. SIM MODE 작업 (완료)삭제 성공하였습니다. [작업번호:9993]
09:46:30:053;ERR;[GetJobCompleteReport] .. 작업 정보를 바르게 가져오지 못했습니다.[작업번호:9993]
09:46:31:118;IMP;[DeleteJobMst] .. 정상 처리되었습니다. 작업번호[9993]
09:46:31:119;IMP;[GetJobCompleteReport] .. SIM MODE 작업 (완료)삭제 성공하였습니다. [작업번호:9993]
09:46:31:152;ERR;[GetJobCompleteReport] .. 작업 정보를 바르게 가져오지 못했습니다.[작업번호:9993]
09:46:32:211;IMP;[DeleteJobMst] .. 정상 처리되었습니다. 작업번호[9993]
09:46:32:212;IMP;[GetJobCompleteReport] .. SIM MODE 작업 (완료)삭제 성공하였습니다. [작업번호:9993]
09:46:32:237;ERR;[GetJobCompleteReport] .. 작업 정보를 바르게 가져오지 못했습니다.[작업번호:9993]
09:46:33:298;IMP;[DeleteJobMst] .. 정상 처리되었습니다. 작업번호[9993]
09:46:33:299;IMP;[GetJobCompleteReport] .. SIM MODE 작업 (완료)삭제 성공하였습니다. [작업번호:9993]
09:46:33:325;ERR;[GetJobCompleteReport] .. 작업 정보를 바르게 가져오지 못했습니다.[작업번호:9993]
09:46:34:394;IMP;[DeleteJobMst] .. 정상 처리되었습니다. 작업번호[9993]
09:46:34:405;IMP;[GetJobCompleteReport] .. SIM MODE 작업 (완료)삭제 성공하였습니다. [작업번호:9993]
09:46:34:440;ERR;[GetJobCompleteReport] .. 작업 정보를 바르게 가져오지 못했습니다.[작업번호:9993]
09:46:35:515;IMP;[DeleteJobMst] .. 정상 처리되었습니다. 작업번호[9993]
09:46:35:516;IMP;[GetJobCompleteReport] .. SIM MODE 작업 (완료)삭제 성공하였습니다. [작업번호:9993]
09:46:35:555;ERR;[GetJobCompleteReport] .. 작업 정보를 바르게 가져오지 못했습니다.[작업번호:9993]
09:46:36:620;IMP;[DeleteJobMst] .. 정상 처리되었습니다. 작업번호[9993]
09:46:36:621;IMP;[GetJobCompleteReport] .. SIM MODE 작업 (완료)삭제 성공하였습니다. [작업번호:9993]
09:46:36:645;ERR;[GetJobCompleteReport] .. 작업 정보를 바르게 가져오지 못했습니다.[작업번호:9993]
09:46:37:711;IMP;[DeleteJobMst] .. 정상 처리되었습니다. 작업번호[9993]
09:46:37:714;IMP;[GetJobCompleteReport] .. SIM MODE 작업 (완료)삭제 성공하였습니다. [작업번호:9993]
09:46:37:739;ERR;[GetJobCompleteReport] .. 작업 정보를 바르게 가져오지 못했습니다.[작업번호:9993]
09:46:38:809;IMP;[DeleteJobMst] .. 정상 처리되었습니다. 작업번호[9993]
09:46:38:814;IMP;[GetJobCompleteReport] .. SIM MODE 작업 (완료)삭제 성공하였습니다. [작업번호:9993]
09:46:38:846;ERR;[GetJobCompleteReport] .. 작업 정보를 바르게 가져오지 못했습니다.[작업번호:9993]
09:46:39:913;IMP;[DeleteJobMst] .. 정상 처리되었습니다. 작업번호[9993]
09:46:39:914;IMP;[GetJobCompleteReport] .. SIM MODE 작업 (완료)삭제 성공하였습니다. [작업번호:9993]
09:46:39:943;ERR;[GetJobCompleteReport] .. 작업 정보를 바르게 가져오지 못했습니다.[작업번호:9993]
09:46:41:009;IMP;[DeleteJobMst] .. 정상 처리되었습니다. 작업번호[9993]
09:46:41:010;IMP;[GetJobCompleteReport] .. SIM MODE 작업 (완료)삭제 성공하였습니다. [작업번호:9993]
09:50:32:971;ERR;[GetJobCompleteReport] .. 작업 정보를 바르게 가져오지 못했습니다.[작업번호:9993]
09:50:43:096;IMP;[DeleteJobMst] .. 정상 처리되었습니다. 작업번호[9993]
09:50:43:099;IMP;[GetJobCompleteReport] .. SIM MODE 작업 (완료)삭제 성공하였습니다. [작업번호:9993]
09:50:43:128;ERR;[GetJobCompleteReport] .. 작업 정보를 바르게 가져오지 못했습니다.[작업번호:9993]
09:50:44:200;IMP;[DeleteJobMst] .. 정상 처리되었습니다. 작업번호[9993]
09:50:44:202;IMP;[GetJobCompleteReport] .. SIM MODE 작업 (완료)삭제 성공하였습니다. [작업번호:9993]
09:50:44:236;ERR;[GetJobCompleteReport] .. 작업 정보를 바르게 가져오지 못했습니다.[작업번호:9993]
09:50:45:304;IMP;[DeleteJobMst] .. 정상 처리되었습니다. 작업번호[9993]
09:50:45:306;IMP;[GetJobCompleteReport] .. SIM MODE 작업 (완료)삭제 성공하였습니다. [작업번호:9993]
09:50:45:330;ERR;[GetJobCompleteReport] .. 작업 정보를 바르게 가져오지 못했습니다.[작업번호:9993]
09:50:46:420;IMP;[DeleteJobMst] .. 정상 처리되었습니다. 작업번호[9993]
09:50:46:422;IMP;[GetJobCompleteReport] .. SIM MODE 작업 (완료)삭제 성공하였습니다. [작업번호:9993]
09:50:46:453;ERR;[GetJobCompleteReport] .. 작업 정보를 바르게 가져오지 못했습니다.[작업번호:9993]
09:50:47:513;IMP;[DeleteJobMst] .. 정상 처리되었습니다. 작업번호[9993]
09:50:47:547;IMP;[GetJobCompleteReport] .. SIM MODE 작업 (완료)삭제 성공하였습니다. [작업번호:9993]
09:50:47:781;ERR;[GetJobCompleteReport] .. 작업 정보를 바르게 가져오지 못했습니다.[작업번호:9993]
09:50:48:877;IMP;[DeleteJobMst] .. 정상 처리되었습니다. 작업번호[9993]
09:50:49:011;IMP;[GetJobCompleteReport] .. SIM MODE 작업 (완료)삭제 성공하였습니다. [작업번호:9993]
09:50:49:253;ERR;[GetJobCompleteReport] .. 작업 정보를 바르게 가져오지 못했습니다.[작업번호:9993]
09:50:50:329;IMP;[DeleteJobMst] .. 정상 처리되었습니다. 작업번호[9993]
09:50:50:347;IMP;[GetJobCompleteReport] .. SIM MODE 작업 (완료)삭제 성공하였습니다. [작업번호:9993]
09:50:50:555;ERR;[GetJobCompleteReport] .. 작업 정보를 바르게 가져오지 못했습니다.[작업번호:9993]
09:50:51:638;IMP;[DeleteJobMst] .. 정상 처리되었습니다. 작업번호[9993]
09:50:51:650;IMP;[GetJobCompleteReport] .. SIM MODE 작업 (완료)삭제 성공하였습니다. [작업번호:9993]
09:50:51:840;ERR;[GetJobCompleteReport] .. 작업 정보를 바르게 가져오지 못했습니다.[작업번호:9993]
09:50:52:912;IMP;[DeleteJobMst] .. 정상 처리되었습니다. 작업번호[9993]
09:50:52:929;IMP;[GetJobCompleteReport] .. SIM MODE 작업 (완료)삭제 성공하였습니다. [작업번호:9993]
09:50:53:123;ERR;[GetJobCompleteReport] .. 작업 정보를 바르게 가져오지 못했습니다.[작업번호:9993]
09:50:54:208;IMP;[DeleteJobMst] .. 정상 처리되었습니다. 작업번호[9993]
09:50:54:242;IMP;[GetJobCompleteReport] .. SIM MODE 작업 (완료)삭제 성공하였습니다. [작업번호:9993]
09:50:54:551;ERR;[GetJobCompleteReport] .. 작업 정보를 바르게 가져오지 못했습니다.[작업번호:9993]
09:50:55:648;IMP;[DeleteJobMst] .. 정상 처리되었습니다. 작업번호[9993]
09:50:55:701;IMP;[GetJobCompleteReport] .. SIM MODE 작업 (완료)삭제 성공하였습니다. [작업번호:9993]
09:50:55:957;ERR;[GetJobCompleteReport] .. 작업 정보를 바르게 가져오지 못했습니다.[작업번호:9993]
09:50:57:049;IMP;[DeleteJobMst] .. 정상 처리되었습니다. 작업번호[9993]
09:50:57:105;IMP;[GetJobCompleteReport] .. SIM MODE 작업 (완료)삭제 성공하였습니다. [작업번호:9993]
09:50:57:343;ERR;[GetJobCompleteReport] .. 작업 정보를 바르게 가져오지 못했습니다.[작업번호:9993]
09:50:58:447;IMP;[DeleteJobMst] .. 정상 처리되었습니다. 작업번호[9993]
09:50:58:478;IMP;[GetJobCompleteReport] .. SIM MODE 작업 (완료)삭제 성공하였습니다. [작업번호:9993]
09:50:58:744;ERR;[GetJobCompleteReport] .. 작업 정보를 바르게 가져오지 못했습니다.[작업번호:9993]
09:50:59:848;IMP;[DeleteJobMst] .. 정상 처리되었습니다. 작업번호[9993]
09:50:59:885;IMP;[GetJobCompleteReport] .. SIM MODE 작업 (완료)삭제 성공하였습니다. [작업번호:9993]
09:51:00:148;ERR;[GetJobCompleteReport] .. 작업 정보를 바르게 가져오지 못했습니다.[작업번호:9993]
09:51:01:304;IMP;[DeleteJobMst] .. 정상 처리되었습니다. 작업번호[9993]
09:51:01:348;IMP;[GetJobCompleteReport] .. SIM MODE 작업 (완료)삭제 성공하였습니다. [작업번호:9993]
09:51:01:681;ERR;[GetJobCompleteReport] .. 작업 정보를 바르게 가져오지 못했습니다.[작업번호:9993]
09:51:02:782;IMP;[DeleteJobMst] .. 정상 처리되었습니다. 작업번호[9993]
09:51:02:839;IMP;[GetJobCompleteReport] .. SIM MODE 작업 (완료)삭제 성공하였습니다. [작업번호:9993]
09:51:03:134;ERR;[GetJobCompleteReport] .. 작업 정보를 바르게 가져오지 못했습니다.[작업번호:9993]
09:51:04:249;IMP;[DeleteJobMst] .. 정상 처리되었습니다. 작업번호[9993]
09:51:04:307;IMP;[GetJobCompleteReport] .. SIM MODE 작업 (완료)삭제 성공하였습니다. [작업번호:9993]
09:51:04:602;ERR;[GetJobCompleteReport] .. 작업 정보를 바르게 가져오지 못했습니다.[작업번호:9993]
09:51:05:721;IMP;[DeleteJobMst] .. 정상 처리되었습니다. 작업번호[9993]
09:51:05:777;IMP;[GetJobCompleteReport] .. SIM MODE 작업 (완료)삭제 성공하였습니다. [작업번호:9993]
09:51:06:094;ERR;[GetJobCompleteReport] .. 작업 정보를 바르게 가져오지 못했습니다.[작업번호:9993]
09:51:07:235;IMP;[DeleteJobMst] .. 정상 처리되었습니다. 작업번호[9993]
09:51:07:305;IMP;[GetJobCompleteReport] .. SIM MODE 작업 (완료)삭제 성공하였습니다. [작업번호:9993]
09:51:07:660;ERR;[GetJobCompleteReport] .. 작업 정보를 바르게 가져오지 못했습니다.[작업번호:9993]
09:51:08:813;IMP;[DeleteJobMst] .. 정상 처리되었습니다. 작업번호[9993]
09:51:08:884;IMP;[GetJobCompleteReport] .. SIM MODE 작업 (완료)삭제 성공하였습니다. [작업번호:9993]
09:51:09:298;ERR;[GetJobCompleteReport] .. 작업 정보를 바르게 가져오지 못했습니다.[작업번호:9993]
09:51:10:440;IMP;[DeleteJobMst] .. 정상 처리되었습니다. 작업번호[9993]
09:51:10:513;IMP;[GetJobCompleteReport] .. SIM MODE 작업 (완료)삭제 성공하였습니다. [작업번호:9993]
09:51:10:856;ERR;[GetJobCompleteReport] .. 작업 정보를 바르게 가져오지 못했습니다.[작업번호:9993]
09:51:12:000;IMP;[DeleteJobMst] .. 정상 처리되었습니다. 작업번호[9993]
09:51:12:077;IMP;[GetJobCompleteReport] .. SIM MODE 작업 (완료)삭제 성공하였습니다. [작업번호:9993]
09:51:12:448;ERR;[GetJobCompleteReport] .. 작업 정보를 바르게 가져오지 못했습니다.[작업번호:9993]
09:51:13:598;IMP;[DeleteJobMst] .. 정상 처리되었습니다. 작업번호[9993]
09:51:13:732;IMP;[GetJobCompleteReport] .. SIM MODE 작업 (완료)삭제 성공하였습니다. [작업번호:9993]
09:51:14:021;ERR;[GetJobCompleteReport] .. 작업 정보를 바르게 가져오지 못했습니다.[작업번호:9993]
09:51:15:086;IMP;[DeleteJobMst] .. 정상 처리되었습니다. 작업번호[9993]
09:51:15:106;IMP;[GetJobCompleteReport] .. SIM MODE 작업 (완료)삭제 성공하였습니다. [작업번호:9993]
09:51:15:418;ERR;[GetJobCompleteReport] .. 작업 정보를 바르게 가져오지 못했습니다.[작업번호:9993]
09:51:16:486;IMP;[DeleteJobMst] .. 정상 처리되었습니다. 작업번호[9993]
09:51:16:498;IMP;[GetJobCompleteReport] .. SIM MODE 작업 (완료)삭제 성공하였습니다. [작업번호:9993]
09:51:16:791;ERR;[GetJobCompleteReport] .. 작업 정보를 바르게 가져오지 못했습니다.[작업번호:9993]
09:51:17:864;IMP;[DeleteJobMst] .. 정상 처리되었습니다. 작업번호[9993]
09:51:17:881;IMP;[GetJobCompleteReport] .. SIM MODE 작업 (완료)삭제 성공하였습니다. [작업번호:9993]
09:51:18:181;ERR;[GetJobCompleteReport] .. 작업 정보를 바르게 가져오지 못했습니다.[작업번호:9993]
09:51:19:282;IMP;[DeleteJobMst] .. 정상 처리되었습니다. 작업번호[9993]
09:51:19:303;IMP;[GetJobCompleteReport] .. SIM MODE 작업 (완료)삭제 성공하였습니다. [작업번호:9993]
09:51:19:638;ERR;[GetJobCompleteReport] .. 작업 정보를 바르게 가져오지 못했습니다.[작업번호:9993]
09:51:20:727;IMP;[DeleteJobMst] .. 정상 처리되었습니다. 작업번호[9993]
09:51:20:753;IMP;[GetJobCompleteReport] .. SIM MODE 작업 (완료)삭제 성공하였습니다. [작업번호:9993]
09:51:21:169;ERR;[GetJobCompleteReport] .. 작업 정보를 바르게 가져오지 못했습니다.[작업번호:9993]
09:51:22:274;IMP;[DeleteJobMst] .. 정상 처리되었습니다. 작업번호[9993]
09:51:22:308;IMP;[GetJobCompleteReport] .. SIM MODE 작업 (완료)삭제 성공하였습니다. [작업번호:9993]
09:51:22:680;ERR;[GetJobCompleteReport] .. 작업 정보를 바르게 가져오지 못했습니다.[작업번호:9993]
09:51:23:787;IMP;[DeleteJobMst] .. 정상 처리되었습니다. 작업번호[9993]
09:51:23:828;IMP;[GetJobCompleteReport] .. SIM MODE 작업 (완료)삭제 성공하였습니다. [작업번호:9993]
09:51:24:231;ERR;[GetJobCompleteReport] .. 작업 정보를 바르게 가져오지 못했습니다.[작업번호:9993]
09:51:25:334;IMP;[DeleteJobMst] .. 정상 처리되었습니다. 작업번호[9993]
09:51:25:378;IMP;[GetJobCompleteReport] .. SIM MODE 작업 (완료)삭제 성공하였습니다. [작업번호:9993]
09:51:25:839;ERR;[GetJobCompleteReport] .. 작업 정보를 바르게 가져오지 못했습니다.[작업번호:9993]
09:51:26:938;IMP;[DeleteJobMst] .. 정상 처리되었습니다. 작업번호[9993]
09:51:26:984;IMP;[GetJobCompleteReport] .. SIM MODE 작업 (완료)삭제 성공하였습니다. [작업번호:9993]
09:51:27:484;ERR;[GetJobCompleteReport] .. 작업 정보를 바르게 가져오지 못했습니다.[작업번호:9993]
09:51:28:594;IMP;[DeleteJobMst] .. 정상 처리되었습니다. 작업번호[9993]
09:51:28:653;IMP;[GetJobCompleteReport] .. SIM MODE 작업 (완료)삭제 성공하였습니다. [작업번호:9993]
09:51:29:059;ERR;[GetJobCompleteReport] .. 작업 정보를 바르게 가져오지 못했습니다.[작업번호:9993]
09:51:30:169;IMP;[DeleteJobMst] .. 정상 처리되었습니다. 작업번호[9993]
09:51:30:232;IMP;[GetJobCompleteReport] .. SIM MODE 작업 (완료)삭제 성공하였습니다. [작업번호:9993]
09:51:30:633;ERR;[GetJobCompleteReport] .. 작업 정보를 바르게 가져오지 못했습니다.[작업번호:9993]
09:51:31:749;IMP;[DeleteJobMst] .. 정상 처리되었습니다. 작업번호[9993]
09:51:31:807;IMP;[GetJobCompleteReport] .. SIM MODE 작업 (완료)삭제 성공하였습니다. [작업번호:9993]
09:51:32:071;ERR;[GetJobCompleteReport] .. 작업 정보를 바르게 가져오지 못했습니다.[작업번호:9993]
09:51:33:203;IMP;[DeleteJobMst] .. 정상 처리되었습니다. 작업번호[9993]
09:51:33:298;IMP;[GetJobCompleteReport] .. SIM MODE 작업 (완료)삭제 성공하였습니다. [작업번호:9993]
09:51:33:447;ERR;[GetJobCompleteReport] .. 작업 정보를 바르게 가져오지 못했습니다.[작업번호:9993]
09:51:34:582;IMP;[DeleteJobMst] .. 정상 처리되었습니다. 작업번호[9993]
09:51:34:676;IMP;[GetJobCompleteReport] .. SIM MODE 작업 (완료)삭제 성공하였습니다. [작업번호:9993]
09:51:34:814;ERR;[GetJobCompleteReport] .. 작업 정보를 바르게 가져오지 못했습니다.[작업번호:9993]
09:51:35:965;IMP;[DeleteJobMst] .. 정상 처리되었습니다. 작업번호[9993]
09:51:36:039;IMP;[GetJobCompleteReport] .. SIM MODE 작업 (완료)삭제 성공하였습니다. [작업번호:9993]
09:51:36:199;ERR;[GetJobCompleteReport] .. 작업 정보를 바르게 가져오지 못했습니다.[작업번호:9993]
09:51:37:333;IMP;[DeleteJobMst] .. 정상 처리되었습니다. 작업번호[9993]
09:51:37:429;IMP;[GetJobCompleteReport] .. SIM MODE 작업 (완료)삭제 성공하였습니다. [작업번호:9993]
09:51:37:562;ERR;[GetJobCompleteReport] .. 작업 정보를 바르게 가져오지 못했습니다.[작업번호:9993]
09:51:38:711;IMP;[DeleteJobMst] .. 정상 처리되었습니다. 작업번호[9993]
09:51:38:889;IMP;[GetJobCompleteReport] .. SIM MODE 작업 (완료)삭제 성공하였습니다. [작업번호:9993]
09:51:38:957;ERR;[GetJobCompleteReport] .. 작업 정보를 바르게 가져오지 못했습니다.[작업번호:9993]
09:51:40:030;IMP;[DeleteJobMst] .. 정상 처리되었습니다. 작업번호[9993]
09:51:40:044;IMP;[GetJobCompleteReport] .. SIM MODE 작업 (완료)삭제 성공하였습니다. [작업번호:9993]
09:51:40:122;ERR;[GetJobCompleteReport] .. 작업 정보를 바르게 가져오지 못했습니다.[작업번호:9993]
09:51:41:198;IMP;[DeleteJobMst] .. 정상 처리되었습니다. 작업번호[9993]
09:51:41:209;IMP;[GetJobCompleteReport] .. SIM MODE 작업 (완료)삭제 성공하였습니다. [작업번호:9993]
09:51:41:314;ERR;[GetJobCompleteReport] .. 작업 정보를 바르게 가져오지 못했습니다.[작업번호:9993]
09:51:42:399;IMP;[DeleteJobMst] .. 정상 처리되었습니다. 작업번호[9993]
09:51:42:416;IMP;[GetJobCompleteReport] .. SIM MODE 작업 (완료)삭제 성공하였습니다. [작업번호:9993]
09:51:42:534;ERR;[GetJobCompleteReport] .. 작업 정보를 바르게 가져오지 못했습니다.[작업번호:9993]
09:51:43:621;IMP;[DeleteJobMst] .. 정상 처리되었습니다. 작업번호[9993]
09:51:43:644;IMP;[GetJobCompleteReport] .. SIM MODE 작업 (완료)삭제 성공하였습니다. [작업번호:9993]
09:51:43:750;ERR;[GetJobCompleteReport] .. 작업 정보를 바르게 가져오지 못했습니다.[작업번호:9993]
09:51:44:845;IMP;[DeleteJobMst] .. 정상 처리되었습니다. 작업번호[9993]
09:51:44:870;IMP;[GetJobCompleteReport] .. SIM MODE 작업 (완료)삭제 성공하였습니다. [작업번호:9993]
09:51:44:989;ERR;[GetJobCompleteReport] .. 작업 정보를 바르게 가져오지 못했습니다.[작업번호:9993]
09:51:46:075;IMP;[DeleteJobMst] .. 정상 처리되었습니다. 작업번호[9993]
09:51:46:129;IMP;[GetJobCompleteReport] .. SIM MODE 작업 (완료)삭제 성공하였습니다. [작업번호:9993]
09:51:46:318;ERR;[GetJobCompleteReport] .. 작업 정보를 바르게 가져오지 못했습니다.[작업번호:9993]
09:51:47:414;IMP;[DeleteJobMst] .. 정상 처리되었습니다. 작업번호[9993]
09:51:47:451;IMP;[GetJobCompleteReport] .. SIM MODE 작업 (완료)삭제 성공하였습니다. [작업번호:9993]
09:51:47:604;ERR;[GetJobCompleteReport] .. 작업 정보를 바르게 가져오지 못했습니다.[작업번호:9993]
09:51:48:717;IMP;[DeleteJobMst] .. 정상 처리되었습니다. 작업번호[9993]
09:51:48:778;IMP;[GetJobCompleteReport] .. SIM MODE 작업 (완료)삭제 성공하였습니다. [작업번호:9993]
09:51:48:929;ERR;[GetJobCompleteReport] .. 작업 정보를 바르게 가져오지 못했습니다.[작업번호:9993]
09:51:50:031;IMP;[DeleteJobMst] .. 정상 처리되었습니다. 작업번호[9993]
09:51:50:077;IMP;[GetJobCompleteReport] .. SIM MODE 작업 (완료)삭제 성공하였습니다. [작업번호:9993]
09:51:50:250;ERR;[GetJobCompleteReport] .. 작업 정보를 바르게 가져오지 못했습니다.[작업번호:9993]
09:51:51:359;IMP;[DeleteJobMst] .. 정상 처리되었습니다. 작업번호[9993]
09:51:51:423;IMP;[GetJobCompleteReport] .. SIM MODE 작업 (완료)삭제 성공하였습니다. [작업번호:9993]
09:51:51:673;ERR;[GetJobCompleteReport] .. 작업 정보를 바르게 가져오지 못했습니다.[작업번호:9993]
09:51:52:795;IMP;[DeleteJobMst] .. 정상 처리되었습니다. 작업번호[9993]
09:51:52:853;IMP;[GetJobCompleteReport] .. SIM MODE 작업 (완료)삭제 성공하였습니다. [작업번호:9993]
09:51:53:049;ERR;[GetJobCompleteReport] .. 작업 정보를 바르게 가져오지 못했습니다.[작업번호:9993]
09:51:54:195;IMP;[DeleteJobMst] .. 정상 처리되었습니다. 작업번호[9993]
09:51:54:251;IMP;[GetJobCompleteReport] .. SIM MODE 작업 (완료)삭제 성공하였습니다. [작업번호:9993]
09:51:54:468;ERR;[GetJobCompleteReport] .. 작업 정보를 바르게 가져오지 못했습니다.[작업번호:9993]
09:51:55:633;IMP;[DeleteJobMst] .. 정상 처리되었습니다. 작업번호[9993]
09:51:55:700;IMP;[GetJobCompleteReport] .. SIM MODE 작업 (완료)삭제 성공하였습니다. [작업번호:9993]
09:51:55:900;ERR;[GetJobCompleteReport] .. 작업 정보를 바르게 가져오지 못했습니다.[작업번호:9993]
09:51:57:032;IMP;[DeleteJobMst] .. 정상 처리되었습니다. 작업번호[9993]
09:51:57:099;IMP;[GetJobCompleteReport] .. SIM MODE 작업 (완료)삭제 성공하였습니다. [작업번호:9993]
09:51:57:432;ERR;[GetJobCompleteReport] .. 작업 정보를 바르게 가져오지 못했습니다.[작업번호:9993]
09:51:58:564;IMP;[DeleteJobMst] .. 정상 처리되었습니다. 작업번호[9993]
09:51:58:686;IMP;[GetJobCompleteReport] .. SIM MODE 작업 (완료)삭제 성공하였습니다. [작업번호:9993]
09:51:58:934;ERR;[GetJobCompleteReport] .. 작업 정보를 바르게 가져오지 못했습니다.[작업번호:9993]
09:52:00:080;IMP;[DeleteJobMst] .. 정상 처리되었습니다. 작업번호[9993]
09:52:00:215;IMP;[GetJobCompleteReport] .. SIM MODE 작업 (완료)삭제 성공하였습니다. [작업번호:9993]
09:52:00:568;ERR;[GetJobCompleteReport] .. 작업 정보를 바르게 가져오지 못했습니다.[작업번호:9993]
09:52:01:742;IMP;[DeleteJobMst] .. 정상 처리되었습니다. 작업번호[9993]
09:52:01:856;IMP;[GetJobCompleteReport] .. SIM MODE 작업 (완료)삭제 성공하였습니다. [작업번호:9993]
09:52:02:039;ERR;[GetJobCompleteReport] .. 작업 정보를 바르게 가져오지 못했습니다.[작업번호:9993]
09:52:03:125;IMP;[DeleteJobMst] .. 정상 처리되었습니다. 작업번호[9993]
09:52:03:134;IMP;[GetJobCompleteReport] .. SIM MODE 작업 (완료)삭제 성공하였습니다. [작업번호:9993]
09:52:03:354;ERR;[GetJobCompleteReport] .. 작업 정보를 바르게 가져오지 못했습니다.[작업번호:9993]
09:52:04:437;IMP;[DeleteJobMst] .. 정상 처리되었습니다. 작업번호[9993]
09:52:04:460;IMP;[GetJobCompleteReport] .. SIM MODE 작업 (완료)삭제 성공하였습니다. [작업번호:9993]
09:52:04:656;ERR;[GetJobCompleteReport] .. 작업 정보를 바르게 가져오지 못했습니다.[작업번호:9993]
09:52:05:726;IMP;[DeleteJobMst] .. 정상 처리되었습니다. 작업번호[9993]
09:52:05:744;IMP;[GetJobCompleteReport] .. SIM MODE 작업 (완료)삭제 성공하였습니다. [작업번호:9993]
09:52:05:970;ERR;[GetJobCompleteReport] .. 작업 정보를 바르게 가져오지 못했습니다.[작업번호:9993]
09:52:07:057;IMP;[DeleteJobMst] .. 정상 처리되었습니다. 작업번호[9993]
09:52:07:081;IMP;[GetJobCompleteReport] .. SIM MODE 작업 (완료)삭제 성공하였습니다. [작업번호:9993]
09:52:07:406;ERR;[GetJobCompleteReport] .. 작업 정보를 바르게 가져오지 못했습니다.[작업번호:9993]
09:52:08:515;IMP;[DeleteJobMst] .. 정상 처리되었습니다. 작업번호[9993]
09:52:08:543;IMP;[GetJobCompleteReport] .. SIM MODE 작업 (완료)삭제 성공하였습니다. [작업번호:9993]
09:52:08:771;ERR;[GetJobCompleteReport] .. 작업 정보를 바르게 가져오지 못했습니다.[작업번호:9993]
09:52:09:861;IMP;[DeleteJobMst] .. 정상 처리되었습니다. 작업번호[9993]
09:52:09:910;IMP;[GetJobCompleteReport] .. SIM MODE 작업 (완료)삭제 성공하였습니다. [작업번호:9993]
09:52:10:186;ERR;[GetJobCompleteReport] .. 작업 정보를 바르게 가져오지 못했습니다.[작업번호:9993]
09:52:11:285;IMP;[DeleteJobMst] .. 정상 처리되었습니다. 작업번호[9993]
09:52:11:320;IMP;[GetJobCompleteReport] .. SIM MODE 작업 (완료)삭제 성공하였습니다. [작업번호:9993]
09:52:11:582;ERR;[GetJobCompleteReport] .. 작업 정보를 바르게 가져오지 못했습니다.[작업번호:9993]
09:52:12:679;IMP;[DeleteJobMst] .. 정상 처리되었습니다. 작업번호[9993]
09:52:12:718;IMP;[GetJobCompleteReport] .. SIM MODE 작업 (완료)삭제 성공하였습니다. [작업번호:9993]
09:52:39:611;ERR;[GetJobCompleteReport] .. 작업 정보를 바르게 가져오지 못했습니다.[작업번호:9993]
09:52:40:710;IMP;[DeleteJobMst] .. 정상 처리되었습니다. 작업번호[9993]
09:52:40:756;IMP;[GetJobCompleteReport] .. SIM MODE 작업 (완료)삭제 성공하였습니다. [작업번호:9993]
09:52:51:124;ERR;[GetJobCompleteReport] .. 작업 정보를 바르게 가져오지 못했습니다.[작업번호:9993]
09:52:52:238;IMP;[DeleteJobMst] .. 정상 처리되었습니다. 작업번호[9993]
09:52:52:291;IMP;[GetJobCompleteReport] .. SIM MODE 작업 (완료)삭제 성공하였습니다. [작업번호:9993]
09:52:52:580;ERR;[GetJobCompleteReport] .. 작업 정보를 바르게 가져오지 못했습니다.[작업번호:9993]
09:52:53:718;IMP;[DeleteJobMst] .. 정상 처리되었습니다. 작업번호[9993]
09:52:53:801;IMP;[GetJobCompleteReport] .. SIM MODE 작업 (완료)삭제 성공하였습니다. [작업번호:9993]
09:52:54:161;ERR;[GetJobCompleteReport] .. 작업 정보를 바르게 가져오지 못했습니다.[작업번호:9993]
09:52:55:287;IMP;[DeleteJobMst] .. 정상 처리되었습니다. 작업번호[9993]
09:52:55:353;IMP;[GetJobCompleteReport] .. SIM MODE 작업 (완료)삭제 성공하였습니다. [작업번호:9993]
09:52:55:685;ERR;[GetJobCompleteReport] .. 작업 정보를 바르게 가져오지 못했습니다.[작업번호:9993]
09:52:56:814;IMP;[DeleteJobMst] .. 정상 처리되었습니다. 작업번호[9993]
09:52:56:877;IMP;[GetJobCompleteReport] .. SIM MODE 작업 (완료)삭제 성공하였습니다. [작업번호:9993]
09:52:57:237;ERR;[GetJobCompleteReport] .. 작업 정보를 바르게 가져오지 못했습니다.[작업번호:9993]
09:52:58:370;IMP;[DeleteJobMst] .. 정상 처리되었습니다. 작업번호[9993]
09:52:58:491;IMP;[GetJobCompleteReport] .. SIM MODE 작업 (완료)삭제 성공하였습니다. [작업번호:9993]
09:52:58:866;ERR;[GetJobCompleteReport] .. 작업 정보를 바르게 가져오지 못했습니다.[작업번호:9993]
09:53:00:010;IMP;[DeleteJobMst] .. 정상 처리되었습니다. 작업번호[9993]
09:53:00:086;IMP;[GetJobCompleteReport] .. SIM MODE 작업 (완료)삭제 성공하였습니다. [작업번호:9993]
09:55:31:821;ERR;[GetJobCompleteReport] .. 작업 정보를 바르게 가져오지 못했습니다.[작업번호:9993]
09:59:09:403;IMP;[DeleteJobMst] .. 정상 처리되었습니다. 작업번호[9991]
09:59:09:525;IMP;[GetJobCompleteReport] .. SIM MODE 작업 (완료)삭제 성공하였습니다. [작업번호:9991]
09:59:09:742;IMP;[GetJobCompleteReport] .. SIM MODE 작업 추가 되었습니다.[작업번호:9991]
09:59:10:886;IMP;[DeleteJobMst] .. 정상 처리되었습니다. 작업번호[9993]
09:59:10:997;IMP;[GetJobCompleteReport] .. SIM MODE 작업 (완료)삭제 성공하였습니다. [작업번호:9993]
09:59:11:307;ERR;[GetJobCompleteReport] .. 작업 정보를 바르게 가져오지 못했습니다.[작업번호:9993]
09:59:17:957;IMP;[DeleteJobMst] .. 정상 처리되었습니다. 작업번호[9993]
09:59:17:965;IMP;[GetJobCompleteReport] .. SIM MODE 작업 (완료)삭제 성공하였습니다. [작업번호:9993]
10:04:33:439;ERR;[GetJobCompleteReport] .. 작업 정보를 바르게 가져오지 못했습니다.[작업번호:9993]
10:09:32:795;IMP;[DeleteJobMst] .. 정상 처리되었습니다. 작업번호[9993]
10:09:32:814;IMP;[GetJobCompleteReport] .. SIM MODE 작업 (완료)삭제 성공하였습니다. [작업번호:9993]
10:12:59:949;ERR;[GetJobCompleteReport] .. 작업 정보를 바르게 가져오지 못했습니다.[작업번호:9993]
10:13:01:371;IMP;[DeleteJobMst] .. 정상 처리되었습니다. 작업번호[9991]
10:13:01:388;IMP;[GetJobCompleteReport] .. SIM MODE 작업 (완료)삭제 성공하였습니다. [작업번호:9991]
10:13:02:756;IMP;[DeleteJobMst] .. 정상 처리되었습니다. 작업번호[9993]
10:13:02:776;IMP;[GetJobCompleteReport] .. SIM MODE 작업 (완료)삭제 성공하였습니다. [작업번호:9993]
10:16:22:507;ERR;[GetJobCompleteReport] .. 작업 정보를 바르게 가져오지 못했습니다.[작업번호:9993]
10:16:25:023;IMP;[DeleteJobMst] .. 정상 처리되었습니다. 작업번호[9993]
10:16:25:053;IMP;[GetJobCompleteReport] .. SIM MODE 작업 (완료)삭제 성공하였습니다. [작업번호:9993]
10:16:50:720;ERR;[GetJobCompleteReport] .. 작업 정보를 바르게 가져오지 못했습니다.[작업번호:9993]
10:16:52:510;IMP;[DeleteJobMst] .. 정상 처리되었습니다. 작업번호[9993]
10:16:52:556;IMP;[GetJobCompleteReport] .. SIM MODE 작업 (완료)삭제 성공하였습니다. [작업번호:9993]
10:26:44:257;ERR;Nested/Concurrent transactions aren't supported.
10:26:44:305;IMP;이상 발생.DB Logout...
10:26:44:368;IMP;통신 쓰레드를 종료합니다.
10:26:48:481;IMP;DB 로그인 중...
10:26:48:530;IMP;DB 로그인 성공.
10:27:54:171;ERR;[GetJobCompleteReport] .. 금지랙이라서 로케이션을 수정합니다.[작업번호:9993][현재LOC:05-011-01][신규LOC:05-012-01]
10:28:07:701;IMP;[DeleteJobMst] .. 정상 처리되었습니다. 작업번호[9991]
10:28:07:759;IMP;[GetJobCompleteReport] .. SIM MODE 작업 (완료)삭제 성공하였습니다. [작업번호:9991]
10:28:07:829;IMP;[GetJobCompleteReport] .. SIM MODE 작업 추가 되었습니다.[작업번호:9991]
10:28:08:965;IMP;[DeleteJobMst] .. 정상 처리되었습니다. 작업번호[9993]
10:28:09:029;IMP;[GetJobCompleteReport] .. SIM MODE 작업 (완료)삭제 성공하였습니다. [작업번호:9993]
10:28:09:113;IMP;[GetJobCompleteReport] .. SIM MODE 작업 추가 되었습니다.[작업번호:9993]
10:29:07:114;IMP;[DeleteJobMst] .. 정상 처리되었습니다. 작업번호[9991]
10:29:07:167;IMP;[GetJobCompleteReport] .. SIM MODE 작업 (완료)삭제 성공하였습니다. [작업번호:9991]
10:29:25:186;IMP;[DeleteJobMst] .. 정상 처리되었습니다. 작업번호[9993]
10:29:25:239;IMP;[GetJobCompleteReport] .. SIM MODE 작업 (완료)삭제 성공하였습니다. [작업번호:9993]
10:30:52:774;IMP;[DeleteJobMst] .. 정상 처리되었습니다. 작업번호[9991]
10:30:52:834;IMP;[GetJobCompleteReport] .. SIM MODE 작업 (완료)삭제 성공하였습니다. [작업번호:9991]
10:30:52:901;IMP;[GetJobCompleteReport] .. SIM MODE 작업 추가 되었습니다.[작업번호:9991]
10:31:01:255;IMP;[DeleteJobMst] .. 정상 처리되었습니다. 작업번호[9993]
10:31:01:330;IMP;[GetJobCompleteReport] .. SIM MODE 작업 (완료)삭제 성공하였습니다. [작업번호:9993]
10:31:01:416;IMP;[GetJobCompleteReport] .. SIM MODE 작업 추가 되었습니다.[작업번호:9993]
10:32:00:534;IMP;[DeleteJobMst] .. 정상 처리되었습니다. 작업번호[9991]
10:32:00:598;IMP;[GetJobCompleteReport] .. SIM MODE 작업 (완료)삭제 성공하였습니다. [작업번호:9991]
10:32:10:406;IMP;[DeleteJobMst] .. 정상 처리되었습니다. 작업번호[9993]
10:32:10:548;IMP;[GetJobCompleteReport] .. SIM MODE 작업 (완료)삭제 성공하였습니다. [작업번호:9993]
10:33:35:322;IMP;[DeleteJobMst] .. 정상 처리되었습니다. 작업번호[9991]
10:33:35:400;IMP;[GetJobCompleteReport] .. SIM MODE 작업 (완료)삭제 성공하였습니다. [작업번호:9991]
10:33:35:571;IMP;[GetJobCompleteReport] .. SIM MODE 작업 추가 되었습니다.[작업번호:9991]
10:33:48:135;IMP;[DeleteJobMst] .. 정상 처리되었습니다. 작업번호[9993]
10:33:48:286;IMP;[GetJobCompleteReport] .. SIM MODE 작업 (완료)삭제 성공하였습니다. [작업번호:9993]
10:33:48:389;IMP;[GetJobCompleteReport] .. SIM MODE 작업 추가 되었습니다.[작업번호:9993]
10:34:36:088;IMP;[DeleteJobMst] .. 정상 처리되었습니다. 작업번호[9991]
10:34:36:192;IMP;[GetJobCompleteReport] .. SIM MODE 작업 (완료)삭제 성공하였습니다. [작업번호:9991]
10:35:10:648;IMP;[DeleteJobMst] .. 정상 처리되었습니다. 작업번호[9993]
10:35:10:656;IMP;[GetJobCompleteReport] .. SIM MODE 작업 (완료)삭제 성공하였습니다. [작업번호:9993]
10:36:13:810;IMP;[DeleteJobMst] .. 정상 처리되었습니다. 작업번호[9991]
10:36:13:820;IMP;[GetJobCompleteReport] .. SIM MODE 작업 (완료)삭제 성공하였습니다. [작업번호:9991]
10:36:13:852;IMP;[GetJobCompleteReport] .. SIM MODE 작업 추가 되었습니다.[작업번호:9991]
10:36:48:001;IMP;[DeleteJobMst] .. 정상 처리되었습니다. 작업번호[9993]
10:36:48:015;IMP;[GetJobCompleteReport] .. SIM MODE 작업 (완료)삭제 성공하였습니다. [작업번호:9993]
10:36:48:047;IMP;[GetJobCompleteReport] .. SIM MODE 작업 추가 되었습니다.[작업번호:9993]
10:37:35:644;IMP;[DeleteJobMst] .. 정상 처리되었습니다. 작업번호[9991]
10:37:35:663;IMP;[GetJobCompleteReport] .. SIM MODE 작업 (완료)삭제 성공하였습니다. [작업번호:9991]
10:37:56:337;IMP;[DeleteJobMst] .. 정상 처리되었습니다. 작업번호[9993]
10:37:56:358;IMP;[GetJobCompleteReport] .. SIM MODE 작업 (완료)삭제 성공하였습니다. [작업번호:9993]
10:39:12:381;IMP;[DeleteJobMst] .. 정상 처리되었습니다. 작업번호[9991]
10:39:12:406;IMP;[GetJobCompleteReport] .. SIM MODE 작업 (완료)삭제 성공하였습니다. [작업번호:9991]
10:39:12:456;IMP;[GetJobCompleteReport] .. SIM MODE 작업 추가 되었습니다.[작업번호:9991]
10:39:25:205;IMP;[DeleteJobMst] .. 정상 처리되었습니다. 작업번호[9993]
10:39:25:239;IMP;[GetJobCompleteReport] .. SIM MODE 작업 (완료)삭제 성공하였습니다. [작업번호:9993]
10:39:25:292;IMP;[GetJobCompleteReport] .. SIM MODE 작업 추가 되었습니다.[작업번호:9993]
10:40:16:181;IMP;[DeleteJobMst] .. 정상 처리되었습니다. 작업번호[9991]
10:40:16:211;IMP;[GetJobCompleteReport] .. SIM MODE 작업 (완료)삭제 성공하였습니다. [작업번호:9991]
10:40:51:821;IMP;[DeleteJobMst] .. 정상 처리되었습니다. 작업번호[9993]
10:40:51:856;IMP;[GetJobCompleteReport] .. SIM MODE 작업 (완료)삭제 성공하였습니다. [작업번호:9993]
10:41:55:148;IMP;[DeleteJobMst] .. 정상 처리되었습니다. 작업번호[9991]
10:41:55:209;IMP;[GetJobCompleteReport] .. SIM MODE 작업 (완료)삭제 성공하였습니다. [작업번호:9991]
10:41:55:277;IMP;[GetJobCompleteReport] .. SIM MODE 작업 추가 되었습니다.[작업번호:9991]
10:42:30:624;IMP;[DeleteJobMst] .. 정상 처리되었습니다. 작업번호[9993]
10:42:30:678;IMP;[GetJobCompleteReport] .. SIM MODE 작업 (완료)삭제 성공하였습니다. [작업번호:9993]
10:42:30:747;IMP;[GetJobCompleteReport] .. SIM MODE 작업 추가 되었습니다.[작업번호:9993]
10:43:18:496;IMP;[DeleteJobMst] .. 정상 처리되었습니다. 작업번호[9991]
10:43:18:565;IMP;[GetJobCompleteReport] .. SIM MODE 작업 (완료)삭제 성공하였습니다. [작업번호:9991]
10:43:39:439;IMP;[DeleteJobMst] .. 정상 처리되었습니다. 작업번호[9993]
10:43:39:498;IMP;[GetJobCompleteReport] .. SIM MODE 작업 (완료)삭제 성공하였습니다. [작업번호:9993]
10:44:44:577;IMP;[DeleteJobMst] .. 정상 처리되었습니다. 작업번호[9991]
10:44:44:673;IMP;[GetJobCompleteReport] .. SIM MODE 작업 (완료)삭제 성공하였습니다. [작업번호:9991]
10:44:44:810;IMP;[GetJobCompleteReport] .. SIM MODE 작업 추가 되었습니다.[작업번호:9991]
10:45:24:334;IMP;[DeleteJobMst] .. 정상 처리되었습니다. 작업번호[9993]
10:45:24:425;IMP;[GetJobCompleteReport] .. SIM MODE 작업 (완료)삭제 성공하였습니다. [작업번호:9993]
10:45:24:532;IMP;[GetJobCompleteReport] .. SIM MODE 작업 추가 되었습니다.[작업번호:9993]
10:46:01:005;IMP;[DeleteJobMst] .. 정상 처리되었습니다. 작업번호[9991]
10:46:01:122;IMP;[GetJobCompleteReport] .. SIM MODE 작업 (완료)삭제 성공하였습니다. [작업번호:9991]
10:46:38:531;IMP;[DeleteJobMst] .. 정상 처리되었습니다. 작업번호[9993]
10:46:38:622;IMP;[GetJobCompleteReport] .. SIM MODE 작업 (완료)삭제 성공하였습니다. [작업번호:9993]
10:47:49:388;IMP;[DeleteJobMst] .. 정상 처리되었습니다. 작업번호[9991]
10:47:49:559;IMP;[GetJobCompleteReport] .. SIM MODE 작업 (완료)삭제 성공하였습니다. [작업번호:9991]
10:47:49:738;IMP;[GetJobCompleteReport] .. SIM MODE 작업 추가 되었습니다.[작업번호:9991]
10:48:06:442;IMP;[DeleteJobMst] .. 정상 처리되었습니다. 작업번호[9993]
10:48:06:526;IMP;[GetJobCompleteReport] .. SIM MODE 작업 (완료)삭제 성공하였습니다. [작업번호:9993]
10:48:06:629;IMP;[GetJobCompleteReport] .. SIM MODE 작업 추가 되었습니다.[작업번호:9993]
10:48:55:599;IMP;[DeleteJobMst] .. 정상 처리되었습니다. 작업번호[9991]
10:48:55:734;IMP;[GetJobCompleteReport] .. SIM MODE 작업 (완료)삭제 성공하였습니다. [작업번호:9991]
10:49:33:485;IMP;[DeleteJobMst] .. 정상 처리되었습니다. 작업번호[9993]
10:49:33:493;IMP;[GetJobCompleteReport] .. SIM MODE 작업 (완료)삭제 성공하였습니다. [작업번호:9993]
10:50:35:191;IMP;[DeleteJobMst] .. 정상 처리되었습니다. 작업번호[9991]
10:50:35:202;IMP;[GetJobCompleteReport] .. SIM MODE 작업 (완료)삭제 성공하였습니다. [작업번호:9991]
10:50:35:229;IMP;[GetJobCompleteReport] .. SIM MODE 작업 추가 되었습니다.[작업번호:9991]
10:51:14:611;IMP;[DeleteJobMst] .. 정상 처리되었습니다. 작업번호[9993]
10:51:14:637;IMP;[GetJobCompleteReport] .. SIM MODE 작업 (완료)삭제 성공하였습니다. [작업번호:9993]
10:51:14:690;IMP;[GetJobCompleteReport] .. SIM MODE 작업 추가 되었습니다.[작업번호:9993]
10:52:01:295;IMP;[DeleteJobMst] .. 정상 처리되었습니다. 작업번호[9991]
10:52:01:310;IMP;[GetJobCompleteReport] .. SIM MODE 작업 (완료)삭제 성공하였습니다. [작업번호:9991]
10:52:25:273;IMP;[DeleteJobMst] .. 정상 처리되었습니다. 작업번호[9993]
10:52:25:294;IMP;[GetJobCompleteReport] .. SIM MODE 작업 (완료)삭제 성공하였습니다. [작업번호:9993]
10:53:31:987;IMP;[DeleteJobMst] .. 정상 처리되었습니다. 작업번호[9991]
10:53:32:019;IMP;[GetJobCompleteReport] .. SIM MODE 작업 (완료)삭제 성공하였습니다. [작업번호:9991]
10:53:32:060;IMP;[GetJobCompleteReport] .. SIM MODE 작업 추가 되었습니다.[작업번호:9991]
10:54:10:766;IMP;[DeleteJobMst] .. 정상 처리되었습니다. 작업번호[9993]
10:54:10:794;IMP;[GetJobCompleteReport] .. SIM MODE 작업 (완료)삭제 성공하였습니다. [작업번호:9993]
10:54:10:842;IMP;[GetJobCompleteReport] .. SIM MODE 작업 추가 되었습니다.[작업번호:9993]
10:54:49:521;IMP;[DeleteJobMst] .. 정상 처리되었습니다. 작업번호[9991]
10:54:49:559;IMP;[GetJobCompleteReport] .. SIM MODE 작업 (완료)삭제 성공하였습니다. [작업번호:9991]
10:55:40:771;IMP;[DeleteJobMst] .. 정상 처리되었습니다. 작업번호[9993]
10:55:40:828;IMP;[GetJobCompleteReport] .. SIM MODE 작업 (완료)삭제 성공하였습니다. [작업번호:9993]
10:56:23:872;IMP;[DeleteJobMst] .. 정상 처리되었습니다. 작업번호[9991]
10:56:23:914;IMP;[GetJobCompleteReport] .. SIM MODE 작업 (완료)삭제 성공하였습니다. [작업번호:9991]
10:56:23:979;IMP;[GetJobCompleteReport] .. SIM MODE 작업 추가 되었습니다.[작업번호:9991]
10:57:21:059;IMP;[DeleteJobMst] .. 정상 처리되었습니다. 작업번호[9993]
10:57:21:098;IMP;[GetJobCompleteReport] .. SIM MODE 작업 (완료)삭제 성공하였습니다. [작업번호:9993]
10:57:21:162;IMP;[GetJobCompleteReport] .. SIM MODE 작업 추가 되었습니다.[작업번호:9993]
10:57:41:972;IMP;[DeleteJobMst] .. 정상 처리되었습니다. 작업번호[9991]
10:57:42:023;IMP;[GetJobCompleteReport] .. SIM MODE 작업 (완료)삭제 성공하였습니다. [작업번호:9991]
10:58:41:887;IMP;[DeleteJobMst] .. 정상 처리되었습니다. 작업번호[9993]
10:58:41:935;IMP;[GetJobCompleteReport] .. SIM MODE 작업 (완료)삭제 성공하였습니다. [작업번호:9993]
10:59:25:610;IMP;[DeleteJobMst] .. 정상 처리되었습니다. 작업번호[9991]
10:59:25:660;IMP;[GetJobCompleteReport] .. SIM MODE 작업 (완료)삭제 성공하였습니다. [작업번호:9991]
10:59:25:769;IMP;[GetJobCompleteReport] .. SIM MODE 작업 추가 되었습니다.[작업번호:9991]
11:00:23:037;IMP;[DeleteJobMst] .. 정상 처리되었습니다. 작업번호[9993]
11:00:23:090;IMP;[GetJobCompleteReport] .. SIM MODE 작업 (완료)삭제 성공하였습니다. [작업번호:9993]
11:00:23:160;IMP;[GetJobCompleteReport] .. SIM MODE 작업 추가 되었습니다.[작업번호:9993]
11:00:47:245;IMP;[DeleteJobMst] .. 정상 처리되었습니다. 작업번호[9991]
11:00:47:370;IMP;[GetJobCompleteReport] .. SIM MODE 작업 (완료)삭제 성공하였습니다. [작업번호:9991]
11:01:47:770;IMP;[DeleteJobMst] .. 정상 처리되었습니다. 작업번호[9993]
11:01:47:915;IMP;[GetJobCompleteReport] .. SIM MODE 작업 (완료)삭제 성공하였습니다. [작업번호:9993]
11:02:31:528;IMP;[DeleteJobMst] .. 정상 처리되었습니다. 작업번호[9991]
11:02:31:595;IMP;[GetJobCompleteReport] .. SIM MODE 작업 (완료)삭제 성공하였습니다. [작업번호:9991]
11:02:31:752;IMP;[GetJobCompleteReport] .. SIM MODE 작업 추가 되었습니다.[작업번호:9991]
11:03:29:878;IMP;[DeleteJobMst] .. 정상 처리되었습니다. 작업번호[9993]
11:03:29:947;IMP;[GetJobCompleteReport] .. SIM MODE 작업 (완료)삭제 성공하였습니다. [작업번호:9993]
11:03:30:113;IMP;[GetJobCompleteReport] .. SIM MODE 작업 추가 되었습니다.[작업번호:9993]
11:03:52:043;IMP;[DeleteJobMst] .. 정상 처리되었습니다. 작업번호[9991]
11:03:52:125;IMP;[GetJobCompleteReport] .. SIM MODE 작업 (완료)삭제 성공하였습니다. [작업번호:9991]
11:04:52:839;IMP;[DeleteJobMst] .. 정상 처리되었습니다. 작업번호[9993]
11:04:52:946;IMP;[GetJobCompleteReport] .. SIM MODE 작업 (완료)삭제 성공하였습니다. [작업번호:9993]
11:05:37:620;IMP;[DeleteJobMst] .. 정상 처리되었습니다. 작업번호[9991]
11:05:37:626;IMP;[GetJobCompleteReport] .. SIM MODE 작업 (완료)삭제 성공하였습니다. [작업번호:9991]
11:05:37:650;IMP;[GetJobCompleteReport] .. SIM MODE 작업 추가 되었습니다.[작업번호:9991]
11:06:35:075;IMP;[DeleteJobMst] .. 정상 처리되었습니다. 작업번호[9993]
11:06:35:095;IMP;[GetJobCompleteReport] .. SIM MODE 작업 (완료)삭제 성공하였습니다. [작업번호:9993]
11:06:35:123;IMP;[GetJobCompleteReport] .. SIM MODE 작업 추가 되었습니다.[작업번호:9993]
11:06:55:856;IMP;[DeleteJobMst] .. 정상 처리되었습니다. 작업번호[9991]
11:06:55:876;IMP;[GetJobCompleteReport] .. SIM MODE 작업 (완료)삭제 성공하였습니다. [작업번호:9991]
11:07:58:214;IMP;[DeleteJobMst] .. 정상 처리되었습니다. 작업번호[9993]
11:07:58:236;IMP;[GetJobCompleteReport] .. SIM MODE 작업 (완료)삭제 성공하였습니다. [작업번호:9993]
11:08:43:902;IMP;[DeleteJobMst] .. 정상 처리되었습니다. 작업번호[9991]
11:08:43:923;IMP;[GetJobCompleteReport] .. SIM MODE 작업 (완료)삭제 성공하였습니다. [작업번호:9991]
11:08:43:964;IMP;[GetJobCompleteReport] .. SIM MODE 작업 추가 되었습니다.[작업번호:9991]
11:09:40:973;IMP;[DeleteJobMst] .. 정상 처리되었습니다. 작업번호[9993]
11:09:41:000;IMP;[GetJobCompleteReport] .. SIM MODE 작업 (완료)삭제 성공하였습니다. [작업번호:9993]
11:09:41:037;IMP;[GetJobCompleteReport] .. SIM MODE 작업 추가 되었습니다.[작업번호:9993]
11:10:05:887;IMP;[DeleteJobMst] .. 정상 처리되었습니다. 작업번호[9991]
11:10:05:921;IMP;[GetJobCompleteReport] .. SIM MODE 작업 (완료)삭제 성공하였습니다. [작업번호:9991]
11:10:57:135;IMP;[DeleteJobMst] .. 정상 처리되었습니다. 작업번호[9993]
11:10:57:173;IMP;[GetJobCompleteReport] .. SIM MODE 작업 (완료)삭제 성공하였습니다. [작업번호:9993]
11:11:58:778;IMP;[DeleteJobMst] .. 정상 처리되었습니다. 작업번호[9991]
11:11:58:818;IMP;[GetJobCompleteReport] .. SIM MODE 작업 (완료)삭제 성공하였습니다. [작업번호:9991]
11:11:58:873;IMP;[GetJobCompleteReport] .. SIM MODE 작업 추가 되었습니다.[작업번호:9991]
11:12:44:008;IMP;[DeleteJobMst] .. 정상 처리되었습니다. 작업번호[9993]
11:12:44:132;IMP;[GetJobCompleteReport] .. SIM MODE 작업 (완료)삭제 성공하였습니다. [작업번호:9993]
11:12:44:313;IMP;[GetJobCompleteReport] .. SIM MODE 작업 추가 되었습니다.[작업번호:9993]
11:13:31:189;IMP;[DeleteJobMst] .. 정상 처리되었습니다. 작업번호[9991]
11:13:31:236;IMP;[GetJobCompleteReport] .. SIM MODE 작업 (완료)삭제 성공하였습니다. [작업번호:9991]
11:14:00:498;IMP;[DeleteJobMst] .. 정상 처리되었습니다. 작업번호[9993]
11:14:00:554;IMP;[GetJobCompleteReport] .. SIM MODE 작업 (완료)삭제 성공하였습니다. [작업번호:9993]
11:15:20:853;IMP;[DeleteJobMst] .. 정상 처리되었습니다. 작업번호[9991]
11:15:20:946;IMP;[GetJobCompleteReport] .. SIM MODE 작업 (완료)삭제 성공하였습니다. [작업번호:9991]
11:15:21:023;IMP;[GetJobCompleteReport] .. SIM MODE 작업 추가 되었습니다.[작업번호:9991]
11:15:48:106;IMP;[DeleteJobMst] .. 정상 처리되었습니다. 작업번호[9993]
11:15:48:167;IMP;[GetJobCompleteReport] .. SIM MODE 작업 (완료)삭제 성공하였습니다. [작업번호:9993]
11:15:48:237;IMP;[GetJobCompleteReport] .. SIM MODE 작업 추가 되었습니다.[작업번호:9993]
11:16:33:947;IMP;[DeleteJobMst] .. 정상 처리되었습니다. 작업번호[9991]
11:16:34:049;IMP;[GetJobCompleteReport] .. SIM MODE 작업 (완료)삭제 성공하였습니다. [작업번호:9991]
11:17:32:169;IMP;[DeleteJobMst] .. 정상 처리되었습니다. 작업번호[9993]
11:17:32:234;IMP;[GetJobCompleteReport] .. SIM MODE 작업 (완료)삭제 성공하였습니다. [작업번호:9993]
11:18:14:768;IMP;[DeleteJobMst] .. 정상 처리되었습니다. 작업번호[9991]
11:18:14:836;IMP;[GetJobCompleteReport] .. SIM MODE 작업 (완료)삭제 성공하였습니다. [작업번호:9991]
11:18:14:944;IMP;[GetJobCompleteReport] .. SIM MODE 작업 추가 되었습니다.[작업번호:9991]
11:19:20:100;IMP;[DeleteJobMst] .. 정상 처리되었습니다. 작업번호[9993]
11:19:20:223;IMP;[GetJobCompleteReport] .. SIM MODE 작업 (완료)삭제 성공하였습니다. [작업번호:9993]
11:19:20:310;IMP;[GetJobCompleteReport] .. SIM MODE 작업 추가 되었습니다.[작업번호:9993]
11:19:41:050;IMP;[DeleteJobMst] .. 정상 처리되었습니다. 작업번호[9991]
11:19:41:127;IMP;[GetJobCompleteReport] .. SIM MODE 작업 (완료)삭제 성공하였습니다. [작업번호:9991]
11:20:48:690;IMP;[DeleteJobMst] .. 정상 처리되었습니다. 작업번호[9993]
11:20:48:803;IMP;[GetJobCompleteReport] .. SIM MODE 작업 (완료)삭제 성공하였습니다. [작업번호:9993]
11:21:31:781;IMP;[DeleteJobMst] .. 정상 처리되었습니다. 작업번호[9991]
11:21:31:787;IMP;[GetJobCompleteReport] .. SIM MODE 작업 (완료)삭제 성공하였습니다. [작업번호:9991]
11:21:31:809;IMP;[GetJobCompleteReport] .. SIM MODE 작업 추가 되었습니다.[작업번호:9991]
11:22:34:987;IMP;[DeleteJobMst] .. 정상 처리되었습니다. 작업번호[9993]
11:22:35:001;IMP;[GetJobCompleteReport] .. SIM MODE 작업 (완료)삭제 성공하였습니다. [작업번호:9993]
11:22:35:028;IMP;[GetJobCompleteReport] .. SIM MODE 작업 추가 되었습니다.[작업번호:9993]
11:22:58:856;IMP;[DeleteJobMst] .. 정상 처리되었습니다. 작업번호[9991]
11:22:58:869;IMP;[GetJobCompleteReport] .. SIM MODE 작업 (완료)삭제 성공하였습니다. [작업번호:9991]
11:23:54:912;IMP;[DeleteJobMst] .. 정상 처리되었습니다. 작업번호[9993]
11:23:54:928;IMP;[GetJobCompleteReport] .. SIM MODE 작업 (완료)삭제 성공하였습니다. [작업번호:9993]
11:25:06:572;IMP;[DeleteJobMst] .. 정상 처리되었습니다. 작업번호[9991]
11:25:06:651;IMP;[GetJobCompleteReport] .. SIM MODE 작업 (완료)삭제 성공하였습니다. [작업번호:9991]
11:25:06:704;IMP;[GetJobCompleteReport] .. SIM MODE 작업 추가 되었습니다.[작업번호:9991]
11:25:35:687;IMP;[DeleteJobMst] .. 정상 처리되었습니다. 작업번호[9993]
11:25:35:711;IMP;[GetJobCompleteReport] .. SIM MODE 작업 (완료)삭제 성공하였습니다. [작업번호:9993]
11:25:35:773;IMP;[GetJobCompleteReport] .. SIM MODE 작업 추가 되었습니다.[작업번호:9993]
11:26:33:909;IMP;[DeleteJobMst] .. 정상 처리되었습니다. 작업번호[9991]
11:26:33:960;IMP;[GetJobCompleteReport] .. SIM MODE 작업 (완료)삭제 성공하였습니다. [작업번호:9991]
11:27:06:532;IMP;[DeleteJobMst] .. 정상 처리되었습니다. 작업번호[9993]
11:27:06:561;IMP;[GetJobCompleteReport] .. SIM MODE 작업 (완료)삭제 성공하였습니다. [작업번호:9993]
11:28:25:222;IMP;[DeleteJobMst] .. 정상 처리되었습니다. 작업번호[9991]
11:28:25:223;IMP;[GetJobCompleteReport] .. SIM MODE 작업 (완료)삭제 성공하였습니다. [작업번호:9991]
11:28:25:234;IMP;[GetJobCompleteReport] .. SIM MODE 작업 추가 되었습니다.[작업번호:9991]
11:28:56:353;IMP;[DeleteJobMst] .. 정상 처리되었습니다. 작업번호[9993]
11:28:56:354;IMP;[GetJobCompleteReport] .. SIM MODE 작업 (완료)삭제 성공하였습니다. [작업번호:9993]
11:28:56:371;IMP;[GetJobCompleteReport] .. SIM MODE 작업 추가 되었습니다.[작업번호:9993]
11:29:44:760;IMP;[DeleteJobMst] .. 정상 처리되었습니다. 작업번호[9991]
11:29:44:761;IMP;[GetJobCompleteReport] .. SIM MODE 작업 (완료)삭제 성공하였습니다. [작업번호:9991]
11:30:46:833;IMP;[DeleteJobMst] .. 정상 처리되었습니다. 작업번호[9993]
11:30:46:884;IMP;[GetJobCompleteReport] .. SIM MODE 작업 (완료)삭제 성공하였습니다. [작업번호:9993]
11:31:30:666;IMP;[DeleteJobMst] .. 정상 처리되었습니다. 작업번호[9991]
11:31:30:733;IMP;[GetJobCompleteReport] .. SIM MODE 작업 (완료)삭제 성공하였습니다. [작업번호:9991]
11:31:30:824;IMP;[GetJobCompleteReport] .. SIM MODE 작업 추가 되었습니다.[작업번호:9991]
11:32:35:226;IMP;[DeleteJobMst] .. 정상 처리되었습니다. 작업번호[9993]
11:32:35:277;IMP;[GetJobCompleteReport] .. SIM MODE 작업 (완료)삭제 성공하였습니다. [작업번호:9993]
11:32:35:352;IMP;[GetJobCompleteReport] .. SIM MODE 작업 추가 되었습니다.[작업번호:9993]
11:33:00:268;IMP;[DeleteJobMst] .. 정상 처리되었습니다. 작업번호[9991]
11:33:00:337;IMP;[GetJobCompleteReport] .. SIM MODE 작업 (완료)삭제 성공하였습니다. [작업번호:9991]
11:33:59:410;IMP;[DeleteJobMst] .. 정상 처리되었습니다. 작업번호[9993]
11:33:59:498;IMP;[GetJobCompleteReport] .. SIM MODE 작업 (완료)삭제 성공하였습니다. [작업번호:9993]
11:35:10:444;IMP;[DeleteJobMst] .. 정상 처리되었습니다. 작업번호[9991]
11:35:10:514;IMP;[GetJobCompleteReport] .. SIM MODE 작업 (완료)삭제 성공하였습니다. [작업번호:9991]
11:35:10:618;IMP;[GetJobCompleteReport] .. SIM MODE 작업 추가 되었습니다.[작업번호:9991]
11:35:41:769;IMP;[DeleteJobMst] .. 정상 처리되었습니다. 작업번호[9993]
11:35:41:841;IMP;[GetJobCompleteReport] .. SIM MODE 작업 (완료)삭제 성공하였습니다. [작업번호:9993]
11:35:41:931;IMP;[GetJobCompleteReport] .. SIM MODE 작업 추가 되었습니다.[작업번호:9993]
11:36:40:029;IMP;[DeleteJobMst] .. 정상 처리되었습니다. 작업번호[9991]
11:36:40:116;IMP;[GetJobCompleteReport] .. SIM MODE 작업 (완료)삭제 성공하였습니다. [작업번호:9991]
11:37:14:583;IMP;[DeleteJobMst] .. 정상 처리되었습니다. 작업번호[9993]
11:37:14:691;IMP;[GetJobCompleteReport] .. SIM MODE 작업 (완료)삭제 성공하였습니다. [작업번호:9993]
11:38:35:042;IMP;[DeleteJobMst] .. 정상 처리되었습니다. 작업번호[9991]
11:38:35:149;IMP;[GetJobCompleteReport] .. SIM MODE 작업 (완료)삭제 성공하였습니다. [작업번호:9991]
11:38:35:172;IMP;[GetJobCompleteReport] .. SIM MODE 작업 추가 되었습니다.[작업번호:9991]
11:39:08:385;IMP;[DeleteJobMst] .. 정상 처리되었습니다. 작업번호[9993]
11:39:08:398;IMP;[GetJobCompleteReport] .. SIM MODE 작업 (완료)삭제 성공하였습니다. [작업번호:9993]
11:39:08:423;IMP;[GetJobCompleteReport] .. SIM MODE 작업 추가 되었습니다.[작업번호:9993]
11:40:05:465;IMP;[DeleteJobMst] .. 정상 처리되었습니다. 작업번호[9991]
11:40:05:480;IMP;[GetJobCompleteReport] .. SIM MODE 작업 (완료)삭제 성공하였습니다. [작업번호:9991]
11:40:41:383;IMP;[DeleteJobMst] .. 정상 처리되었습니다. 작업번호[9993]
11:40:41:400;IMP;[GetJobCompleteReport] .. SIM MODE 작업 (완료)삭제 성공하였습니다. [작업번호:9993]
11:41:50:955;IMP;[DeleteJobMst] .. 정상 처리되었습니다. 작업번호[9991]
11:41:50:974;IMP;[GetJobCompleteReport] .. SIM MODE 작업 (완료)삭제 성공하였습니다. [작업번호:9991]
11:41:51:018;IMP;[GetJobCompleteReport] .. SIM MODE 작업 추가 되었습니다.[작업번호:9991]
11:42:42:922;IMP;[DeleteJobMst] .. 정상 처리되었습니다. 작업번호[9993]
11:42:42:946;IMP;[GetJobCompleteReport] .. SIM MODE 작업 (완료)삭제 성공하였습니다. [작업번호:9993]
11:42:42:983;IMP;[GetJobCompleteReport] .. SIM MODE 작업 추가 되었습니다.[작업번호:9993]
11:43:20:275;IMP;[DeleteJobMst] .. 정상 처리되었습니다. 작업번호[9991]
11:43:20:324;IMP;[GetJobCompleteReport] .. SIM MODE 작업 (완료)삭제 성공하였습니다. [작업번호:9991]
11:44:27:053;IMP;[DeleteJobMst] .. 정상 처리되었습니다. 작업번호[9993]
11:44:27:112;IMP;[GetJobCompleteReport] .. SIM MODE 작업 (완료)삭제 성공하였습니다. [작업번호:9993]
11:45:12:039;IMP;[DeleteJobMst] .. 정상 처리되었습니다. 작업번호[9991]
11:45:12:073;IMP;[GetJobCompleteReport] .. SIM MODE 작업 (완료)삭제 성공하였습니다. [작업번호:9991]
11:45:12:138;IMP;[GetJobCompleteReport] .. SIM MODE 작업 추가 되었습니다.[작업번호:9991]
11:46:20:464;IMP;[DeleteJobMst] .. 정상 처리되었습니다. 작업번호[9993]
11:46:20:514;IMP;[GetJobCompleteReport] .. SIM MODE 작업 (완료)삭제 성공하였습니다. [작업번호:9993]
11:46:20:578;IMP;[GetJobCompleteReport] .. SIM MODE 작업 추가 되었습니다.[작업번호:9993]
11:46:45:483;IMP;[DeleteJobMst] .. 정상 처리되었습니다. 작업번호[9991]
11:46:45:532;IMP;[GetJobCompleteReport] .. SIM MODE 작업 (완료)삭제 성공하였습니다. [작업번호:9991]
11:47:58:693;IMP;[DeleteJobMst] .. 정상 처리되었습니다. 작업번호[9993]
11:47:58:750;IMP;[GetJobCompleteReport] .. SIM MODE 작업 (완료)삭제 성공하였습니다. [작업번호:9993]
11:48:42:803;IMP;[DeleteJobMst] .. 정상 처리되었습니다. 작업번호[9991]
11:48:42:857;IMP;[GetJobCompleteReport] .. SIM MODE 작업 (완료)삭제 성공하였습니다. [작업번호:9991]
11:48:42:926;IMP;[GetJobCompleteReport] .. SIM MODE 작업 추가 되었습니다.[작업번호:9991]
11:49:52:853;IMP;[DeleteJobMst] .. 정상 처리되었습니다. 작업번호[9993]
11:49:52:917;IMP;[GetJobCompleteReport] .. SIM MODE 작업 (완료)삭제 성공하였습니다. [작업번호:9993]
11:49:53:009;IMP;[GetJobCompleteReport] .. SIM MODE 작업 추가 되었습니다.[작업번호:9993]
11:50:16:837;IMP;[DeleteJobMst] .. 정상 처리되었습니다. 작업번호[9991]
11:50:16:917;IMP;[GetJobCompleteReport] .. SIM MODE 작업 (완료)삭제 성공하였습니다. [작업번호:9991]
11:51:20:481;IMP;[DeleteJobMst] .. 정상 처리되었습니다. 작업번호[9993]
11:51:20:552;IMP;[GetJobCompleteReport] .. SIM MODE 작업 (완료)삭제 성공하였습니다. [작업번호:9993]
11:52:35:252;IMP;[DeleteJobMst] .. 정상 처리되었습니다. 작업번호[9991]
11:52:35:365;IMP;[GetJobCompleteReport] .. SIM MODE 작업 (완료)삭제 성공하였습니다. [작업번호:9991]
11:52:35:515;IMP;[GetJobCompleteReport] .. SIM MODE 작업 추가 되었습니다.[작업번호:9991]
11:53:11:832;IMP;[DeleteJobMst] .. 정상 처리되었습니다. 작업번호[9993]
11:53:11:934;IMP;[GetJobCompleteReport] .. SIM MODE 작업 (완료)삭제 성공하였습니다. [작업번호:9993]
11:53:12:038;IMP;[GetJobCompleteReport] .. SIM MODE 작업 추가 되었습니다.[작업번호:9993]
11:54:11:112;IMP;[DeleteJobMst] .. 정상 처리되었습니다. 작업번호[9991]
11:54:11:256;IMP;[GetJobCompleteReport] .. SIM MODE 작업 (완료)삭제 성공하였습니다. [작업번호:9991]
11:54:47:278;IMP;[DeleteJobMst] .. 정상 처리되었습니다. 작업번호[9993]
11:54:47:353;IMP;[GetJobCompleteReport] .. SIM MODE 작업 (완료)삭제 성공하였습니다. [작업번호:9993]
11:56:11:504;IMP;[DeleteJobMst] .. 정상 처리되었습니다. 작업번호[9991]
11:56:11:587;IMP;[GetJobCompleteReport] .. SIM MODE 작업 (완료)삭제 성공하였습니다. [작업번호:9991]
11:56:11:696;IMP;[GetJobCompleteReport] .. SIM MODE 작업 추가 되었습니다.[작업번호:9991]
11:56:43:775;IMP;[DeleteJobMst] .. 정상 처리되었습니다. 작업번호[9993]
11:56:43:789;IMP;[GetJobCompleteReport] .. SIM MODE 작업 (완료)삭제 성공하였습니다. [작업번호:9993]
11:56:43:810;IMP;[GetJobCompleteReport] .. SIM MODE 작업 추가 되었습니다.[작업번호:9993]
11:57:49:034;IMP;[DeleteJobMst] .. 정상 처리되었습니다. 작업번호[9991]
11:57:49:061;IMP;[GetJobCompleteReport] .. SIM MODE 작업 (완료)삭제 성공하였습니다. [작업번호:9991]
11:58:21:176;IMP;[DeleteJobMst] .. 정상 처리되었습니다. 작업번호[9993]
11:58:21:190;IMP;[GetJobCompleteReport] .. SIM MODE 작업 (완료)삭제 성공하였습니다. [작업번호:9993]
11:59:52:331;IMP;[DeleteJobMst] .. 정상 처리되었습니다. 작업번호[9991]
11:59:52:357;IMP;[GetJobCompleteReport] .. SIM MODE 작업 (완료)삭제 성공하였습니다. [작업번호:9991]
11:59:52:390;IMP;[GetJobCompleteReport] .. SIM MODE 작업 추가 되었습니다.[작업번호:9991]
12:00:20:800;IMP;[DeleteJobMst] .. 정상 처리되었습니다. 작업번호[9993]
12:00:20:822;IMP;[GetJobCompleteReport] .. SIM MODE 작업 (완료)삭제 성공하였습니다. [작업번호:9993]
12:00:20:865;IMP;[GetJobCompleteReport] .. SIM MODE 작업 추가 되었습니다.[작업번호:9993]
12:01:29:206;IMP;[DeleteJobMst] .. 정상 처리되었습니다. 작업번호[9991]
12:01:29:247;IMP;[GetJobCompleteReport] .. SIM MODE 작업 (완료)삭제 성공하였습니다. [작업번호:9991]
12:02:00:589;IMP;[DeleteJobMst] .. 정상 처리되었습니다. 작업번호[9993]
12:02:00:647;IMP;[GetJobCompleteReport] .. SIM MODE 작업 (완료)삭제 성공하였습니다. [작업번호:9993]
12:03:31:718;IMP;[DeleteJobMst] .. 정상 처리되었습니다. 작업번호[9991]
12:03:31:755;IMP;[GetJobCompleteReport] .. SIM MODE 작업 (완료)삭제 성공하였습니다. [작업번호:9991]
12:03:31:841;IMP;[GetJobCompleteReport] .. SIM MODE 작업 추가 되었습니다.[작업번호:9991]
12:04:01:265;IMP;[DeleteJobMst] .. 정상 처리되었습니다. 작업번호[9993]
12:04:01:300;IMP;[GetJobCompleteReport] .. SIM MODE 작업 (완료)삭제 성공하였습니다. [작업번호:9993]
12:04:01:351;IMP;[GetJobCompleteReport] .. SIM MODE 작업 추가 되었습니다.[작업번호:9993]
12:05:09:991;IMP;[DeleteJobMst] .. 정상 처리되었습니다. 작업번호[9991]
12:05:10:036;IMP;[GetJobCompleteReport] .. SIM MODE 작업 (완료)삭제 성공하였습니다. [작업번호:9991]
12:05:43:223;IMP;[DeleteJobMst] .. 정상 처리되었습니다. 작업번호[9993]
12:05:43:306;IMP;[GetJobCompleteReport] .. SIM MODE 작업 (완료)삭제 성공하였습니다. [작업번호:9993]
12:07:12:673;IMP;[DeleteJobMst] .. 정상 처리되었습니다. 작업번호[9991]
12:07:12:730;IMP;[GetJobCompleteReport] .. SIM MODE 작업 (완료)삭제 성공하였습니다. [작업번호:9991]
12:07:12:813;IMP;[GetJobCompleteReport] .. SIM MODE 작업 추가 되었습니다.[작업번호:9991]
12:07:42:890;IMP;[DeleteJobMst] .. 정상 처리되었습니다. 작업번호[9993]
12:07:42:940;IMP;[GetJobCompleteReport] .. SIM MODE 작업 (완료)삭제 성공하였습니다. [작업번호:9993]
12:07:43:005;IMP;[GetJobCompleteReport] .. SIM MODE 작업 추가 되었습니다.[작업번호:9993]
12:08:50:777;IMP;[DeleteJobMst] .. 정상 처리되었습니다. 작업번호[9991]
12:08:50:852;IMP;[GetJobCompleteReport] .. SIM MODE 작업 (완료)삭제 성공하였습니다. [작업번호:9991]
12:09:22:989;IMP;[DeleteJobMst] .. 정상 처리되었습니다. 작업번호[9993]
12:09:22:991;IMP;[GetJobCompleteReport] .. SIM MODE 작업 (완료)삭제 성공하였습니다. [작업번호:9993]
12:10:56:611;IMP;[DeleteJobMst] .. 정상 처리되었습니다. 작업번호[9991]
12:10:56:679;IMP;[GetJobCompleteReport] .. SIM MODE 작업 (완료)삭제 성공하였습니다. [작업번호:9991]
12:10:56:769;IMP;[GetJobCompleteReport] .. SIM MODE 작업 추가 되었습니다.[작업번호:9991]
12:11:25:807;IMP;[DeleteJobMst] .. 정상 처리되었습니다. 작업번호[9993]
12:11:25:873;IMP;[GetJobCompleteReport] .. SIM MODE 작업 (완료)삭제 성공하였습니다. [작업번호:9993]
12:11:26:022;IMP;[GetJobCompleteReport] .. SIM MODE 작업 추가 되었습니다.[작업번호:9993]
12:12:37:422;IMP;[DeleteJobMst] .. 정상 처리되었습니다. 작업번호[9991]
12:12:37:592;IMP;[GetJobCompleteReport] .. SIM MODE 작업 (완료)삭제 성공하였습니다. [작업번호:9991]
12:13:06:743;IMP;[DeleteJobMst] .. 정상 처리되었습니다. 작업번호[9993]
12:13:06:830;IMP;[GetJobCompleteReport] .. SIM MODE 작업 (완료)삭제 성공하였습니다. [작업번호:9993]
12:14:44:245;IMP;[DeleteJobMst] .. 정상 처리되었습니다. 작업번호[9991]
12:14:44:332;IMP;[GetJobCompleteReport] .. SIM MODE 작업 (완료)삭제 성공하였습니다. [작업번호:9991]
12:14:44:437;IMP;[GetJobCompleteReport] .. SIM MODE 작업 추가 되었습니다.[작업번호:9991]
12:15:11:472;IMP;[DeleteJobMst] .. 정상 처리되었습니다. 작업번호[9993]
12:15:11:477;IMP;[GetJobCompleteReport] .. SIM MODE 작업 (완료)삭제 성공하였습니다. [작업번호:9993]
12:15:11:500;IMP;[GetJobCompleteReport] .. SIM MODE 작업 추가 되었습니다.[작업번호:9993]
12:16:25:259;IMP;[DeleteJobMst] .. 정상 처리되었습니다. 작업번호[9991]
12:16:25:268;IMP;[GetJobCompleteReport] .. SIM MODE 작업 (완료)삭제 성공하였습니다. [작업번호:9991]
12:16:55:498;IMP;[DeleteJobMst] .. 정상 처리되었습니다. 작업번호[9993]
12:16:55:510;IMP;[GetJobCompleteReport] .. SIM MODE 작업 (완료)삭제 성공하였습니다. [작업번호:9993]
12:18:32:051;IMP;[DeleteJobMst] .. 정상 처리되었습니다. 작업번호[9991]
12:18:32:072;IMP;[GetJobCompleteReport] .. SIM MODE 작업 (완료)삭제 성공하였습니다. [작업번호:9991]
12:18:32:124;IMP;[GetJobCompleteReport] .. SIM MODE 작업 추가 되었습니다.[작업번호:9991]
12:18:58:402;IMP;[DeleteJobMst] .. 정상 처리되었습니다. 작업번호[9993]
12:18:58:420;IMP;[GetJobCompleteReport] .. SIM MODE 작업 (완료)삭제 성공하였습니다. [작업번호:9993]
12:18:58:473;IMP;[GetJobCompleteReport] .. SIM MODE 작업 추가 되었습니다.[작업번호:9993]
12:20:12:073;IMP;[DeleteJobMst] .. 정상 처리되었습니다. 작업번호[9991]
12:20:12:100;IMP;[GetJobCompleteReport] .. SIM MODE 작업 (완료)삭제 성공하였습니다. [작업번호:9991]
12:20:43:280;IMP;[DeleteJobMst] .. 정상 처리되었습니다. 작업번호[9993]
12:20:43:305;IMP;[GetJobCompleteReport] .. SIM MODE 작업 (완료)삭제 성공하였습니다. [작업번호:9993]
12:22:21:110;IMP;[DeleteJobMst] .. 정상 처리되었습니다. 작업번호[9991]
12:22:21:143;IMP;[GetJobCompleteReport] .. SIM MODE 작업 (완료)삭제 성공하였습니다. [작업번호:9991]
12:22:21:248;IMP;[GetJobCompleteReport] .. SIM MODE 작업 추가 되었습니다.[작업번호:9991]
12:22:47:336;IMP;[DeleteJobMst] .. 정상 처리되었습니다. 작업번호[9993]
12:22:47:373;IMP;[GetJobCompleteReport] .. SIM MODE 작업 (완료)삭제 성공하였습니다. [작업번호:9993]
12:22:47:431;IMP;[GetJobCompleteReport] .. SIM MODE 작업 추가 되었습니다.[작업번호:9993]
12:24:05:521;IMP;[DeleteJobMst] .. 정상 처리되었습니다. 작업번호[9991]
12:24:05:615;IMP;[GetJobCompleteReport] .. SIM MODE 작업 (완료)삭제 성공하였습니다. [작업번호:9991]
12:24:33:749;IMP;[DeleteJobMst] .. 정상 처리되었습니다. 작업번호[9993]
12:24:33:794;IMP;[GetJobCompleteReport] .. SIM MODE 작업 (완료)삭제 성공하였습니다. [작업번호:9993]
12:26:15:295;IMP;[DeleteJobMst] .. 정상 처리되었습니다. 작업번호[9991]
12:26:15:627;IMP;[GetJobCompleteReport] .. SIM MODE 작업 (완료)삭제 성공하였습니다. [작업번호:9991]
12:26:15:756;IMP;[GetJobCompleteReport] .. SIM MODE 작업 추가 되었습니다.[작업번호:9991]
12:26:43:994;IMP;[DeleteJobMst] .. 정상 처리되었습니다. 작업번호[9993]
12:26:44:048;IMP;[GetJobCompleteReport] .. SIM MODE 작업 (완료)삭제 성공하였습니다. [작업번호:9993]
12:26:44:134;IMP;[GetJobCompleteReport] .. SIM MODE 작업 추가 되었습니다.[작업번호:9993]
12:27:14:712;IMP;[DeleteJobMst] .. 정상 처리되었습니다. 작업번호[9991]
12:27:14:778;IMP;[GetJobCompleteReport] .. SIM MODE 작업 (완료)삭제 성공하였습니다. [작업번호:9991]
12:28:24:896;IMP;[DeleteJobMst] .. 정상 처리되었습니다. 작업번호[9993]
12:28:24:960;IMP;[GetJobCompleteReport] .. SIM MODE 작업 (완료)삭제 성공하였습니다. [작업번호:9993]
12:28:43:148;IMP;[DeleteJobMst] .. 정상 처리되었습니다. 작업번호[9991]
12:28:43:570;IMP;[GetJobCompleteReport] .. SIM MODE 작업 (완료)삭제 성공하였습니다. [작업번호:9991]
12:28:43:769;IMP;[GetJobCompleteReport] .. SIM MODE 작업 추가 되었습니다.[작업번호:9991]
12:29:37:106;IMP;[DeleteJobMst] .. 정상 처리되었습니다. 작업번호[9991]
12:29:37:192;IMP;[GetJobCompleteReport] .. SIM MODE 작업 (완료)삭제 성공하였습니다. [작업번호:9991]
12:30:42:055;IMP;[DeleteJobMst] .. 정상 처리되었습니다. 작업번호[9993]
12:30:42:130;IMP;[GetJobCompleteReport] .. SIM MODE 작업 (완료)삭제 성공하였습니다. [작업번호:9993]
12:30:42:233;IMP;[GetJobCompleteReport] .. SIM MODE 작업 추가 되었습니다.[작업번호:9993]
12:30:55:930;IMP;[DeleteJobMst] .. 정상 처리되었습니다. 작업번호[9991]
12:30:56:015;IMP;[GetJobCompleteReport] .. SIM MODE 작업 (완료)삭제 성공하였습니다. [작업번호:9991]
12:30:56:136;IMP;[GetJobCompleteReport] .. SIM MODE 작업 추가 되었습니다.[작업번호:9991]
12:31:42:119;IMP;[DeleteJobMst] .. 정상 처리되었습니다. 작업번호[9991]
12:31:42:285;IMP;[GetJobCompleteReport] .. SIM MODE 작업 (완료)삭제 성공하였습니다. [작업번호:9991]
12:31:48:402;IMP;[DeleteJobMst] .. 정상 처리되었습니다. 작업번호[9993]
12:31:48:514;IMP;[GetJobCompleteReport] .. SIM MODE 작업 (완료)삭제 성공하였습니다. [작업번호:9993]
12:33:03:553;IMP;[DeleteJobMst] .. 정상 처리되었습니다. 작업번호[9991]
12:33:03:560;IMP;[GetJobCompleteReport] .. SIM MODE 작업 (완료)삭제 성공하였습니다. [작업번호:9991]
12:33:03:580;IMP;[GetJobCompleteReport] .. SIM MODE 작업 추가 되었습니다.[작업번호:9991]
12:33:15:015;IMP;[DeleteJobMst] .. 정상 처리되었습니다. 작업번호[9993]
12:33:15:026;IMP;[GetJobCompleteReport] .. SIM MODE 작업 (완료)삭제 성공하였습니다. [작업번호:9993]
12:33:15:057;IMP;[GetJobCompleteReport] .. SIM MODE 작업 추가 되었습니다.[작업번호:9993]
12:34:04:045;IMP;[DeleteJobMst] .. 정상 처리되었습니다. 작업번호[9993]
12:34:04:060;IMP;[GetJobCompleteReport] .. SIM MODE 작업 (완료)삭제 성공하였습니다. [작업번호:9993]
12:34:13:537;IMP;[DeleteJobMst] .. 정상 처리되었습니다. 작업번호[9991]
12:34:13:555;IMP;[GetJobCompleteReport] .. SIM MODE 작업 (완료)삭제 성공하였습니다. [작업번호:9991]
12:35:27:995;IMP;[DeleteJobMst] .. 정상 처리되었습니다. 작업번호[9991]
12:35:28:014;IMP;[GetJobCompleteReport] .. SIM MODE 작업 (완료)삭제 성공하였습니다. [작업번호:9991]
12:35:28:050;IMP;[GetJobCompleteReport] .. SIM MODE 작업 추가 되었습니다.[작업번호:9991]
12:35:39:533;IMP;[DeleteJobMst] .. 정상 처리되었습니다. 작업번호[9993]
12:35:39:556;IMP;[GetJobCompleteReport] .. SIM MODE 작업 (완료)삭제 성공하였습니다. [작업번호:9993]
12:35:39:595;IMP;[GetJobCompleteReport] .. SIM MODE 작업 추가 되었습니다.[작업번호:9993]
12:36:25:711;IMP;[DeleteJobMst] .. 정상 처리되었습니다. 작업번호[9991]
12:36:25:770;IMP;[GetJobCompleteReport] .. SIM MODE 작업 (완료)삭제 성공하였습니다. [작업번호:9991]
12:36:40:443;IMP;[DeleteJobMst] .. 정상 처리되었습니다. 작업번호[9993]
12:36:40:511;IMP;[GetJobCompleteReport] .. SIM MODE 작업 (완료)삭제 성공하였습니다. [작업번호:9993]
12:37:45:112;IMP;[DeleteJobMst] .. 정상 처리되었습니다. 작업번호[9993]
12:37:45:152;IMP;[GetJobCompleteReport] .. SIM MODE 작업 (완료)삭제 성공하였습니다. [작업번호:9993]
12:37:45:217;IMP;[GetJobCompleteReport] .. SIM MODE 작업 추가 되었습니다.[작업번호:9993]
12:38:15:395;IMP;[DeleteJobMst] .. 정상 처리되었습니다. 작업번호[9991]
12:38:15:441;IMP;[GetJobCompleteReport] .. SIM MODE 작업 (완료)삭제 성공하였습니다. [작업번호:9991]
12:38:15:533;IMP;[GetJobCompleteReport] .. SIM MODE 작업 추가 되었습니다.[작업번호:9991]
12:38:47:786;IMP;[DeleteJobMst] .. 정상 처리되었습니다. 작업번호[9993]
12:38:47:840;IMP;[GetJobCompleteReport] .. SIM MODE 작업 (완료)삭제 성공하였습니다. [작업번호:9993]
12:39:22:254;IMP;[DeleteJobMst] .. 정상 처리되었습니다. 작업번호[9991]
12:39:22:305;IMP;[GetJobCompleteReport] .. SIM MODE 작업 (완료)삭제 성공하였습니다. [작업번호:9991]
12:40:01:120;IMP;[DeleteJobMst] .. 정상 처리되었습니다. 작업번호[9993]
12:40:01:174;IMP;[GetJobCompleteReport] .. SIM MODE 작업 (완료)삭제 성공하였습니다. [작업번호:9993]
12:40:01:298;IMP;[GetJobCompleteReport] .. SIM MODE 작업 추가 되었습니다.[작업번호:9993]
12:40:48:338;IMP;[DeleteJobMst] .. 정상 처리되었습니다. 작업번호[9991]
12:40:48:421;IMP;[GetJobCompleteReport] .. SIM MODE 작업 (완료)삭제 성공하였습니다. [작업번호:9991]
12:40:48:576;IMP;[GetJobCompleteReport] .. SIM MODE 작업 추가 되었습니다.[작업번호:9991]
12:41:04:267;IMP;[DeleteJobMst] .. 정상 처리되었습니다. 작업번호[9993]
12:41:04:359;IMP;[GetJobCompleteReport] .. SIM MODE 작업 (완료)삭제 성공하였습니다. [작업번호:9993]
12:41:29:420;IMP;[DeleteJobMst] .. 정상 처리되었습니다. 작업번호[9991]
12:41:29:501;IMP;[GetJobCompleteReport] .. SIM MODE 작업 (완료)삭제 성공하였습니다. [작업번호:9991]
12:42:40:394;IMP;[DeleteJobMst] .. 정상 처리되었습니다. 작업번호[9991]
12:42:40:461;IMP;[GetJobCompleteReport] .. SIM MODE 작업 (완료)삭제 성공하였습니다. [작업번호:9991]
12:42:40:639;IMP;[GetJobCompleteReport] .. SIM MODE 작업 추가 되었습니다.[작업번호:9991]
12:43:08:745;IMP;[DeleteJobMst] .. 정상 처리되었습니다. 작업번호[9993]
12:43:08:816;IMP;[GetJobCompleteReport] .. SIM MODE 작업 (완료)삭제 성공하였습니다. [작업번호:9993]
12:43:08:908;IMP;[GetJobCompleteReport] .. SIM MODE 작업 추가 되었습니다.[작업번호:9993]
12:43:44:415;IMP;[DeleteJobMst] .. 정상 처리되었습니다. 작업번호[9991]
12:43:44:496;IMP;[GetJobCompleteReport] .. SIM MODE 작업 (완료)삭제 성공하였습니다. [작업번호:9991]
12:44:21:079;IMP;[DeleteJobMst] .. 정상 처리되었습니다. 작업번호[9993]
12:44:21:165;IMP;[GetJobCompleteReport] .. SIM MODE 작업 (완료)삭제 성공하였습니다. [작업번호:9993]
12:45:04:994;IMP;[DeleteJobMst] .. 정상 처리되었습니다. 작업번호[9991]
12:45:04:998;IMP;[GetJobCompleteReport] .. SIM MODE 작업 (완료)삭제 성공하였습니다. [작업번호:9991]
12:45:05:020;IMP;[GetJobCompleteReport] .. SIM MODE 작업 추가 되었습니다.[작업번호:9991]
12:45:44:792;IMP;[DeleteJobMst] .. 정상 처리되었습니다. 작업번호[9993]
12:45:44:802;IMP;[GetJobCompleteReport] .. SIM MODE 작업 (완료)삭제 성공하였습니다. [작업번호:9993]
12:45:44:824;IMP;[GetJobCompleteReport] .. SIM MODE 작업 추가 되었습니다.[작업번호:9993]
12:46:09:840;IMP;[DeleteJobMst] .. 정상 처리되었습니다. 작업번호[9991]
12:46:09:879;IMP;[GetJobCompleteReport] .. SIM MODE 작업 (완료)삭제 성공하였습니다. [작업번호:9991]
12:47:02:241;IMP;[DeleteJobMst] .. 정상 처리되었습니다. 작업번호[9993]
12:47:02:257;IMP;[GetJobCompleteReport] .. SIM MODE 작업 (완료)삭제 성공하였습니다. [작업번호:9993]
12:47:27:305;IMP;[DeleteJobMst] .. 정상 처리되었습니다. 작업번호[9991]
12:47:27:343;IMP;[GetJobCompleteReport] .. SIM MODE 작업 (완료)삭제 성공하였습니다. [작업번호:9991]
12:47:27:389;IMP;[GetJobCompleteReport] .. SIM MODE 작업 추가 되었습니다.[작업번호:9991]
12:48:24:938;IMP;[DeleteJobMst] .. 정상 처리되었습니다. 작업번호[9993]
12:48:24:961;IMP;[GetJobCompleteReport] .. SIM MODE 작업 (완료)삭제 성공하였습니다. [작업번호:9993]
12:48:24:998;IMP;[GetJobCompleteReport] .. SIM MODE 작업 추가 되었습니다.[작업번호:9993]
12:48:34:396;IMP;[DeleteJobMst] .. 정상 처리되었습니다. 작업번호[9991]
12:48:34:438;IMP;[GetJobCompleteReport] .. SIM MODE 작업 (완료)삭제 성공하였습니다. [작업번호:9991]
12:49:26:562;IMP;[DeleteJobMst] .. 정상 처리되었습니다. 작업번호[9993]
12:49:26:599;IMP;[GetJobCompleteReport] .. SIM MODE 작업 (완료)삭제 성공하였습니다. [작업번호:9993]
12:50:08:613;IMP;[DeleteJobMst] .. 정상 처리되었습니다. 작업번호[9991]
12:50:08:647;IMP;[GetJobCompleteReport] .. SIM MODE 작업 (완료)삭제 성공하였습니다. [작업번호:9991]
12:50:08:702;IMP;[GetJobCompleteReport] .. SIM MODE 작업 추가 되었습니다.[작업번호:9991]
12:50:52:394;IMP;[DeleteJobMst] .. 정상 처리되었습니다. 작업번호[9993]
12:50:52:434;IMP;[GetJobCompleteReport] .. SIM MODE 작업 (완료)삭제 성공하였습니다. [작업번호:9993]
12:50:52:491;IMP;[GetJobCompleteReport] .. SIM MODE 작업 추가 되었습니다.[작업번호:9993]
12:51:14:391;IMP;[DeleteJobMst] .. 정상 처리되었습니다. 작업번호[9991]
12:51:14:438;IMP;[GetJobCompleteReport] .. SIM MODE 작업 (완료)삭제 성공하였습니다. [작업번호:9991]
12:51:40:580;IMP;[DeleteJobMst] .. 정상 처리되었습니다. 작업번호[9993]
12:51:40:637;IMP;[GetJobCompleteReport] .. SIM MODE 작업 (완료)삭제 성공하였습니다. [작업번호:9993]
12:52:49:795;IMP;[DeleteJobMst] .. 정상 처리되었습니다. 작업번호[9993]
12:52:49:849;IMP;[GetJobCompleteReport] .. SIM MODE 작업 (완료)삭제 성공하였습니다. [작업번호:9993]
12:52:49:926;IMP;[GetJobCompleteReport] .. SIM MODE 작업 추가 되었습니다.[작업번호:9993]
12:53:24:297;IMP;[DeleteJobMst] .. 정상 처리되었습니다. 작업번호[9991]
12:53:24:352;IMP;[GetJobCompleteReport] .. SIM MODE 작업 (완료)삭제 성공하였습니다. [작업번호:9991]
12:53:24:427;IMP;[GetJobCompleteReport] .. SIM MODE 작업 추가 되었습니다.[작업번호:9991]
12:54:08:046;IMP;[DeleteJobMst] .. 정상 처리되었습니다. 작업번호[9993]
12:54:08:101;IMP;[GetJobCompleteReport] .. SIM MODE 작업 (완료)삭제 성공하였습니다. [작업번호:9993]
12:54:28:057;IMP;[DeleteJobMst] .. 정상 처리되었습니다. 작업번호[9991]
12:54:28:121;IMP;[GetJobCompleteReport] .. SIM MODE 작업 (완료)삭제 성공하였습니다. [작업번호:9991]
12:55:25:733;IMP;[DeleteJobMst] .. 정상 처리되었습니다. 작업번호[9993]
12:55:25:809;IMP;[GetJobCompleteReport] .. SIM MODE 작업 (완료)삭제 성공하였습니다. [작업번호:9993]
12:55:25:972;IMP;[GetJobCompleteReport] .. SIM MODE 작업 추가 되었습니다.[작업번호:9993]
12:56:04:450;IMP;[DeleteJobMst] .. 정상 처리되었습니다. 작업번호[9991]
12:56:04:514;IMP;[GetJobCompleteReport] .. SIM MODE 작업 (완료)삭제 성공하였습니다. [작업번호:9991]
12:56:04:592;IMP;[GetJobCompleteReport] .. SIM MODE 작업 추가 되었습니다.[작업번호:9991]
12:56:34:799;IMP;[DeleteJobMst] .. 정상 처리되었습니다. 작업번호[9993]
12:56:34:964;IMP;[GetJobCompleteReport] .. SIM MODE 작업 (완료)삭제 성공하였습니다. [작업번호:9993]
12:57:19:894;IMP;[DeleteJobMst] .. 정상 처리되었습니다. 작업번호[9991]
12:57:19:982;IMP;[GetJobCompleteReport] .. SIM MODE 작업 (완료)삭제 성공하였습니다. [작업번호:9991]
12:57:58:804;IMP;[GetJobCompleteReport] .. 금지랙이라서 로케이션을 수정합니다.[작업번호:9993][현재LOC:05-011-02][신규LOC:05-012-02]
12:58:00:029;IMP;[DeleteJobMst] .. 정상 처리되었습니다. 작업번호[9993]
12:58:00:035;IMP;[GetJobCompleteReport] .. SIM MODE 작업 (완료)삭제 성공하였습니다. [작업번호:9993]
12:58:00:052;IMP;[GetJobCompleteReport] .. SIM MODE 작업 추가 되었습니다.[작업번호:9993]
12:58:54:158;IMP;[DeleteJobMst] .. 정상 처리되었습니다. 작업번호[9991]
12:58:54:172;IMP;[GetJobCompleteReport] .. SIM MODE 작업 (완료)삭제 성공하였습니다. [작업번호:9991]
12:58:54:199;IMP;[GetJobCompleteReport] .. SIM MODE 작업 추가 되었습니다.[작업번호:9991]
12:59:11:962;IMP;[DeleteJobMst] .. 정상 처리되었습니다. 작업번호[9993]
12:59:11:976;IMP;[GetJobCompleteReport] .. SIM MODE 작업 (완료)삭제 성공하였습니다. [작업번호:9993]
13:00:05:502;IMP;[DeleteJobMst] .. 정상 처리되었습니다. 작업번호[9991]
13:00:05:559;IMP;[GetJobCompleteReport] .. SIM MODE 작업 (완료)삭제 성공하였습니다. [작업번호:9991]
13:00:44:071;IMP;[DeleteJobMst] .. 정상 처리되었습니다. 작업번호[9993]
13:00:44:131;IMP;[GetJobCompleteReport] .. SIM MODE 작업 (완료)삭제 성공하였습니다. [작업번호:9993]
13:00:44:173;IMP;[GetJobCompleteReport] .. SIM MODE 작업 추가 되었습니다.[작업번호:9993]
13:01:41:634;IMP;[DeleteJobMst] .. 정상 처리되었습니다. 작업번호[9991]
13:01:41:698;IMP;[GetJobCompleteReport] .. SIM MODE 작업 (완료)삭제 성공하였습니다. [작업번호:9991]
13:01:41:737;IMP;[GetJobCompleteReport] .. SIM MODE 작업 추가 되었습니다.[작업번호:9991]
13:02:03:687;IMP;[DeleteJobMst] .. 정상 처리되었습니다. 작업번호[9993]
13:02:03:718;IMP;[GetJobCompleteReport] .. SIM MODE 작업 (완료)삭제 성공하였습니다. [작업번호:9993]
13:02:54:092;IMP;[DeleteJobMst] .. 정상 처리되었습니다. 작업번호[9991]
13:02:54:126;IMP;[GetJobCompleteReport] .. SIM MODE 작업 (완료)삭제 성공하였습니다. [작업번호:9991]
13:03:34:024;IMP;[DeleteJobMst] .. 정상 처리되었습니다. 작업번호[9993]
13:03:34:064;IMP;[GetJobCompleteReport] .. SIM MODE 작업 (완료)삭제 성공하였습니다. [작업번호:9993]
13:03:34:136;IMP;[GetJobCompleteReport] .. SIM MODE 작업 추가 되었습니다.[작업번호:9993]
13:04:31:564;IMP;[DeleteJobMst] .. 정상 처리되었습니다. 작업번호[9991]
13:04:31:605;IMP;[GetJobCompleteReport] .. SIM MODE 작업 (완료)삭제 성공하였습니다. [작업번호:9991]
13:04:31:673;IMP;[GetJobCompleteReport] .. SIM MODE 작업 추가 되었습니다.[작업번호:9991]
13:04:54:748;IMP;[DeleteJobMst] .. 정상 처리되었습니다. 작업번호[9993]
13:04:54:942;IMP;[GetJobCompleteReport] .. SIM MODE 작업 (완료)삭제 성공하였습니다. [작업번호:9993]
13:05:45:688;IMP;[DeleteJobMst] .. 정상 처리되었습니다. 작업번호[9991]
13:05:45:740;IMP;[GetJobCompleteReport] .. SIM MODE 작업 (완료)삭제 성공하였습니다. [작업번호:9991]
13:06:26:685;IMP;[DeleteJobMst] .. 정상 처리되었습니다. 작업번호[9993]
13:06:26:757;IMP;[GetJobCompleteReport] .. SIM MODE 작업 (완료)삭제 성공하였습니다. [작업번호:9993]
13:06:26:841;IMP;[GetJobCompleteReport] .. SIM MODE 작업 추가 되었습니다.[작업번호:9993]
13:06:36:363;IMP;[DeleteJobMst] .. 정상 처리되었습니다. 작업번호[9991]
13:06:36:429;IMP;[GetJobCompleteReport] .. SIM MODE 작업 (완료)삭제 성공하였습니다. [작업번호:9991]
13:06:36:507;IMP;[GetJobCompleteReport] .. SIM MODE 작업 추가 되었습니다.[작업번호:9991]
13:07:40:207;IMP;[DeleteJobMst] .. 정상 처리되었습니다. 작업번호[9993]
13:07:40:272;IMP;[GetJobCompleteReport] .. SIM MODE 작업 (완료)삭제 성공하였습니다. [작업번호:9993]
13:09:14:111;IMP;[DeleteJobMst] .. 정상 처리되었습니다. 작업번호[9993]
13:09:14:177;IMP;[GetJobCompleteReport] .. SIM MODE 작업 (완료)삭제 성공하였습니다. [작업번호:9993]
13:09:14:251;IMP;[GetJobCompleteReport] .. SIM MODE 작업 추가 되었습니다.[작업번호:9993]
13:10:29:543;IMP;[DeleteJobMst] .. 정상 처리되었습니다. 작업번호[9993]
13:10:29:610;IMP;[GetJobCompleteReport] .. SIM MODE 작업 (완료)삭제 성공하였습니다. [작업번호:9993]
13:12:04:540;IMP;[DeleteJobMst] .. 정상 처리되었습니다. 작업번호[9993]
13:12:04:642;IMP;[GetJobCompleteReport] .. SIM MODE 작업 (완료)삭제 성공하였습니다. [작업번호:9993]
13:12:04:750;IMP;[GetJobCompleteReport] .. SIM MODE 작업 추가 되었습니다.[작업번호:9993]
13:13:19:929;IMP;[DeleteJobMst] .. 정상 처리되었습니다. 작업번호[9993]
13:13:20:010;IMP;[GetJobCompleteReport] .. SIM MODE 작업 (완료)삭제 성공하였습니다. [작업번호:9993]
13:14:54:891;IMP;[DeleteJobMst] .. 정상 처리되었습니다. 작업번호[9993]
13:14:54:996;IMP;[GetJobCompleteReport] .. SIM MODE 작업 (완료)삭제 성공하였습니다. [작업번호:9993]
13:14:55:085;IMP;[GetJobCompleteReport] .. SIM MODE 작업 추가 되었습니다.[작업번호:9993]
13:16:09:548;IMP;[DeleteJobMst] .. 정상 처리되었습니다. 작업번호[9993]
13:16:09:552;IMP;[GetJobCompleteReport] .. SIM MODE 작업 (완료)삭제 성공하였습니다. [작업번호:9993]
13:17:43:856;IMP;[DeleteJobMst] .. 정상 처리되었습니다. 작업번호[9993]
13:17:43:864;IMP;[GetJobCompleteReport] .. SIM MODE 작업 (완료)삭제 성공하였습니다. [작업번호:9993]
13:17:43:895;IMP;[GetJobCompleteReport] .. SIM MODE 작업 추가 되었습니다.[작업번호:9993]
13:19:00:263;IMP;[DeleteJobMst] .. 정상 처리되었습니다. 작업번호[9993]
13:19:00:276;IMP;[GetJobCompleteReport] .. SIM MODE 작업 (완료)삭제 성공하였습니다. [작업번호:9993]
13:20:37:940;IMP;[DeleteJobMst] .. 정상 처리되었습니다. 작업번호[9993]
13:20:37:955;IMP;[GetJobCompleteReport] .. SIM MODE 작업 (완료)삭제 성공하였습니다. [작업번호:9993]
13:20:37:984;IMP;[GetJobCompleteReport] .. SIM MODE 작업 추가 되었습니다.[작업번호:9993]
13:21:57:152;IMP;[DeleteJobMst] .. 정상 처리되었습니다. 작업번호[9993]
13:21:57:176;IMP;[GetJobCompleteReport] .. SIM MODE 작업 (완료)삭제 성공하였습니다. [작업번호:9993]
13:23:34:839;IMP;[DeleteJobMst] .. 정상 처리되었습니다. 작업번호[9993]
13:23:34:905;IMP;[GetJobCompleteReport] .. SIM MODE 작업 (완료)삭제 성공하였습니다. [작업번호:9993]
13:23:34:963;IMP;[GetJobCompleteReport] .. SIM MODE 작업 추가 되었습니다.[작업번호:9993]
13:24:54:713;IMP;[DeleteJobMst] .. 정상 처리되었습니다. 작업번호[9993]
13:24:54:737;IMP;[GetJobCompleteReport] .. SIM MODE 작업 (완료)삭제 성공하였습니다. [작업번호:9993]
13:26:33:790;IMP;[DeleteJobMst] .. 정상 처리되었습니다. 작업번호[9993]
13:26:33:820;IMP;[GetJobCompleteReport] .. SIM MODE 작업 (완료)삭제 성공하였습니다. [작업번호:9993]
13:26:33:898;IMP;[GetJobCompleteReport] .. SIM MODE 작업 추가 되었습니다.[작업번호:9993]
13:27:53:900;IMP;[DeleteJobMst] .. 정상 처리되었습니다. 작업번호[9993]
13:27:53:935;IMP;[GetJobCompleteReport] .. SIM MODE 작업 (완료)삭제 성공하였습니다. [작업번호:9993]
13:29:33:646;IMP;[DeleteJobMst] .. 정상 처리되었습니다. 작업번호[9993]
13:29:33:683;IMP;[GetJobCompleteReport] .. SIM MODE 작업 (완료)삭제 성공하였습니다. [작업번호:9993]
13:29:33:747;IMP;[GetJobCompleteReport] .. SIM MODE 작업 추가 되었습니다.[작업번호:9993]
13:30:55:339;IMP;[DeleteJobMst] .. 정상 처리되었습니다. 작업번호[9993]
13:30:55:380;IMP;[GetJobCompleteReport] .. SIM MODE 작업 (완료)삭제 성공하였습니다. [작업번호:9993]
13:32:38:493;IMP;[DeleteJobMst] .. 정상 처리되었습니다. 작업번호[9993]
13:32:38:534;IMP;[GetJobCompleteReport] .. SIM MODE 작업 (완료)삭제 성공하였습니다. [작업번호:9993]
13:32:38:644;IMP;[GetJobCompleteReport] .. SIM MODE 작업 추가 되었습니다.[작업번호:9993]
13:34:00:876;IMP;[DeleteJobMst] .. 정상 처리되었습니다. 작업번호[9993]
13:34:00:928;IMP;[GetJobCompleteReport] .. SIM MODE 작업 (완료)삭제 성공하였습니다. [작업번호:9993]
13:35:43:559;IMP;[DeleteJobMst] .. 정상 처리되었습니다. 작업번호[9993]
13:35:43:615;IMP;[GetJobCompleteReport] .. SIM MODE 작업 (완료)삭제 성공하였습니다. [작업번호:9993]
13:35:43:794;IMP;[GetJobCompleteReport] .. SIM MODE 작업 추가 되었습니다.[작업번호:9993]
13:36:31:596;IMP;[DeleteJobMst] .. 정상 처리되었습니다. 작업번호[9991]
13:36:31:654;IMP;[GetJobCompleteReport] .. SIM MODE 작업 (완료)삭제 성공하였습니다. [작업번호:9991]
13:37:25:734;IMP;[DeleteJobMst] .. 정상 처리되었습니다. 작업번호[9993]
13:37:25:801;IMP;[GetJobCompleteReport] .. SIM MODE 작업 (완료)삭제 성공하였습니다. [작업번호:9993]
13:38:00:814;IMP;[DeleteJobMst] .. 정상 처리되었습니다. 작업번호[9991]
13:38:00:881;IMP;[GetJobCompleteReport] .. SIM MODE 작업 (완료)삭제 성공하였습니다. [작업번호:9991]
13:38:01:044;IMP;[GetJobCompleteReport] .. SIM MODE 작업 추가 되었습니다.[작업번호:9991]
13:39:15:412;IMP;[DeleteJobMst] .. 정상 처리되었습니다. 작업번호[9993]
13:39:15:499;IMP;[GetJobCompleteReport] .. SIM MODE 작업 (완료)삭제 성공하였습니다. [작업번호:9993]
13:39:16:330;IMP;[GetJobCompleteReport] .. SIM MODE 작업 추가 되었습니다.[작업번호:9993]
13:39:19:432;IMP;[DeleteJobMst] .. 정상 처리되었습니다. 작업번호[9991]
13:39:19:588;IMP;[GetJobCompleteReport] .. SIM MODE 작업 (완료)삭제 성공하였습니다. [작업번호:9991]
13:40:48:021;IMP;[DeleteJobMst] .. 정상 처리되었습니다. 작업번호[9993]
13:40:48:175;IMP;[GetJobCompleteReport] .. SIM MODE 작업 (완료)삭제 성공하였습니다. [작업번호:9993]
13:40:54:534;IMP;[DeleteJobMst] .. 정상 처리되었습니다. 작업번호[9991]
13:40:54:620;IMP;[GetJobCompleteReport] .. SIM MODE 작업 (완료)삭제 성공하였습니다. [작업번호:9991]
13:40:55:114;IMP;[GetJobCompleteReport] .. SIM MODE 작업 추가 되었습니다.[작업번호:9991]
13:42:08:497;IMP;[DeleteJobMst] .. 정상 처리되었습니다. 작업번호[9991]
13:42:08:542;IMP;[GetJobCompleteReport] .. SIM MODE 작업 (완료)삭제 성공하였습니다. [작업번호:9991]
13:42:37:110;IMP;[DeleteJobMst] .. 정상 처리되었습니다. 작업번호[9993]
13:42:37:124;IMP;[GetJobCompleteReport] .. SIM MODE 작업 (완료)삭제 성공하였습니다. [작업번호:9993]
13:42:37:156;IMP;[GetJobCompleteReport] .. SIM MODE 작업 추가 되었습니다.[작업번호:9993]
13:43:49:352;IMP;[DeleteJobMst] .. 정상 처리되었습니다. 작업번호[9991]
13:43:49:372;IMP;[GetJobCompleteReport] .. SIM MODE 작업 (완료)삭제 성공하였습니다. [작업번호:9991]
13:43:49:421;IMP;[GetJobCompleteReport] .. SIM MODE 작업 추가 되었습니다.[작업번호:9991]
13:44:02:417;IMP;[DeleteJobMst] .. 정상 처리되었습니다. 작업번호[9993]
13:44:02:435;IMP;[GetJobCompleteReport] .. SIM MODE 작업 (완료)삭제 성공하였습니다. [작업번호:9993]
13:44:56:449;IMP;[DeleteJobMst] .. 정상 처리되었습니다. 작업번호[9991]
13:44:56:474;IMP;[GetJobCompleteReport] .. SIM MODE 작업 (완료)삭제 성공하였습니다. [작업번호:9991]
13:46:06:002;IMP;[DeleteJobMst] .. 정상 처리되었습니다. 작업번호[9993]
13:46:06:028;IMP;[GetJobCompleteReport] .. SIM MODE 작업 (완료)삭제 성공하였습니다. [작업번호:9993]
13:46:06:071;IMP;[GetJobCompleteReport] .. SIM MODE 작업 추가 되었습니다.[작업번호:9993]
13:46:30:981;IMP;[DeleteJobMst] .. 정상 처리되었습니다. 작업번호[9991]
13:46:31:019;IMP;[GetJobCompleteReport] .. SIM MODE 작업 (완료)삭제 성공하였습니다. [작업번호:9991]
13:46:31:065;IMP;[GetJobCompleteReport] .. SIM MODE 작업 추가 되었습니다.[작업번호:9991]
13:47:33:192;IMP;[DeleteJobMst] .. 정상 처리되었습니다. 작업번호[9993]
13:47:33:229;IMP;[GetJobCompleteReport] .. SIM MODE 작업 (완료)삭제 성공하였습니다. [작업번호:9993]
13:47:54:102;IMP;[DeleteJobMst] .. 정상 처리되었습니다. 작업번호[9991]
13:47:54:164;IMP;[GetJobCompleteReport] .. SIM MODE 작업 (완료)삭제 성공하였습니다. [작업번호:9991]
13:49:15:798;IMP;[DeleteJobMst] .. 정상 처리되었습니다. 작업번호[9993]
13:49:15:838;IMP;[GetJobCompleteReport] .. SIM MODE 작업 (완료)삭제 성공하였습니다. [작업번호:9993]
13:49:15:892;IMP;[GetJobCompleteReport] .. SIM MODE 작업 추가 되었습니다.[작업번호:9993]
13:49:35:988;IMP;[DeleteJobMst] .. 정상 처리되었습니다. 작업번호[9991]
13:49:36:054;IMP;[GetJobCompleteReport] .. SIM MODE 작업 (완료)삭제 성공하였습니다. [작업번호:9991]
13:49:36:127;IMP;[GetJobCompleteReport] .. SIM MODE 작업 추가 되었습니다.[작업번호:9991]
13:50:41:640;IMP;[DeleteJobMst] .. 정상 처리되었습니다. 작업번호[9991]
13:50:41:696;IMP;[GetJobCompleteReport] .. SIM MODE 작업 (완료)삭제 성공하였습니다. [작업번호:9991]
13:50:49:187;IMP;[DeleteJobMst] .. 정상 처리되었습니다. 작업번호[9993]
13:50:49:236;IMP;[GetJobCompleteReport] .. SIM MODE 작업 (완료)삭제 성공하였습니다. [작업번호:9993]
13:52:24:458;IMP;[DeleteJobMst] .. 정상 처리되었습니다. 작업번호[9993]
13:52:24:516;IMP;[GetJobCompleteReport] .. SIM MODE 작업 (완료)삭제 성공하였습니다. [작업번호:9993]
13:52:24:595;IMP;[GetJobCompleteReport] .. SIM MODE 작업 추가 되었습니다.[작업번호:9993]
13:52:37:145;IMP;[DeleteJobMst] .. 정상 처리되었습니다. 작업번호[9991]
13:52:37:210;IMP;[GetJobCompleteReport] .. SIM MODE 작업 (완료)삭제 성공하였습니다. [작업번호:9991]
13:52:37:298;IMP;[GetJobCompleteReport] .. SIM MODE 작업 추가 되었습니다.[작업번호:9991]
13:53:50:908;IMP;[DeleteJobMst] .. 정상 처리되었습니다. 작업번호[9993]
13:53:50:977;IMP;[GetJobCompleteReport] .. SIM MODE 작업 (완료)삭제 성공하였습니다. [작업번호:9993]
13:53:58:355;IMP;[DeleteJobMst] .. 정상 처리되었습니다. 작업번호[9991]
13:53:58:431;IMP;[GetJobCompleteReport] .. SIM MODE 작업 (완료)삭제 성공하였습니다. [작업번호:9991]
13:55:33:383;IMP;[DeleteJobMst] .. 정상 처리되었습니다. 작업번호[9991]
13:55:33:543;IMP;[GetJobCompleteReport] .. SIM MODE 작업 (완료)삭제 성공하였습니다. [작업번호:9991]
13:55:33:983;IMP;[GetJobCompleteReport] .. SIM MODE 작업 추가 되었습니다.[작업번호:9991]
13:55:48:584;IMP;[DeleteJobMst] .. 정상 처리되었습니다. 작업번호[9993]
13:55:48:677;IMP;[GetJobCompleteReport] .. SIM MODE 작업 (완료)삭제 성공하였습니다. [작업번호:9993]
13:55:48:789;IMP;[GetJobCompleteReport] .. SIM MODE 작업 추가 되었습니다.[작업번호:9993]
13:56:53:534;IMP;[DeleteJobMst] .. 정상 처리되었습니다. 작업번호[9991]
13:56:53:635;IMP;[GetJobCompleteReport] .. SIM MODE 작업 (완료)삭제 성공하였습니다. [작업번호:9991]
13:57:21:690;IMP;[DeleteJobMst] .. 정상 처리되었습니다. 작업번호[9993]
13:57:21:695;IMP;[GetJobCompleteReport] .. SIM MODE 작업 (완료)삭제 성공하였습니다. [작업번호:9993]
13:58:30:106;IMP;[DeleteJobMst] .. 정상 처리되었습니다. 작업번호[9991]
13:58:30:131;IMP;[GetJobCompleteReport] .. SIM MODE 작업 (완료)삭제 성공하였습니다. [작업번호:9991]
13:58:30:155;IMP;[GetJobCompleteReport] .. SIM MODE 작업 추가 되었습니다.[작업번호:9991]
13:59:18:027;IMP;[DeleteJobMst] .. 정상 처리되었습니다. 작업번호[9993]
13:59:18:041;IMP;[GetJobCompleteReport] .. SIM MODE 작업 (완료)삭제 성공하였습니다. [작업번호:9993]
13:59:18:069;IMP;[GetJobCompleteReport] .. SIM MODE 작업 추가 되었습니다.[작업번호:9993]
13:59:49:381;IMP;[DeleteJobMst] .. 정상 처리되었습니다. 작업번호[9991]
13:59:49:402;IMP;[GetJobCompleteReport] .. SIM MODE 작업 (완료)삭제 성공하였습니다. [작업번호:9991]
14:00:54:717;IMP;[DeleteJobMst] .. 정상 처리되었습니다. 작업번호[9993]
14:00:54:740;IMP;[GetJobCompleteReport] .. SIM MODE 작업 (완료)삭제 성공하였습니다. [작업번호:9993]
14:01:27:958;IMP;[DeleteJobMst] .. 정상 처리되었습니다. 작업번호[9991]
14:01:27:982;IMP;[GetJobCompleteReport] .. SIM MODE 작업 (완료)삭제 성공하였습니다. [작업번호:9991]
14:01:28:030;IMP;[GetJobCompleteReport] .. SIM MODE 작업 추가 되었습니다.[작업번호:9991]
14:02:45:635;IMP;[DeleteJobMst] .. 정상 처리되었습니다. 작업번호[9993]
14:02:45:719;IMP;[GetJobCompleteReport] .. SIM MODE 작업 (완료)삭제 성공하였습니다. [작업번호:9993]
14:02:45:766;IMP;[GetJobCompleteReport] .. SIM MODE 작업 추가 되었습니다.[작업번호:9993]
14:02:49:991;IMP;[DeleteJobMst] .. 정상 처리되었습니다. 작업번호[9991]
14:02:50:037;IMP;[GetJobCompleteReport] .. SIM MODE 작업 (완료)삭제 성공하였습니다. [작업번호:9991]
14:04:28:761;IMP;[DeleteJobMst] .. 정상 처리되었습니다. 작업번호[9991]
14:04:28:803;IMP;[GetJobCompleteReport] .. SIM MODE 작업 (완료)삭제 성공하였습니다. [작업번호:9991]
14:04:28:857;IMP;[GetJobCompleteReport] .. SIM MODE 작업 추가 되었습니다.[작업번호:9991]
14:04:28:925;IMP;[DeleteJobMst] .. 정상 처리되었습니다. 작업번호[9993]
14:04:28:964;IMP;[GetJobCompleteReport] .. SIM MODE 작업 (완료)삭제 성공하였습니다. [작업번호:9993]
14:05:35:308;IMP;[DeleteJobMst] .. 정상 처리되었습니다. 작업번호[9993]
14:05:35:397;IMP;[GetJobCompleteReport] .. SIM MODE 작업 (완료)삭제 성공하였습니다. [작업번호:9993]
14:05:35:596;IMP;[GetJobCompleteReport] .. SIM MODE 작업 추가 되었습니다.[작업번호:9993]
14:05:50:090;IMP;[DeleteJobMst] .. 정상 처리되었습니다. 작업번호[9991]
14:05:50:136;IMP;[GetJobCompleteReport] .. SIM MODE 작업 (완료)삭제 성공하였습니다. [작업번호:9991]
14:07:38:655;IMP;[DeleteJobMst] .. 정상 처리되었습니다. 작업번호[9991]
14:07:38:720;IMP;[GetJobCompleteReport] .. SIM MODE 작업 (완료)삭제 성공하였습니다. [작업번호:9991]
14:07:38:789;IMP;[GetJobCompleteReport] .. SIM MODE 작업 추가 되었습니다.[작업번호:9991]
14:08:59:435;IMP;[DeleteJobMst] .. 정상 처리되었습니다. 작업번호[9991]
14:08:59:512;IMP;[GetJobCompleteReport] .. SIM MODE 작업 (완료)삭제 성공하였습니다. [작업번호:9991]
14:10:47:162;IMP;[DeleteJobMst] .. 정상 처리되었습니다. 작업번호[9991]
14:10:47:232;IMP;[GetJobCompleteReport] .. SIM MODE 작업 (완료)삭제 성공하였습니다. [작업번호:9991]
14:10:47:374;IMP;[GetJobCompleteReport] .. SIM MODE 작업 추가 되었습니다.[작업번호:9991]
14:12:11:395;IMP;[DeleteJobMst] .. 정상 처리되었습니다. 작업번호[9991]
14:12:11:493;IMP;[GetJobCompleteReport] .. SIM MODE 작업 (완료)삭제 성공하였습니다. [작업번호:9991]
14:14:51:746;IMP;[DeleteJobMst] .. 정상 처리되었습니다. 작업번호[9991]
14:14:51:834;IMP;[GetJobCompleteReport] .. SIM MODE 작업 (완료)삭제 성공하였습니다. [작업번호:9991]
14:14:51:923;IMP;[GetJobCompleteReport] .. SIM MODE 작업 추가 되었습니다.[작업번호:9991]
14:16:34:988;IMP;[DeleteJobMst] .. 정상 처리되었습니다. 작업번호[9991]
14:16:35:072;IMP;[GetJobCompleteReport] .. SIM MODE 작업 (완료)삭제 성공하였습니다. [작업번호:9991]
14:16:48:770;IMP;[DeleteJobMst] .. 정상 처리되었습니다. 작업번호[9993]
14:16:48:923;IMP;[GetJobCompleteReport] .. SIM MODE 작업 (완료)삭제 성공하였습니다. [작업번호:9993]
14:18:36:093;IMP;[DeleteJobMst] .. 정상 처리되었습니다. 작업번호[9991]
14:18:36:229;IMP;[GetJobCompleteReport] .. SIM MODE 작업 (완료)삭제 성공하였습니다. [작업번호:9991]
14:18:36:353;IMP;[GetJobCompleteReport] .. SIM MODE 작업 추가 되었습니다.[작업번호:9991]
14:18:48:891;IMP;[DeleteJobMst] .. 정상 처리되었습니다. 작업번호[9993]
14:18:49:012;IMP;[GetJobCompleteReport] .. SIM MODE 작업 (완료)삭제 성공하였습니다. [작업번호:9993]
14:18:49:036;IMP;[GetJobCompleteReport] .. SIM MODE 작업 추가 되었습니다.[작업번호:9993]
14:20:08:760;IMP;[DeleteJobMst] .. 정상 처리되었습니다. 작업번호[9991]
14:20:08:770;IMP;[GetJobCompleteReport] .. SIM MODE 작업 (완료)삭제 성공하였습니다. [작업번호:9991]
14:20:18:266;IMP;[DeleteJobMst] .. 정상 처리되었습니다. 작업번호[9993]
14:20:18:276;IMP;[GetJobCompleteReport] .. SIM MODE 작업 (완료)삭제 성공하였습니다. [작업번호:9993]
14:22:03:317;IMP;[DeleteJobMst] .. 정상 처리되었습니다. 작업번호[9991]
14:22:03:340;IMP;[GetJobCompleteReport] .. SIM MODE 작업 (완료)삭제 성공하였습니다. [작업번호:9991]
14:22:03:390;IMP;[GetJobCompleteReport] .. SIM MODE 작업 추가 되었습니다.[작업번호:9991]
14:22:15:867;IMP;[DeleteJobMst] .. 정상 처리되었습니다. 작업번호[9993]
14:22:15:891;IMP;[GetJobCompleteReport] .. SIM MODE 작업 (완료)삭제 성공하였습니다. [작업번호:9993]
14:22:15:935;IMP;[GetJobCompleteReport] .. SIM MODE 작업 추가 되었습니다.[작업번호:9993]
14:23:37:448;IMP;[DeleteJobMst] .. 정상 처리되었습니다. 작업번호[9991]
14:23:37:485;IMP;[GetJobCompleteReport] .. SIM MODE 작업 (완료)삭제 성공하였습니다. [작업번호:9991]
14:23:43:882;IMP;[DeleteJobMst] .. 정상 처리되었습니다. 작업번호[9993]
14:23:43:914;IMP;[GetJobCompleteReport] .. SIM MODE 작업 (완료)삭제 성공하였습니다. [작업번호:9993]
14:25:37:050;IMP;[DeleteJobMst] .. 정상 처리되었습니다. 작업번호[9993]
14:25:37:117;IMP;[GetJobCompleteReport] .. SIM MODE 작업 (완료)삭제 성공하였습니다. [작업번호:9993]
14:25:37:167;IMP;[GetJobCompleteReport] .. SIM MODE 작업 추가 되었습니다.[작업번호:9993]
14:25:38:275;IMP;[DeleteJobMst] .. 정상 처리되었습니다. 작업번호[9991]
14:25:38:314;IMP;[GetJobCompleteReport] .. SIM MODE 작업 (완료)삭제 성공하였습니다. [작업번호:9991]
14:25:38:372;IMP;[GetJobCompleteReport] .. SIM MODE 작업 추가 되었습니다.[작업번호:9991]
14:27:00:672;IMP;[DeleteJobMst] .. 정상 처리되었습니다. 작업번호[9991]
14:27:00:716;IMP;[GetJobCompleteReport] .. SIM MODE 작업 (완료)삭제 성공하였습니다. [작업번호:9991]
14:27:19:543;IMP;[DeleteJobMst] .. 정상 처리되었습니다. 작업번호[9993]
14:27:19:593;IMP;[GetJobCompleteReport] .. SIM MODE 작업 (완료)삭제 성공하였습니다. [작업번호:9993]
14:28:48:235;IMP;[DeleteJobMst] .. 정상 처리되었습니다. 작업번호[9991]
14:28:48:298;IMP;[GetJobCompleteReport] .. SIM MODE 작업 (완료)삭제 성공하였습니다. [작업번호:9991]
14:28:48:426;IMP;[GetJobCompleteReport] .. SIM MODE 작업 추가 되었습니다.[작업번호:9991]
14:29:15:747;IMP;[DeleteJobMst] .. 정상 처리되었습니다. 작업번호[9993]
14:29:15:808;IMP;[GetJobCompleteReport] .. SIM MODE 작업 (완료)삭제 성공하였습니다. [작업번호:9993]
14:29:15:902;IMP;[GetJobCompleteReport] .. SIM MODE 작업 추가 되었습니다.[작업번호:9993]
14:30:17:202;IMP;[DeleteJobMst] .. 정상 처리되었습니다. 작업번호[9991]
14:30:17:264;IMP;[GetJobCompleteReport] .. SIM MODE 작업 (완료)삭제 성공하였습니다. [작업번호:9991]
14:30:50:898;IMP;[DeleteJobMst] .. 정상 처리되었습니다. 작업번호[9993]
14:30:50:969;IMP;[GetJobCompleteReport] .. SIM MODE 작업 (완료)삭제 성공하였습니다. [작업번호:9993]
14:32:00:049;IMP;[DeleteJobMst] .. 정상 처리되었습니다. 작업번호[9991]
14:32:00:114;IMP;[GetJobCompleteReport] .. SIM MODE 작업 (완료)삭제 성공하였습니다. [작업번호:9991]
14:32:00:211;IMP;[GetJobCompleteReport] .. SIM MODE 작업 추가 되었습니다.[작업번호:9991]
14:32:56:583;IMP;[DeleteJobMst] .. 정상 처리되었습니다. 작업번호[9993]
14:32:56:656;IMP;[GetJobCompleteReport] .. SIM MODE 작업 (완료)삭제 성공하였습니다. [작업번호:9993]
14:32:56:788;IMP;[GetJobCompleteReport] .. SIM MODE 작업 추가 되었습니다.[작업번호:9993]
14:33:31:099;IMP;[DeleteJobMst] .. 정상 처리되었습니다. 작업번호[9991]
14:33:31:211;IMP;[GetJobCompleteReport] .. SIM MODE 작업 (완료)삭제 성공하였습니다. [작업번호:9991]
14:34:39:298;IMP;[DeleteJobMst] .. 정상 처리되었습니다. 작업번호[9993]
14:34:39:406;IMP;[GetJobCompleteReport] .. SIM MODE 작업 (완료)삭제 성공하였습니다. [작업번호:9993]
14:35:22:219;IMP;[DeleteJobMst] .. 정상 처리되었습니다. 작업번호[9991]
14:35:22:311;IMP;[GetJobCompleteReport] .. SIM MODE 작업 (완료)삭제 성공하였습니다. [작업번호:9991]
14:35:22:426;IMP;[GetJobCompleteReport] .. SIM MODE 작업 추가 되었습니다.[작업번호:9991]
14:36:35:537;IMP;[DeleteJobMst] .. 정상 처리되었습니다. 작업번호[9993]
14:36:35:648;IMP;[GetJobCompleteReport] .. SIM MODE 작업 (완료)삭제 성공하였습니다. [작업번호:9993]
14:36:35:839;IMP;[GetJobCompleteReport] .. SIM MODE 작업 추가 되었습니다.[작업번호:9993]
14:36:55:461;IMP;[DeleteJobMst] .. 정상 처리되었습니다. 작업번호[9991]
14:36:55:472;IMP;[GetJobCompleteReport] .. SIM MODE 작업 (완료)삭제 성공하였습니다. [작업번호:9991]
14:38:14:891;IMP;[DeleteJobMst] .. 정상 처리되었습니다. 작업번호[9993]
14:38:14:916;IMP;[GetJobCompleteReport] .. SIM MODE 작업 (완료)삭제 성공하였습니다. [작업번호:9993]
14:38:49:587;IMP;[DeleteJobMst] .. 정상 처리되었습니다. 작업번호[9991]
14:38:49:603;IMP;[GetJobCompleteReport] .. SIM MODE 작업 (완료)삭제 성공하였습니다. [작업번호:9991]
14:38:49:643;IMP;[GetJobCompleteReport] .. SIM MODE 작업 추가 되었습니다.[작업번호:9991]
14:39:39:668;IMP;[DeleteJobMst] .. 정상 처리되었습니다. 작업번호[9993]
14:39:39:689;IMP;[GetJobCompleteReport] .. SIM MODE 작업 (완료)삭제 성공하였습니다. [작업번호:9993]
14:39:39:726;IMP;[GetJobCompleteReport] .. SIM MODE 작업 추가 되었습니다.[작업번호:9993]
14:40:11:868;IMP;[DeleteJobMst] .. 정상 처리되었습니다. 작업번호[9991]
14:40:11:900;IMP;[GetJobCompleteReport] .. SIM MODE 작업 (완료)삭제 성공하였습니다. [작업번호:9991]
14:42:08:577;IMP;[DeleteJobMst] .. 정상 처리되었습니다. 작업번호[9991]
14:42:08:605;IMP;[GetJobCompleteReport] .. SIM MODE 작업 (완료)삭제 성공하였습니다. [작업번호:9991]
14:42:08:661;IMP;[GetJobCompleteReport] .. SIM MODE 작업 추가 되었습니다.[작업번호:9991]
14:43:42:872;IMP;[DeleteJobMst] .. 정상 처리되었습니다. 작업번호[9991]
14:43:42:904;IMP;[GetJobCompleteReport] .. SIM MODE 작업 (완료)삭제 성공하였습니다. [작업번호:9991]
14:45:41:345;IMP;[DeleteJobMst] .. 정상 처리되었습니다. 작업번호[9991]
14:45:41:378;IMP;[GetJobCompleteReport] .. SIM MODE 작업 (완료)삭제 성공하였습니다. [작업번호:9991]
14:45:41:460;IMP;[GetJobCompleteReport] .. SIM MODE 작업 추가 되었습니다.[작업번호:9991]
14:47:18:750;IMP;[DeleteJobMst] .. 정상 처리되었습니다. 작업번호[9991]
14:47:18:790;IMP;[GetJobCompleteReport] .. SIM MODE 작업 (완료)삭제 성공하였습니다. [작업번호:9991]
14:49:16:737;IMP;[DeleteJobMst] .. 정상 처리되었습니다. 작업번호[9991]
14:49:16:796;IMP;[GetJobCompleteReport] .. SIM MODE 작업 (완료)삭제 성공하였습니다. [작업번호:9991]
14:49:16:917;IMP;[GetJobCompleteReport] .. SIM MODE 작업 추가 되었습니다.[작업번호:9991]
14:50:52:431;IMP;[DeleteJobMst] .. 정상 처리되었습니다. 작업번호[9991]
14:50:52:478;IMP;[GetJobCompleteReport] .. SIM MODE 작업 (완료)삭제 성공하였습니다. [작업번호:9991]
14:52:52:879;IMP;[DeleteJobMst] .. 정상 처리되었습니다. 작업번호[9991]
14:52:52:935;IMP;[GetJobCompleteReport] .. SIM MODE 작업 (완료)삭제 성공하였습니다. [작업번호:9991]
14:52:53:012;IMP;[GetJobCompleteReport] .. SIM MODE 작업 추가 되었습니다.[작업번호:9991]
14:54:29:954;IMP;[DeleteJobMst] .. 정상 처리되었습니다. 작업번호[9991]
14:54:30:013;IMP;[GetJobCompleteReport] .. SIM MODE 작업 (완료)삭제 성공하였습니다. [작업번호:9991]
14:56:32:428;IMP;[DeleteJobMst] .. 정상 처리되었습니다. 작업번호[9991]
14:56:32:508;IMP;[GetJobCompleteReport] .. SIM MODE 작업 (완료)삭제 성공하였습니다. [작업번호:9991]
14:56:32:623;IMP;[GetJobCompleteReport] .. SIM MODE 작업 추가 되었습니다.[작업번호:9991]
14:58:08:893;IMP;[DeleteJobMst] .. 정상 처리되었습니다. 작업번호[9991]
14:58:08:952;IMP;[GetJobCompleteReport] .. SIM MODE 작업 (완료)삭제 성공하였습니다. [작업번호:9991]
15:00:09:969;IMP;[DeleteJobMst] .. 정상 처리되었습니다. 작업번호[9991]
15:00:10:031;IMP;[GetJobCompleteReport] .. SIM MODE 작업 (완료)삭제 성공하였습니다. [작업번호:9991]
15:00:10:115;IMP;[GetJobCompleteReport] .. SIM MODE 작업 추가 되었습니다.[작업번호:9991]
15:01:47:702;IMP;[DeleteJobMst] .. 정상 처리되었습니다. 작업번호[9991]
15:01:47:786;IMP;[GetJobCompleteReport] .. SIM MODE 작업 (완료)삭제 성공하였습니다. [작업번호:9991]
15:03:50:021;IMP;[DeleteJobMst] .. 정상 처리되었습니다. 작업번호[9991]
15:03:50:168;IMP;[GetJobCompleteReport] .. SIM MODE 작업 (완료)삭제 성공하였습니다. [작업번호:9991]
15:03:50:273;IMP;[GetJobCompleteReport] .. SIM MODE 작업 추가 되었습니다.[작업번호:9991]
15:05:26:590;IMP;[DeleteJobMst] .. 정상 처리되었습니다. 작업번호[9991]
15:05:26:755;IMP;[GetJobCompleteReport] .. SIM MODE 작업 (완료)삭제 성공하였습니다. [작업번호:9991]
15:07:31:112;IMP;[DeleteJobMst] .. 정상 처리되었습니다. 작업번호[9991]
15:07:31:190;IMP;[GetJobCompleteReport] .. SIM MODE 작업 (완료)삭제 성공하였습니다. [작업번호:9991]
15:07:31:373;IMP;[GetJobCompleteReport] .. SIM MODE 작업 추가 되었습니다.[작업번호:9991]
15:09:09:760;IMP;[DeleteJobMst] .. 정상 처리되었습니다. 작업번호[9991]
15:09:09:772;IMP;[GetJobCompleteReport] .. SIM MODE 작업 (완료)삭제 성공하였습니다. [작업번호:9991]
15:11:17:080;IMP;[DeleteJobMst] .. 정상 처리되었습니다. 작업번호[9991]
15:11:17:087;IMP;[GetJobCompleteReport] .. SIM MODE 작업 (완료)삭제 성공하였습니다. [작업번호:9991]
15:11:17:112;IMP;[GetJobCompleteReport] .. SIM MODE 작업 추가 되었습니다.[작업번호:9991]
15:12:56:577;IMP;[DeleteJobMst] .. 정상 처리되었습니다. 작업번호[9991]
15:12:56:590;IMP;[GetJobCompleteReport] .. SIM MODE 작업 (완료)삭제 성공하였습니다. [작업번호:9991]
15:15:01:338;IMP;[DeleteJobMst] .. 정상 처리되었습니다. 작업번호[9991]
15:15:01:354;IMP;[GetJobCompleteReport] .. SIM MODE 작업 (완료)삭제 성공하였습니다. [작업번호:9991]
15:15:01:398;IMP;[GetJobCompleteReport] .. SIM MODE 작업 추가 되었습니다.[작업번호:9991]
15:16:43:561;IMP;[DeleteJobMst] .. 정상 처리되었습니다. 작업번호[9991]
15:16:43:593;IMP;[GetJobCompleteReport] .. SIM MODE 작업 (완료)삭제 성공하였습니다. [작업번호:9991]
15:18:51:352;IMP;[DeleteJobMst] .. 정상 처리되었습니다. 작업번호[9991]
15:18:51:377;IMP;[GetJobCompleteReport] .. SIM MODE 작업 (완료)삭제 성공하였습니다. [작업번호:9991]
15:18:51:422;IMP;[GetJobCompleteReport] .. SIM MODE 작업 추가 되었습니다.[작업번호:9991]
15:20:35:217;IMP;[DeleteJobMst] .. 정상 처리되었습니다. 작업번호[9991]
15:20:35:248;IMP;[GetJobCompleteReport] .. SIM MODE 작업 (완료)삭제 성공하였습니다. [작업번호:9991]
15:22:43:981;IMP;[DeleteJobMst] .. 정상 처리되었습니다. 작업번호[9991]
15:22:44:016;IMP;[GetJobCompleteReport] .. SIM MODE 작업 (완료)삭제 성공하였습니다. [작업번호:9991]
15:22:44:072;IMP;[GetJobCompleteReport] .. SIM MODE 작업 추가 되었습니다.[작업번호:9991]
15:23:42:272;IMP;[DeleteJobMst] .. 정상 처리되었습니다. 작업번호[9991]
15:23:42:328;IMP;[GetJobCompleteReport] .. SIM MODE 작업 (완료)삭제 성공하였습니다. [작업번호:9991]
15:25:06:500;IMP;[DeleteJobMst] .. 정상 처리되었습니다. 작업번호[9991]
15:25:06:545;IMP;[GetJobCompleteReport] .. SIM MODE 작업 (완료)삭제 성공하였습니다. [작업번호:9991]
15:25:06:611;IMP;[GetJobCompleteReport] .. SIM MODE 작업 추가 되었습니다.[작업번호:9991]
15:26:04:806;IMP;[DeleteJobMst] .. 정상 처리되었습니다. 작업번호[9991]
15:26:04:852;IMP;[GetJobCompleteReport] .. SIM MODE 작업 (완료)삭제 성공하였습니다. [작업번호:9991]
15:27:29:362;IMP;[DeleteJobMst] .. 정상 처리되었습니다. 작업번호[9991]
15:27:29:423;IMP;[GetJobCompleteReport] .. SIM MODE 작업 (완료)삭제 성공하였습니다. [작업번호:9991]
15:27:29:514;IMP;[GetJobCompleteReport] .. SIM MODE 작업 추가 되었습니다.[작업번호:9991]
15:28:28:507;IMP;[DeleteJobMst] .. 정상 처리되었습니다. 작업번호[9991]
15:28:28:657;IMP;[GetJobCompleteReport] .. SIM MODE 작업 (완료)삭제 성공하였습니다. [작업번호:9991]
15:29:52:271;IMP;[DeleteJobMst] .. 정상 처리되었습니다. 작업번호[9991]
15:29:52:394;IMP;[GetJobCompleteReport] .. SIM MODE 작업 (완료)삭제 성공하였습니다. [작업번호:9991]
15:29:52:491;IMP;[GetJobCompleteReport] .. SIM MODE 작업 추가 되었습니다.[작업번호:9991]
15:30:50:496;IMP;[DeleteJobMst] .. 정상 처리되었습니다. 작업번호[9991]
15:30:50:556;IMP;[GetJobCompleteReport] .. SIM MODE 작업 (완료)삭제 성공하였습니다. [작업번호:9991]
15:32:14:468;IMP;[DeleteJobMst] .. 정상 처리되었습니다. 작업번호[9991]
15:32:14:623;IMP;[GetJobCompleteReport] .. SIM MODE 작업 (완료)삭제 성공하였습니다. [작업번호:9991]
15:32:14:715;IMP;[GetJobCompleteReport] .. SIM MODE 작업 추가 되었습니다.[작업번호:9991]
15:33:15:065;IMP;[DeleteJobMst] .. 정상 처리되었습니다. 작업번호[9991]
15:33:15:150;IMP;[GetJobCompleteReport] .. SIM MODE 작업 (완료)삭제 성공하였습니다. [작업번호:9991]
15:34:40:528;IMP;[DeleteJobMst] .. 정상 처리되었습니다. 작업번호[9991]
15:34:40:614;IMP;[GetJobCompleteReport] .. SIM MODE 작업 (완료)삭제 성공하였습니다. [작업번호:9991]
15:34:40:707;IMP;[GetJobCompleteReport] .. SIM MODE 작업 추가 되었습니다.[작업번호:9991]
15:35:42:783;IMP;[DeleteJobMst] .. 정상 처리되었습니다. 작업번호[9991]
15:35:42:881;IMP;[GetJobCompleteReport] .. SIM MODE 작업 (완료)삭제 성공하였습니다. [작업번호:9991]
15:37:10:263;IMP;[DeleteJobMst] .. 정상 처리되었습니다. 작업번호[9991]
15:37:10:354;IMP;[GetJobCompleteReport] .. SIM MODE 작업 (완료)삭제 성공하였습니다. [작업번호:9991]
15:37:10:472;IMP;[GetJobCompleteReport] .. SIM MODE 작업 추가 되었습니다.[작업번호:9991]
15:38:11:605;IMP;[DeleteJobMst] .. 정상 처리되었습니다. 작업번호[9991]
15:38:11:730;IMP;[GetJobCompleteReport] .. SIM MODE 작업 (완료)삭제 성공하였습니다. [작업번호:9991]
15:39:37:681;IMP;[DeleteJobMst] .. 정상 처리되었습니다. 작업번호[9991]
15:39:37:695;IMP;[GetJobCompleteReport] .. SIM MODE 작업 (완료)삭제 성공하였습니다. [작업번호:9991]
15:39:37:721;IMP;[GetJobCompleteReport] .. SIM MODE 작업 추가 되었습니다.[작업번호:9991]
15:40:41:844;IMP;[DeleteJobMst] .. 정상 처리되었습니다. 작업번호[9991]
15:40:41:856;IMP;[GetJobCompleteReport] .. SIM MODE 작업 (완료)삭제 성공하였습니다. [작업번호:9991]
15:42:08:352;IMP;[DeleteJobMst] .. 정상 처리되었습니다. 작업번호[9991]
15:42:08:366;IMP;[GetJobCompleteReport] .. SIM MODE 작업 (완료)삭제 성공하였습니다. [작업번호:9991]
15:42:08:395;IMP;[GetJobCompleteReport] .. SIM MODE 작업 추가 되었습니다.[작업번호:9991]
15:43:11:856;IMP;[DeleteJobMst] .. 정상 처리되었습니다. 작업번호[9991]
15:43:11:888;IMP;[GetJobCompleteReport] .. SIM MODE 작업 (완료)삭제 성공하였습니다. [작업번호:9991]
15:44:42:047;IMP;[DeleteJobMst] .. 정상 처리되었습니다. 작업번호[9991]
15:44:42:068;IMP;[GetJobCompleteReport] .. SIM MODE 작업 (완료)삭제 성공하였습니다. [작업번호:9991]
15:44:42:109;IMP;[GetJobCompleteReport] .. SIM MODE 작업 추가 되었습니다.[작업번호:9991]
15:45:47:384;IMP;[DeleteJobMst] .. 정상 처리되었습니다. 작업번호[9991]
15:45:47:411;IMP;[GetJobCompleteReport] .. SIM MODE 작업 (완료)삭제 성공하였습니다. [작업번호:9991]
15:47:19:963;IMP;[DeleteJobMst] .. 정상 처리되었습니다. 작업번호[9991]
15:47:20:043;IMP;[GetJobCompleteReport] .. SIM MODE 작업 (완료)삭제 성공하였습니다. [작업번호:9991]
15:47:20:101;IMP;[GetJobCompleteReport] .. SIM MODE 작업 추가 되었습니다.[작업번호:9991]
15:48:26:959;IMP;[DeleteJobMst] .. 정상 처리되었습니다. 작업번호[9991]
15:48:26:996;IMP;[GetJobCompleteReport] .. SIM MODE 작업 (완료)삭제 성공하였습니다. [작업번호:9991]
17:08:53:254;IMP;이상 발생.DB Logout...
17:08:53:351;IMP;통신 쓰레드를 종료합니다.
17:08:57:436;IMP;DB 로그인 중...
17:08:57:483;IMP;DB 로그인 성공.
17:09:12:593;ERR;Failed to establish a connection to '10.117.3.174'.
   SELECT  SIM_MODE
    FROM  HOST_IF_LOG          
   WHERE  WH_TYP = '10'
ORDER BY  INS_DT DESC     LIMIT 1
17:09:27:762;ERR;Failed to establish a connection to '10.117.3.174'.
17:09:27:814;IMP;이상 발생.DB Logout...
17:09:27:909;IMP;통신 쓰레드를 종료합니다.
17:09:32:004;IMP;DB 로그인 중...
17:09:32:069;IMP;DB 로그인 성공.
17:09:47:158;ERR;Failed to establish a connection to '10.117.3.174'.
   SELECT  SIM_MODE
    FROM  HOST_IF_LOG          
   WHERE  WH_TYP = '10'
ORDER BY  INS_DT DESC     LIMIT 1
17:09:47:250;ERR;위치 0에 행이 없습니다.
17:09:47:317;IMP;이상 발생.DB Logout...
17:09:47:387;IMP;통신 쓰레드를 종료합니다.
17:09:51:534;IMP;DB 로그인 중...
17:09:51:612;IMP;DB 로그인 성공.
17:09:52:690;IMP;리모트 시스템과 연결 실패 !(10061)
17:10:07:918;ERR;Failed to establish a connection to '10.117.3.174'.
   SELECT  SIM_MODE
    FROM  HOST_IF_LOG          
   WHERE  WH_TYP = '10'
ORDER BY  INS_DT DESC     LIMIT 1
17:10:08:003;ERR;위치 0에 행이 없습니다.
17:10:08:087;IMP;이상 발생.DB Logout...
17:10:08:162;IMP;통신 쓰레드를 종료합니다.
17:10:12:308;IMP;DB 로그인 중...
17:10:12:383;IMP;DB 로그인 성공.
17:10:27:521;ERR;Failed to establish a connection to '10.117.3.174'.
   SELECT  SIM_MODE
    FROM  HOST_IF_LOG          
   WHERE  WH_TYP = '10'
ORDER BY  INS_DT DESC     LIMIT 1
17:10:27:615;ERR;위치 0에 행이 없습니다.
17:10:27:698;IMP;이상 발생.DB Logout...
17:10:27:769;IMP;통신 쓰레드를 종료합니다.
17:10:31:894;IMP;DB 로그인 중...
17:10:31:974;IMP;DB 로그인 성공.
